/*
SQLyog Ultimate v8.32 
MySQL - 5.5.24-log : Database - tp_hr
*********************************************************************
*/

/*!40101 SET NAMES utf8 */;

/*!40101 SET SQL_MODE=''*/;

/*!40014 SET @OLD_UNIQUE_CHECKS=@@UNIQUE_CHECKS, UNIQUE_CHECKS=0 */;
/*!40014 SET @OLD_FOREIGN_KEY_CHECKS=@@FOREIGN_KEY_CHECKS, FOREIGN_KEY_CHECKS=0 */;
/*!40101 SET @OLD_SQL_MODE=@@SQL_MODE, SQL_MODE='NO_AUTO_VALUE_ON_ZERO' */;
/*!40111 SET @OLD_SQL_NOTES=@@SQL_NOTES, SQL_NOTES=0 */;
CREATE DATABASE /*!32312 IF NOT EXISTS*/`tp_hr` /*!40100 DEFAULT CHARACTER SET latin1 */;

/*Table structure for table `budgets` */

DROP TABLE IF EXISTS `budgets`;

CREATE TABLE `budgets` (
  `id` smallint(6) NOT NULL AUTO_INCREMENT,
  `en` varchar(50) NOT NULL,
  `kh` varchar(50) DEFAULT NULL,
  `is_deleted` tinyint(1) NOT NULL DEFAULT '0',
  `created_by` int(11) DEFAULT NULL,
  `created_at` datetime DEFAULT NULL,
  `updated_by` int(11) DEFAULT NULL,
  `updated_at` datetime DEFAULT NULL,
  PRIMARY KEY (`id`)
) ENGINE=InnoDB AUTO_INCREMENT=3 DEFAULT CHARSET=utf8;

/*Data for the table `budgets` */

insert  into `budgets`(`id`,`en`,`kh`,`is_deleted`,`created_by`,`created_at`,`updated_by`,`updated_at`) values (1,'testing','សាក',0,NULL,NULL,NULL,NULL),(2,'testing1','សាក១',0,NULL,NULL,NULL,NULL);

/*Table structure for table `bunsiness_types` */

DROP TABLE IF EXISTS `bunsiness_types`;

CREATE TABLE `bunsiness_types` (
  `id` tinyint(4) NOT NULL AUTO_INCREMENT,
  `en` varchar(50) NOT NULL,
  `kh` varchar(50) DEFAULT NULL,
  `description` varchar(255) DEFAULT NULL,
  `created_by` int(11) DEFAULT NULL,
  `created_at` datetime DEFAULT NULL,
  `updated_by` int(11) DEFAULT NULL,
  `updated_at` datetime DEFAULT NULL,
  PRIMARY KEY (`id`)
) ENGINE=InnoDB AUTO_INCREMENT=4 DEFAULT CHARSET=utf8;

/*Data for the table `bunsiness_types` */

insert  into `bunsiness_types`(`id`,`en`,`kh`,`description`,`created_by`,`created_at`,`updated_by`,`updated_at`) values (1,'hotell','សន្ថាគា',NULL,NULL,NULL,NULL,NULL),(2,'casino','កាស៊ីណូ',NULL,NULL,NULL,NULL,NULL),(3,'carash','ការ៉ាស់សាំង',NULL,NULL,NULL,NULL,NULL);

/*Table structure for table `communes` */

DROP TABLE IF EXISTS `communes`;

CREATE TABLE `communes` (
  `id` smallint(6) NOT NULL AUTO_INCREMENT,
  `en` varchar(50) NOT NULL,
  `kh` varchar(50) DEFAULT NULL,
  `district_id` smallint(6) NOT NULL,
  `created_by` int(11) DEFAULT NULL,
  `created_at` datetime DEFAULT NULL,
  `updated_by` int(11) DEFAULT NULL,
  `updated_at` datetime DEFAULT NULL,
  PRIMARY KEY (`id`)
) ENGINE=InnoDB AUTO_INCREMENT=3 DEFAULT CHARSET=utf8;

/*Data for the table `communes` */

insert  into `communes`(`id`,`en`,`kh`,`district_id`,`created_by`,`created_at`,`updated_by`,`updated_at`) values (1,'long vek','លង្វែក',1,NULL,NULL,NULL,NULL),(2,'kampong tralach','កំពង់ត្រឡាច',1,NULL,NULL,NULL,NULL);

/*Table structure for table `config` */

DROP TABLE IF EXISTS `config`;

CREATE TABLE `config` (
  `id` smallint(6) NOT NULL AUTO_INCREMENT,
  `en` varchar(50) NOT NULL,
  `kh` varchar(50) DEFAULT NULL,
  `code` varchar(10) NOT NULL,
  `con_value` varchar(50) NOT NULL,
  `description` varchar(255) DEFAULT NULL,
  `created_by` int(11) DEFAULT NULL,
  `created_at` datetime DEFAULT NULL,
  `updated_by` int(11) DEFAULT NULL,
  `updated_at` datetime DEFAULT NULL,
  PRIMARY KEY (`id`)
) ENGINE=InnoDB DEFAULT CHARSET=utf8;

/*Data for the table `config` */

/*Table structure for table `contract_types` */

DROP TABLE IF EXISTS `contract_types`;

CREATE TABLE `contract_types` (
  `id` tinyint(4) NOT NULL AUTO_INCREMENT,
  `en` varchar(50) NOT NULL,
  `kh` varchar(50) DEFAULT NULL,
  `created_by` int(11) DEFAULT NULL,
  `created_at` datetime DEFAULT NULL,
  `updated_by` int(11) DEFAULT NULL,
  `updated_at` datetime DEFAULT NULL,
  PRIMARY KEY (`id`)
) ENGINE=InnoDB AUTO_INCREMENT=4 DEFAULT CHARSET=utf8;

/*Data for the table `contract_types` */

insert  into `contract_types`(`id`,`en`,`kh`,`created_by`,`created_at`,`updated_by`,`updated_at`) values (1,'Limit','មានកំណត់',NULL,NULL,NULL,NULL),(2,'Unlimit','មិនកំណត់',NULL,NULL,NULL,NULL),(3,'Project','តាមគម្រោង',NULL,NULL,NULL,NULL);

/*Table structure for table `deductions` */

DROP TABLE IF EXISTS `deductions`;

CREATE TABLE `deductions` (
  `id` int(11) NOT NULL AUTO_INCREMENT,
  `employee_id` int(11) NOT NULL,
  `deduction_date` date NOT NULL,
  `amount` int(11) NOT NULL,
  `description` varchar(255) NOT NULL,
  `is_deleted` tinyint(4) NOT NULL DEFAULT '0',
  `created_by` int(11) NOT NULL,
  `created_at` datetime NOT NULL,
  `updated_by` int(11) NOT NULL,
  `updated_at` datetime NOT NULL,
  PRIMARY KEY (`id`)
) ENGINE=InnoDB AUTO_INCREMENT=2 DEFAULT CHARSET=utf8;

/*Data for the table `deductions` */

insert  into `deductions`(`id`,`employee_id`,`deduction_date`,`amount`,`description`,`is_deleted`,`created_by`,`created_at`,`updated_by`,`updated_at`) values (1,57,'2015-05-21',82,'This is testing',1,1,'2015-05-20 22:51:35',0,'2015-05-20 22:51:51');

/*Table structure for table `departments` */

DROP TABLE IF EXISTS `departments`;

CREATE TABLE `departments` (
  `id` tinyint(4) NOT NULL AUTO_INCREMENT,
  `en` varchar(50) NOT NULL,
  `kh` varchar(50) DEFAULT NULL,
  `description` varchar(255) DEFAULT NULL,
  `is_deleted` tinyint(1) NOT NULL DEFAULT '0',
  `created_by` int(11) DEFAULT NULL,
  `created_at` datetime DEFAULT NULL,
  `updated_by` int(11) DEFAULT NULL,
  `updated_at` datetime DEFAULT NULL,
  `order` tinyint(4) NOT NULL DEFAULT '0',
  PRIMARY KEY (`id`)
) ENGINE=InnoDB AUTO_INCREMENT=17 DEFAULT CHARSET=utf8;

/*Data for the table `departments` */

insert  into `departments`(`id`,`en`,`kh`,`description`,`is_deleted`,`created_by`,`created_at`,`updated_by`,`updated_at`,`order`) values (1,'IT','ព័ត៌មានវិទ្យា',NULL,0,NULL,NULL,NULL,NULL,6),(2,'Finance and Accounting','ហិរញ្ញវត្ថុ និង គណនេយ្យ',NULL,0,NULL,NULL,NULL,NULL,3),(3,'Admin and HR','រដ្ឋបាល និង ធនធានមនុស្ស',NULL,0,NULL,NULL,NULL,NULL,4),(4,'Documentation','ឯកសារ និង រូបភាព',NULL,0,NULL,NULL,NULL,NULL,8),(6,'Tourism','ទេសចរណ៍',NULL,0,NULL,NULL,NULL,NULL,9),(8,'Archi and Construction','ស្ថាបត្យកម្ម និង សំណង់',NULL,0,NULL,NULL,NULL,NULL,5),(9,'Business and Marketing','អាជីវកម្ម និង ទីផ្សារ',NULL,0,NULL,NULL,NULL,NULL,2),(11,'Bodyguard (DG)','អង្គរក្ស',NULL,0,NULL,NULL,NULL,NULL,10),(12,'Management','គ្រប់គ្រង',NULL,0,NULL,NULL,NULL,NULL,1),(13,'Agro-Industry','កសិ-ឧស្សាហកម្ម',NULL,0,NULL,NULL,NULL,NULL,7),(14,'Security','សន្តិសុខ',NULL,0,NULL,NULL,NULL,NULL,12),(15,'Bodyguard (DG\'s Child)','អង្គរក្ស',NULL,0,NULL,NULL,NULL,NULL,11),(16,'Gas Station','ស្ថានីប្រេងឥន្ធនៈ',NULL,0,NULL,NULL,NULL,NULL,11);

/*Table structure for table `districts` */

DROP TABLE IF EXISTS `districts`;

CREATE TABLE `districts` (
  `id` smallint(6) NOT NULL AUTO_INCREMENT,
  `en` varchar(50) NOT NULL,
  `kh` varchar(50) DEFAULT NULL,
  `province_id` tinyint(4) NOT NULL,
  `created_by` int(11) DEFAULT NULL,
  `created_at` datetime DEFAULT NULL,
  `updated_by` int(11) DEFAULT NULL,
  `updated_at` datetime DEFAULT NULL,
  PRIMARY KEY (`id`)
) ENGINE=InnoDB AUTO_INCREMENT=3 DEFAULT CHARSET=utf8;

/*Data for the table `districts` */

insert  into `districts`(`id`,`en`,`kh`,`province_id`,`created_by`,`created_at`,`updated_by`,`updated_at`) values (1,'kampong tralach','កំពង់ត្រឡាច',1,NULL,NULL,NULL,NULL),(2,'samky meanchey','សាមគ្គីមានជ័យ',1,NULL,NULL,NULL,NULL);

/*Table structure for table `employee_statuss` */

DROP TABLE IF EXISTS `employee_statuss`;

CREATE TABLE `employee_statuss` (
  `id` tinyint(4) NOT NULL AUTO_INCREMENT,
  `en` varchar(25) NOT NULL,
  `kh` varchar(25) DEFAULT NULL,
  `description` varchar(255) DEFAULT NULL,
  `created_by` int(11) DEFAULT NULL,
  `created_at` datetime DEFAULT NULL,
  `updated_by` int(11) DEFAULT NULL,
  `updated_at` datetime DEFAULT NULL,
  PRIMARY KEY (`id`)
) ENGINE=InnoDB AUTO_INCREMENT=5 DEFAULT CHARSET=utf8;

/*Data for the table `employee_statuss` */

insert  into `employee_statuss`(`id`,`en`,`kh`,`description`,`created_by`,`created_at`,`updated_by`,`updated_at`) values (1,'Active','កំពុងបម្រើការងារ',NULL,NULL,NULL,NULL,NULL),(2,'Dismissed','បញ្ឈប់ពីការងារ',NULL,NULL,NULL,NULL,NULL),(3,'Resigned','សុំឈប់ពីការងារ',NULL,NULL,NULL,NULL,NULL),(4,'In-ctive','កំពុងបម្រើការងារ',NULL,NULL,NULL,NULL,NULL);

/*Table structure for table `employee_types` */

DROP TABLE IF EXISTS `employee_types`;

CREATE TABLE `employee_types` (
  `id` tinyint(4) NOT NULL AUTO_INCREMENT,
  `en` varchar(25) NOT NULL,
  `kh` varchar(25) DEFAULT NULL,
  `created_by` int(11) DEFAULT NULL,
  `created_at` datetime DEFAULT NULL,
  `updated_by` int(11) DEFAULT NULL,
  `updated_at` datetime DEFAULT NULL,
  PRIMARY KEY (`id`)
) ENGINE=InnoDB AUTO_INCREMENT=4 DEFAULT CHARSET=utf8;

/*Data for the table `employee_types` */

insert  into `employee_types`(`id`,`en`,`kh`,`created_by`,`created_at`,`updated_by`,`updated_at`) values (1,'Full Time','ពេញម៉ោង',NULL,NULL,NULL,NULL),(2,'Part Time','ក្រៅម៉ោង',NULL,NULL,NULL,NULL),(3,'Full Time_Fuel','ពេញម៉ោង_ប្រេងឥន្ធនៈ',NULL,NULL,NULL,NULL);

/*Table structure for table `employees` */

DROP TABLE IF EXISTS `employees`;

CREATE TABLE `employees` (
  `id` int(11) NOT NULL AUTO_INCREMENT,
  `code` varchar(10) NOT NULL,
  `en` varchar(50) NOT NULL,
  `kh` varchar(50) NOT NULL,
  `gender_id` tinyint(4) DEFAULT NULL,
  `title_id` tinyint(4) DEFAULT NULL,
  `photo` varchar(100) DEFAULT NULL,
  `family_status_id` tinyint(4) DEFAULT NULL,
  `number_child` tinyint(4) DEFAULT NULL,
  `employee_type_id` tinyint(4) DEFAULT NULL,
  `employee_status_id` tinyint(4) DEFAULT NULL,
  `organization_id` tinyint(4) DEFAULT NULL,
  `department_id` tinyint(4) DEFAULT NULL,
  `section_id` tinyint(4) DEFAULT NULL,
  `position_id` tinyint(4) DEFAULT NULL,
  `level_id` tinyint(4) DEFAULT NULL,
  `salary` float DEFAULT '0',
  `monthly_bonus` float DEFAULT '0',
  `food_fee` float DEFAULT '0',
  `phone_fee` float DEFAULT '0',
  `gasoline_fee` float DEFAULT '0',
  `account_number` varchar(20) DEFAULT NULL,
  `pay_every_id` tinyint(4) DEFAULT NULL,
  `budget_id` smallint(6) DEFAULT NULL,
  `contract_type_id` tinyint(4) DEFAULT NULL,
  `start_date` date DEFAULT NULL,
  `end_date` date DEFAULT NULL,
  `end_probation_date` date DEFAULT NULL,
  `telephone` varchar(25) DEFAULT NULL,
  `email` varchar(50) DEFAULT NULL,
  `address` varchar(255) DEFAULT NULL,
  `dob` date DEFAULT NULL,
  `pob` varchar(255) DEFAULT NULL,
  `nationality_id` smallint(6) DEFAULT NULL,
  `other` varchar(255) DEFAULT NULL,
  `is_locked` tinyint(1) DEFAULT '0',
  `is_deleted` tinyint(1) DEFAULT '0',
  `created_by` int(11) DEFAULT NULL,
  `created_at` datetime DEFAULT NULL,
  `updated_by` int(11) DEFAULT NULL,
  `updated_at` datetime DEFAULT NULL,
  PRIMARY KEY (`id`),
  KEY `id` (`id`)
) ENGINE=InnoDB AUTO_INCREMENT=690 DEFAULT CHARSET=utf8;

/*Data for the table `employees` */

insert  into `employees`(`id`,`code`,`en`,`kh`,`gender_id`,`title_id`,`photo`,`family_status_id`,`number_child`,`employee_type_id`,`employee_status_id`,`organization_id`,`department_id`,`section_id`,`position_id`,`level_id`,`salary`,`monthly_bonus`,`food_fee`,`phone_fee`,`gasoline_fee`,`account_number`,`pay_every_id`,`budget_id`,`contract_type_id`,`start_date`,`end_date`,`end_probation_date`,`telephone`,`email`,`address`,`dob`,`pob`,`nationality_id`,`other`,`is_locked`,`is_deleted`,`created_by`,`created_at`,`updated_by`,`updated_at`) values (1,'HO-0001','hour bunthoeun','ហួ ប៊ុនធឿន',1,1,'HO-0001_14238430811.jpg',1,0,1,1,2,1,1,1,6,0,0,0,0,0,'No account number',1,1,1,'2015-01-07','2015-01-25','2015-01-29','aa','aa','aa','2015-01-21','Ounlogn Tnout, Long Vek, Kampong Tralach, Kampong Chhnang.\r\nភូមិ អន្លង់ត្នោត ឃុំ​លង្វែក ស្រុក​កំពង់ត្រឡាច ខែត្ត​កំពង់ឆ្នាំង',1,NULL,NULL,1,1,NULL,1,'2015-02-16 16:27:18'),(3,'HO0002','Chhorn Makara','ឈន មករា',1,1,'HO0002_14220701601.JPG',1,0,NULL,1,2,2,NULL,NULL,NULL,0,0,0,0,0,NULL,NULL,NULL,NULL,NULL,NULL,NULL,NULL,NULL,NULL,'1988-10-13',' fdvv sdvds vs vsd',1,NULL,0,1,NULL,'2015-01-19 07:43:09',1,'2015-02-04 07:36:43'),(5,'HO0002','Chhorn Makara','ឈន មករា',NULL,NULL,'HO0002_14216535181.JPG',NULL,NULL,NULL,1,2,2,NULL,NULL,NULL,0,0,0,0,0,NULL,NULL,NULL,NULL,NULL,NULL,NULL,NULL,NULL,NULL,NULL,NULL,NULL,NULL,0,1,NULL,'2015-01-19 07:45:18',1,'2015-02-04 07:36:40'),(7,'dsdfsdf','fsd','f dfds fsdf',NULL,NULL,'dsdfsdf_14216570271.JPG',NULL,NULL,NULL,1,1,2,NULL,NULL,NULL,0,0,0,0,0,NULL,NULL,NULL,NULL,NULL,NULL,NULL,NULL,NULL,NULL,NULL,NULL,NULL,NULL,0,1,NULL,'2015-01-19 08:43:47',1,'2015-01-22 02:25:25'),(8,'dsdfsdf','fsd','f dfds fsdf',NULL,NULL,'dsdfsdf_14216570641.JPG',NULL,NULL,NULL,1,1,1,NULL,NULL,NULL,0,0,0,0,0,NULL,NULL,NULL,NULL,NULL,NULL,NULL,NULL,NULL,NULL,NULL,NULL,NULL,NULL,0,1,NULL,'2015-01-19 08:44:24',NULL,'2015-01-22 01:28:06'),(10,'dsdfsdf','fsd','f dfds fsdf',NULL,NULL,'dsdfsdf_14216572361.JPG',NULL,NULL,NULL,1,1,1,NULL,NULL,NULL,0,0,0,0,0,NULL,NULL,NULL,NULL,NULL,NULL,NULL,NULL,NULL,NULL,NULL,NULL,NULL,NULL,0,1,NULL,'2015-01-19 08:47:16',1,'2015-02-04 07:36:36'),(13,'HO0005','Pann Samoeun','ប៉ាន សំអឿន',1,NULL,'HO0005_14218980821.JPG',NULL,NULL,NULL,1,1,NULL,NULL,NULL,NULL,0,0,0,0,0,NULL,NULL,NULL,NULL,NULL,NULL,NULL,NULL,NULL,NULL,NULL,NULL,NULL,NULL,0,1,1,'2015-01-22 03:41:22',1,'2015-02-04 07:36:30'),(14,'efwe','efwe','fewf',0,NULL,NULL,NULL,NULL,NULL,1,1,NULL,NULL,NULL,NULL,0,0,0,0,0,NULL,NULL,NULL,NULL,NULL,NULL,NULL,NULL,NULL,NULL,NULL,NULL,NULL,NULL,0,1,1,'2015-02-13 20:14:11',1,'2015-02-16 15:57:59'),(15,'HO-023','Penh Vibol','ពេញ វិបុល',1,1,'HO-023_14238628511.jpg',2,1,1,1,1,3,0,6,3,0,0,0,0,0,'',1,0,2,'2014-05-01',NULL,'2014-07-01','089 310 360','vibol.penh@trypheapgroup.com','#C24, Betong Street, Tangov village, Niroath quarter, Chbar Ampov district, Phnom Penh, Cambodia.','1984-08-07','Trapeang Lean village, Chambok commune, Bati district, Takeo province, Cambodia.',1,NULL,0,0,1,'2015-02-13 21:27:31',15,'2015-05-09 13:38:13'),(16,'HO-019','Him Hong Bing','ហ៊ីម ហុងពីង',1,1,'HR-019_142591823511.png',2,2,1,1,1,9,0,13,3,0,0,0,0,0,'',1,0,2,'2014-06-02',NULL,NULL,'088 888 883 7','hongbing.him@trypheapgroup.com','#28E0E1, Street 223, Phsar Deumko quarter, Toul Kork district, Phnom Penh, Cambodia.','1983-06-10','',1,NULL,0,0,1,'2015-02-14 19:03:26',11,'2015-05-01 21:45:07'),(17,'HO-001','Yim Sokun','យឹម សុគន្ធ',1,1,'HO-001_142565927310.jpg',2,0,1,1,1,9,0,18,1,0,0,0,0,0,'',1,0,2,'2009-05-01',NULL,NULL,'088 915 555 1','sokun.yim@trypheapgroup.com','',NULL,'',0,NULL,0,0,1,'2015-02-14 19:34:45',11,'2015-06-08 17:52:08'),(18,'HO-002','Chhorn Sophal','ឈន សុផល',1,1,'HO-002_142601101210.jpg',2,3,1,1,1,8,11,18,1,0,0,0,0,0,'',1,0,2,'2009-01-01',NULL,NULL,'097 337 777 7','sophal.chhorn@trypheapgroup.com','','1964-12-07','',1,NULL,0,0,1,'2015-02-14 19:38:45',11,'2015-06-08 17:55:50'),(19,'HO-003','Bun Sokphoung','ប៊ុន សុខភួង',2,4,'HO-003_142601062510.jpg',2,0,1,1,1,2,0,4,1,0,0,0,0,0,'',1,0,2,'2012-04-01',NULL,NULL,'088 776 977 6','sophoung.bun@trypheapgroup.com','','1983-04-02','',1,NULL,0,0,1,'2015-02-14 19:43:36',15,'2015-05-09 13:50:31'),(20,'HO-004','Sam Phany','សម ផានី',1,1,'HO-004_142566112310.jpg',2,2,1,1,1,3,0,7,1,0,0,0,0,0,'',1,0,2,'2012-04-01',NULL,NULL,'012 827 826','phany.sam@trypheapgroup.com','#19, St. 105, Boeng Keng Kang II, Chamkar Mon, Phnom Penh, Cambodia.','1965-02-15','#19, St. 105, BoengKengkangII, Chamkar Mon Phnom Penh ',1,NULL,0,0,1,'2015-02-14 20:05:01',15,'2015-05-09 13:36:55'),(21,'HO-005','Meas Borarethy','មាស បូរ៉ារិទ្ធី',1,1,'HO-005_142599600611.png',2,3,1,1,1,8,0,11,2,0,0,0,0,0,'',1,0,2,'2012-04-01',NULL,NULL,'012 898 697','borarethy.meas@trypheapgroup.com','#209, street 63, Boeng Keng Kang I quarter, Tonle Basak district, Phnom Penh, Cambodia.','1980-07-10','Village 6, Quarter 6, Chamkar Mon district, Phnom Penh, Cambodia.',1,NULL,0,0,1,'2015-02-14 20:10:23',11,'2015-06-08 17:56:18'),(22,'HO-006','Ek Rotha','ឯក រដ្ឋា',1,1,'HO-006_142567566411.jpg',2,0,1,1,1,4,0,15,1,0,0,0,0,0,'',1,0,2,'2013-08-01',NULL,NULL,'077 811 825','ratha.ek@trypheapgroup.com','','1973-10-21','#14E, Betong street, Teuk Thla village, Teuk Thla quarter, Sen Sok district, Phnom Penh, Cambodia',1,NULL,0,0,1,'2015-02-14 20:13:51',15,'2015-05-09 14:06:44'),(23,'HO-009','Vann Ny','វ៉ាន់ នី',1,1,'HO-009_142566552710.JPG',1,0,1,1,1,9,0,13,5,0,0,0,0,0,'',1,0,2,'2013-07-01',NULL,NULL,'097 687 688 6','vann.ny@trypheapgroup.com','Mall Village, Sakat Dongkor, Khan Dongkor, Phnom Penh Cambodia ','1985-01-01','8 Village, Choy Takeov Commune, Koshthom Distric,Kandal Province ',1,NULL,0,0,1,'2015-02-14 20:19:04',11,'2015-05-01 21:57:38'),(24,'HO-010','Pen Sothy','ប៉ែន សុធី',1,1,'HO-010_142601449910.jpg',2,2,1,1,1,9,0,12,4,0,0,0,0,0,'',1,0,2,'2012-01-13',NULL,NULL,'097 860 633 3','sothy.pen@trypheapgroup.com','','1982-06-07','',1,NULL,0,0,1,'2015-02-16 15:14:05',11,'2015-05-01 21:52:59'),(25,'HO-011','Sok Chamroeurn','សុខ ចំរើន',1,1,'HO-011_142601586710.jpg',2,3,1,1,1,8,0,14,3,0,0,0,0,0,'',1,0,2,'2011-08-01',NULL,NULL,'092 773 345','chamroeurn.sok@trypheapgroup.com','','1979-10-10','',1,NULL,0,0,1,'2015-02-16 15:19:26',11,'2015-06-08 17:56:49'),(26,'HO-012','Heng Samnang','ហេង សំណាង',1,1,'HO-012_142601090810.jpg',2,1,1,1,1,2,0,1,3,0,0,0,0,0,'',1,0,2,'2013-09-01',NULL,NULL,'097 665 547 4','samnang.heng@trypheapgroup.com','Sangkat Toeuk thla, Khan Sen Sok, Phnom Penh, Cambodia					\r\n\r\n','1987-06-02','Boeung Nimol Village, Boeung Commune, Chhouk District, Kampot Province					\r\n',1,NULL,0,0,1,'2015-02-16 15:42:47',15,'2015-05-09 13:54:43'),(27,'HO-013','Ra Nouviboth','រ៉ា នូវិបុត្រ',1,1,'HO-013_142566048610.JPG',1,0,1,1,1,3,13,24,5,0,0,0,0,0,'',1,0,2,'2014-08-08',NULL,NULL,'088 217 333 3','nouviboth.ra@trypheapgroup.com','#33K St 265 Group 38 Village 13 Sangkat Teuk Laak 3, Khan Toul Kok, Phnom Penh					\r\n','1994-12-07','Sangkat Teuk Laak 3, Khan Toul Kok, Phnom Penh					\r\n\r\n',1,NULL,0,0,1,'2015-02-16 15:46:21',15,'2015-05-09 13:38:39'),(28,'HO-014','Dol Ratana','ឌុល រតនា',1,1,'HO-014_142591756511.png',2,0,1,1,1,8,0,20,3,0,0,0,0,0,'',1,0,2,'2012-12-02',NULL,NULL,'097 331 118 8','ratana.dol@trypheapgroup.com','#3D, Damnak Thom village, Stung Meanchey quarter, Meanchey district, Phnom Penh, Cambodia.','1988-01-05','Prey Krala Khang Lech village, Touk Meas commune, Banteay Meas district, Kampot province,Cambodia.',1,NULL,0,0,1,'2015-02-16 15:52:31',15,'2015-05-09 14:03:27'),(29,'HO-015','Morng Men','ម៉ោង ម៉េន',1,1,'HO-015_142601131410.jpg',1,0,1,1,1,2,0,1,3,0,0,0,0,0,'',1,0,2,'2013-05-27',NULL,NULL,'098 400 502','men.morng@trypheapgroup.com','Chomreounphal Village, Sangkat Steng Menchey, Khan Menchey, Phnom Penh					\r\n','1984-06-13','Baray Village, Komplax Commune, Sreysanthor Disctrict, K. Cham					\r\n',1,NULL,0,0,1,'2015-02-16 15:55:11',15,'2015-05-09 14:11:17'),(30,'HO-016','Sreng Reacheata','ស្រេង រាជាតា',1,1,'HO-016_142601082310.jpg',2,0,1,1,1,3,0,8,5,0,0,0,0,0,'',1,0,2,'2013-05-06',NULL,NULL,'012 530 632','reacheata.sreng@trypheapgroup.com','#19, St. 105, Sangkat Beok Kengkang I, Khan Tolkork, Phnom Penh, Cambodia.','1988-09-18','#19, St. 105, Sangkat Beok Kengkang I, Khan Tolkork, Phnom Penh, Cambodia.',1,NULL,0,0,1,'2015-02-16 15:58:36',15,'2015-05-09 13:39:31'),(31,'HO-017','Hun Thul','ហ៊ុន ធុល',1,1,'HO-017_142626070010.jpg',2,2,1,1,1,11,0,42,1,0,0,0,0,0,'',1,0,2,'2012-04-01',NULL,NULL,'088 333 357 4','thol.hun@trypheapgroup.com','Chrorlong Village, Thbeng Commune, Kandalsteng District, Kandal Province','1970-03-10','Anglongvill Village, Anglongvill Commune, Kondeng District, Pursat Commune',1,NULL,0,0,1,'2015-02-16 16:02:04',15,'2015-05-09 14:07:12'),(32,'HO-018','Kang Pich','កង ពេជ្រ',1,1,'HO-018_142566674710.jpg',2,1,1,1,1,3,0,17,6,0,0,0,0,0,'',1,0,2,'2013-01-01',NULL,NULL,'081 920 077','pich.kang@trypheapgroup.com','#196, Group 85K,Chomka Ovlek Village, Kakap Commun, Dongkor, Phnom Penh','1985-02-27','Please of Birth\r\n\r\nPrey Klong Village, Veal Commune, Kong Pisey, Kampong Sper Province \r\n\r\nPresent Address:\r\n\r\n#196, Group 85K,Chomka Ovlek Village, Kakap Commun, Dongkor, Phnom Penh',1,NULL,0,0,1,'2015-02-16 16:11:33',15,'2015-05-09 13:39:53'),(33,'HO-020','Sak Chanthabon','សាក់ ចន្ថាបុណ្យ',1,1,'HO-020_142601052010.jpg',2,2,1,1,1,4,0,15,1,0,0,0,0,0,'',1,0,2,'2013-12-17',NULL,NULL,'012 779 293','chanthabon.sak@trypheapgroup.com','Bory 100khnong Village, Sangkat Teokthla, Khan Sen Sok Phnom Penh Cambodia','1975-08-04','',1,NULL,0,0,1,'2015-02-16 16:28:13',15,'2015-05-09 14:06:31'),(34,'HO-021','Hin Pitou','ហ៊ឹន ពិទូរ្យ',1,1,'HO-021_142566166510.jpg',2,2,1,1,1,8,0,14,3,0,0,0,0,0,'',1,0,2,'2014-03-19',NULL,NULL,'016 983 984','pitou.hin@trypheapgroup.com','#128DE, St. 215, Sangkat Vealvong, Khan 7 makara, Phnom Penh Canbodia','1983-12-28','#128DE, St. 215, Sangkat Vealvong, Khan 7 makara, Phnom Penh Canbodia',1,NULL,0,0,1,'2015-02-16 16:33:14',11,'2015-06-08 17:57:03'),(35,'HO-022','Mao Sokhon','ម៉ៅ សុខន',1,1,'HO-022_142566030710.jpg',1,0,1,1,1,2,0,1,3,0,0,0,0,0,'',0,0,2,'2014-04-21',NULL,NULL,'012 727 320','sokhon.mao@trypheapgroup.com','Kbal Tomnub, Sangkat Kbal Tomnub, Phnom Penh, Cambodia','1979-10-17','Kbal Tomnub, Sangkat Kbal Tomnub, Phnom Penh, Cambodia',1,NULL,0,0,1,'2015-02-16 16:36:49',15,'2015-05-09 14:10:59'),(36,'Test-001','Testing User','testing',1,NULL,NULL,NULL,NULL,NULL,1,1,NULL,NULL,NULL,NULL,0,0,0,0,0,NULL,NULL,NULL,NULL,NULL,NULL,NULL,NULL,NULL,NULL,NULL,NULL,NULL,NULL,0,1,1,'2015-02-16 19:57:14',1,'2015-02-16 21:06:12'),(37,'test-002','Testing User','testing 2',1,NULL,NULL,NULL,NULL,NULL,1,1,NULL,NULL,NULL,NULL,0,0,0,0,0,NULL,NULL,NULL,NULL,NULL,NULL,NULL,NULL,NULL,NULL,NULL,NULL,NULL,NULL,0,1,1,'2015-02-16 19:59:18',1,'2015-02-16 21:06:15'),(38,'test-003','Testing User','test user',1,2,NULL,0,NULL,NULL,1,1,NULL,NULL,NULL,NULL,0,0,0,0,0,NULL,NULL,NULL,NULL,NULL,NULL,NULL,'','testing@trypheapgroup.com','',NULL,'',0,NULL,0,1,1,'2015-02-16 20:17:47',1,'2015-02-16 21:06:02'),(39,'HO-024','Hay Him','ហៃ ហ៊ីម',1,1,'HO-024_142566136410.jpg',1,0,1,1,1,13,21,9,1,0,0,0,0,0,'',1,0,2,'2014-06-02',NULL,NULL,'012 767 810','him.hay@trypheapgroup.com','','1983-03-10','',1,NULL,0,0,1,'2015-02-16 20:24:21',15,'2015-05-09 14:05:10'),(40,'HO-025','Ly Theam','លី ធៀុំុម',1,1,'HO-025_142566154210.JPG',2,2,1,1,1,2,4,28,4,0,0,0,20,40,'',1,0,2,'2014-08-25',NULL,NULL,'011 696 469','theam.ly@trypheapgroup.com','Sangkat Teok LaokIII, Khan Toulkork, Phnom Penh, Cambodia','1980-04-04','Kampong Thmor Village, Kampong Thmor Commune, Kampong Thom Province.',1,NULL,0,0,1,'2015-02-24 14:44:19',15,'2015-05-09 14:11:53'),(41,'HO-019','Him Hongbing','ហ៊ីម ហុងពីង',1,1,NULL,2,2,1,1,1,9,0,23,0,0,0,0,0,0,NULL,NULL,0,2,'2014-06-02',NULL,NULL,'099 718 168','hongbing.him@trypheapgroup.com','','1983-06-10','',1,NULL,0,1,1,'2015-02-24 15:00:50',11,'2015-03-06 15:06:39'),(43,'HO-026','Chim Socheat','ជិម សុជាតិ',1,1,'HO-026_142608956510.JPG',1,NULL,1,1,1,3,0,8,5,0,0,0,0,0,'',1,0,2,'2014-11-08',NULL,NULL,'011 884 999','socheat.chim@trypheapgroup.com','Khan Toulkork, Phnom Penh Cambodia','1987-07-07','Don Ken Village, Samrong Commune, Samroung District, Ordormenchey Province, Cambodia',1,NULL,0,0,1,'2015-02-24 15:26:23',15,'2015-05-09 13:39:17'),(44,'HO-027','Yit Chantha','យិត ចន្ថា',1,2,'HO-027_142566171410.JPG',1,NULL,1,3,1,2,0,3,0,0,0,0,0,0,'',1,0,0,'2014-10-01',NULL,NULL,'012 983 615','chantha.yit@trypheapgroup.com','','1982-08-19','',1,NULL,0,1,1,'2015-02-24 15:29:28',11,'2015-04-22 13:16:42'),(45,'HO-028','Pann Samoeun','ប៉ាន់ សំអឿន',1,1,'HO-028_142565723911.jpg',2,2,1,1,1,1,0,25,1,0,0,0,0,0,'',1,0,2,'2014-10-01',NULL,NULL,'012 882 933','samoeun.pann@trypheapgroup.com','Pong Peay Village, Phnom Penh Thmey, Sen Sok, Phnom Penh','1976-10-01','',1,NULL,0,0,1,'2015-02-24 15:39:28',15,'2015-05-09 13:57:24'),(46,'HO-029','Khet Khon','ខិត ខុន',1,1,'HO-029_142619622010.jpg',1,0,1,3,1,3,0,24,0,0,0,0,0,0,'',1,0,2,'2014-12-01',NULL,NULL,'090 550 928','khon.khet@trypheapgroup.com','#18C, St. K4A, Sangkat Teok Thla, Khan Sensok, Phnom Penh Cambodia','1990-01-30','Bosmeas Village, Porpel Commune, Boribor District, Kampong Chnang Province ',1,NULL,0,1,1,'2015-02-24 15:42:47',11,'2015-05-09 13:41:47'),(47,'HO-030','Hav Seng','ហាវ សេង',1,1,'HO-030_142566140610.JPG',1,NULL,1,1,1,2,4,28,4,0,0,0,10,30,'',1,0,2,'2014-12-01',NULL,NULL,'087 888 014','seng.hav@trypheapgroup.com','#28, St. 60, Sangkat ToeklakI, Khan Toulkork Phnom Penh Cambodia','1982-12-10','Or Tres Commune, Stoeung Hav District, Kompong Som					\r\n',1,NULL,0,0,1,'2015-02-24 15:50:12',15,'2015-05-09 14:11:38'),(48,'HO-031','Phoung Soklay','ភួង សុខឡាយ',1,1,'HO-031_142566161010.JPG',2,1,1,1,1,2,4,28,4,0,0,0,10,30,'',1,0,2,'2014-12-01',NULL,NULL,'092 920 792','soklay.phoung@trypheapgroup.com','Mresprov Village, Chombok Commune, Bati District, Takeo					\r\n','1983-07-15','Mresprov Village, Chombok Commune, Bati District, Takeo					\r\n',1,NULL,0,0,1,'2015-02-24 15:52:49',15,'2015-05-09 13:55:42'),(49,'HO-032','Reourn Bonaro','រឿន បូណារ៉ូ',1,1,'HO-032_142627806610.jpg',1,NULL,1,1,1,14,23,29,7,0,0,0,0,0,'',1,0,2,'2013-05-22',NULL,NULL,'010863 245','','Roung Machin Village, Sangkat Savylong, Kondeng District, Pousat Province.','1988-03-23','Roung Machin Village, Sangkat Savylong, Kondeng District, Pousat Province.',1,NULL,0,0,1,'2015-02-24 15:56:38',15,'2015-05-09 14:16:00'),(50,'HO-033','Ka Demong','ការ ឌីម៉ង់',1,1,NULL,1,NULL,1,1,1,14,23,29,7,0,0,0,0,0,'',1,0,2,'2014-07-05',NULL,NULL,'097 767 6801','','','1991-01-27','',1,NULL,0,0,1,'2015-02-24 15:58:09',15,'2015-05-09 14:15:49'),(51,'HO-034','Pring Thol','ព្រីង ថុល',1,1,'HO-034_142627796710.jpg',2,5,1,1,1,14,23,29,7,0,0,0,0,0,'',1,0,2,'2014-07-17',NULL,NULL,'012 360 449','','Sompovemeas Village, Sampovemeas Commune, Batambong District Bathambong Province.','1966-05-02','Sompovemeas Village, Sampovemeas Commune, Batambong District Bathambong Province.',1,NULL,0,0,1,'2015-02-24 16:00:09',15,'2015-05-09 14:15:37'),(52,'HO-034','Eoeurn Sopheak','អឿន សុភ័ក្រ្ត',1,1,'HO-034_142627768510.jpg',2,1,1,1,1,14,17,29,7,0,0,0,0,0,'',1,0,2,'2013-02-10',NULL,NULL,'096 406 0475','','Kanhchom Village, Kanchom Commune, Peareang District, Preyveang Province.','1991-01-07','Kanhchom Village, Kanchom Commune, Peareang District, Preyveang Province.',1,NULL,0,0,1,'2015-02-24 16:08:31',15,'2015-05-09 14:15:18'),(53,'HO-035','Roeun Lambada','រឿន ឡាំបាដា',1,1,'HO-035_142654243010.jpg',1,NULL,1,1,1,14,23,29,0,0,0,0,0,0,'',1,0,1,'2013-01-11','2015-03-12',NULL,'010 727 536','','Roung Machin Village, Sangkat Savylong, Kondeng District, Pousat Province.','1990-12-23','Roung Machin Village, Sangkat Savylong, Kondeng District, Pousat Province.',1,NULL,0,1,1,'2015-02-24 16:19:22',11,'2015-04-23 15:00:49'),(54,'HO-036','Ky Saksatheapanha','គី សក្តិសាឍ្ឍាបញ្ញា',1,1,'HO-036_142661151610.JPG',1,NULL,1,1,1,8,10,5,3,0,0,0,0,0,'',1,0,2,'2014-12-11',NULL,'2015-03-10','097 822 2223','panha.ky@trypheapgroup.com','#9B, St. 168, Sangkat Toul Tompong I, Khan Toulkork, Phom Penh Cambodia','1989-07-07','#9B, St. 168, Sangkat Toul Tompong I, Khan Toulkork, Phom Penh Cambodia',1,NULL,0,0,1,'2015-02-24 16:21:25',15,'2015-05-09 14:03:43'),(55,'HO-037','Eng Samlim','អ៊ឹង ស៊ាមលីម',1,1,'HO-037_142565896210.JPG',1,NULL,1,1,1,13,21,10,3,0,0,0,0,0,'',1,0,2,'2015-01-07',NULL,NULL,'088 952 1052','seamlim.oeung@trypheapgroup.com','#56, Sangkat Chaom Chao, Khan Pusenchey, Phnom Penh Cambodia','1991-05-20','Kampong Cham Province',1,NULL,0,0,1,'2015-02-24 16:23:49',15,'2015-05-09 14:05:27'),(56,'HO-038','Em Vinea','អ៊ឹម វិនា',1,1,'HO-038_142566457510.JPG',2,NULL,1,1,1,2,0,27,2,0,0,0,0,0,'',0,0,2,'2015-01-01',NULL,NULL,'089 886 878','vinea.em@trypheapgroup.com','Boeng Keng Kang, Chamkamon, Phnom Penh, Cambodia','1988-06-27','Klalort Village, Kampong Trach Commune, Romeas Hek District, Svay Rieng Province',1,NULL,0,0,1,'2015-02-24 16:26:26',15,'2015-05-09 13:52:40'),(57,'HO-039','Hour Bunthoeun','ហួរ ប៊ុនធឿន',1,1,'HO-039_142601608010.jpg',1,NULL,1,1,1,1,0,26,3,0,0,0,0,0,'',1,0,2,'2015-01-05',NULL,NULL,'012 669 251','bunthoeun.hour@trypheapgroup.com','ភូមិ​អន្លង់​ត្នោត​ ឃុំលង្វែក ស្រុក​កំពង់​ត្រឡាច ខែត្ត​កំពង់ឆ្នាំង','1988-10-13','ភូមិ​អន្លង់​ត្នោត​ ឃុំលង្វែក ស្រុក​កំពង់​ត្រឡាច ខែត្ត​កំពង់ឆ្នាំង',1,NULL,0,0,1,'2015-02-24 16:29:55',1,'2015-06-19 10:08:29'),(58,'HO-040','Ham Phalla','ហំ ផល្លា',1,1,'HO-040_142566437610.JPG',1,NULL,1,1,1,2,0,30,0,0,0,0,0,0,'',1,0,2,'2015-01-05',NULL,NULL,'017 464 777','phalla.ham@trypheapgroup.com','Sangkat Toeuk thla, Khan Sen Sok, Phnom Penh, Cambodia					\r\n','1984-04-15','Boeung Nimol Village, Boeung Commune, Chhouk District, Kampot Province					\r\n',1,NULL,0,1,1,'2015-02-24 16:31:47',11,'2015-04-03 16:48:49'),(59,'HO-042','Nhoung Vuthy','ញ៉ូង វុទ្ធី',1,1,'HO-042_142601535310.jpg',2,2,1,1,1,9,8,22,5,0,0,0,0,0,'',1,0,2,'2015-01-05',NULL,NULL,'069 748 967','vuthy.nhoung@trypheapgroup.com','','1985-03-12','Brasat Village, Chock Village, Brorsat Sombo, Kampong Cham.',1,NULL,0,0,1,'2015-02-24 16:39:11',11,'2015-05-26 18:53:35'),(60,'HO-043','Chou Thirith','ជូ ធីរិទ្ធ',1,1,'HO-043_142601501610.jpg',2,2,1,1,1,9,0,13,0,0,1000,0,0,0,'',1,0,2,'2015-01-19',NULL,NULL,'086 964 624','thirith.chou@trypheapgroup.com','Sangkat OresyII, Khan 7makara, Phnom Penh Cambodia','1976-12-16','Sangkat OresyII, Khan 7makara, Phnom Penh Cambodia',1,NULL,0,1,1,'2015-02-24 16:41:45',11,'2015-05-01 21:27:46'),(61,'HO-044','Kong Ratanak','គង់ រតនៈ',1,1,'HO-044_142601568910.jpg',2,NULL,1,1,1,2,0,2,0,0,0,0,0,0,'',1,0,2,'2015-01-26',NULL,NULL,'016 400 066','ratanak.kong@trypheapgroup.com','Russey 1 Village, Group 3, Sangkat Stengmeanchey, Phnom Penh','1981-06-03','Chongkroch, Reap commune, Pearang District, Preyveng Province ',1,NULL,0,1,1,'2015-02-24 16:43:36',11,'2015-04-22 13:16:57'),(62,'HO-045','Thy Barang','ធី បារាំង',1,1,'HO-045_142601670410.jpg',1,NULL,1,1,1,13,21,10,3,0,0,0,0,0,'',1,0,2,'2015-01-02',NULL,NULL,'092 942 427','barang.thy@trypheapgroup.com','46 Village, Chub Commune, Tboung khmum, Tboung Khmum Province','1992-03-07','46 Village, Chub Commune, Tboung khmum, Tboung Khmum Province',1,NULL,0,0,1,'2015-02-24 16:55:43',15,'2015-05-09 14:05:37'),(63,'HO-052','Tin Kong','ទីន គង់',1,1,'HO-052_142627871810.png',2,1,1,1,1,14,23,29,7,0,0,0,0,0,'',1,0,2,'2014-10-07',NULL,NULL,'097 746 6999','','Stovekong Village, Sperkor commune, Baphnom District, Kampong Chnange Province','1989-02-10','Stovekong Village, Sperkor commune, Baphnom District, Kampong Chnange Province',1,NULL,0,0,1,'2015-02-24 16:57:34',15,'2015-05-09 14:16:08'),(64,'HO-053','Kim Sovann','គឹម សុវណ្ណ',1,1,'HO-053_142653989010.jpg',2,NULL,1,1,1,14,23,31,0,0,0,0,0,0,'',1,0,1,'2015-01-01','2015-03-12',NULL,'097 779 954 00','','Trea Village, Sangkat Steng Meanchey, Khan Meanchey Phnom Penh Cambodia\r\n ',NULL,'This isn\'t his photo',0,NULL,0,1,1,'2015-02-24 16:59:18',11,'2015-04-23 15:01:12'),(65,'HO-054','Chhen Nisaroeun','ឆេន នីសារឿន',1,1,NULL,2,1,1,1,1,9,16,33,6,0,0,0,0,0,'',1,0,2,'2015-02-01',NULL,'2015-04-30',NULL,NULL,NULL,'1980-10-10','',1,NULL,0,0,1,'2015-02-26 16:42:02',11,'2015-05-25 15:01:41'),(66,'N/A','Chan Vichet','ច័ន្ទ វិចិត្រ',1,1,NULL,2,2,1,1,1,3,12,45,2,0,0,0,0,0,'',1,0,2,NULL,NULL,NULL,'012 899 238','','',NULL,'',1,NULL,0,0,1,'2015-02-26 18:13:21',15,'2015-05-09 13:37:42'),(67,'HO-008','Teav Vinam','ទាវ វីណាំ',1,1,'HO-008_142600689510.jpg',2,1,1,1,1,9,0,13,3,0,0,0,0,0,'',1,0,2,'2013-01-01',NULL,NULL,'088 888 4816','','',NULL,'',1,NULL,0,0,1,'2015-02-26 18:16:32',11,'2015-05-01 21:52:15'),(68,'N/A','Han Chantola','ហាន់ ចាន់តុលា',1,1,NULL,1,1,1,1,1,9,8,22,0,0,0,0,0,0,'',1,0,2,NULL,NULL,NULL,NULL,NULL,NULL,NULL,'',1,NULL,0,1,1,'2015-02-26 18:22:38',11,'2015-03-30 20:56:46'),(69,'N/A','Ou Sitha','អ៊ូ ស៊ីថា',1,1,NULL,1,NULL,3,1,1,9,8,22,0,0,0,0,0,0,NULL,NULL,0,2,NULL,NULL,NULL,NULL,NULL,NULL,NULL,'',1,NULL,0,1,1,'2015-02-26 18:33:17',11,'2015-04-04 18:07:35'),(70,'N/A','Ka Kimsroeun','ខា គីមស្រឿន',1,1,NULL,1,NULL,1,1,1,9,8,0,0,0,0,0,0,0,NULL,NULL,0,2,NULL,NULL,NULL,'','','',NULL,'',1,NULL,0,1,1,'2015-02-26 18:36:38',11,'2015-04-04 18:08:33'),(71,'N/A','Kel David','កែល ដេវិត',1,1,NULL,1,NULL,1,1,1,9,8,0,0,0,0,0,0,0,NULL,NULL,0,2,NULL,NULL,NULL,NULL,NULL,NULL,NULL,'',1,NULL,0,1,1,'2015-02-26 18:40:54',11,'2015-03-31 18:23:14'),(72,'N/A','Roeun Sopheara','រឿន សុភារ៉ា',1,1,NULL,1,NULL,3,1,1,9,8,41,0,0,0,0,0,0,NULL,NULL,0,2,NULL,NULL,NULL,NULL,NULL,NULL,NULL,'',1,NULL,0,1,1,'2015-02-26 18:45:58',11,'2015-04-04 18:08:48'),(73,'N/A','Sroy Mara','ស្រូយ ម៉ារ៉ា',1,1,NULL,1,NULL,1,1,1,9,8,22,0,0,0,0,0,0,NULL,NULL,0,2,NULL,NULL,NULL,NULL,NULL,NULL,NULL,'',1,NULL,0,1,1,'2015-02-26 19:05:59',11,'2015-04-04 18:08:59'),(74,'N/A','Thon Sreytouch','ថុន ស្រីតូច',2,2,NULL,1,NULL,3,1,1,9,8,41,0,0,0,0,0,0,NULL,NULL,0,2,NULL,NULL,NULL,NULL,NULL,NULL,NULL,'',1,NULL,0,1,1,'2015-02-26 19:10:43',11,'2015-03-31 18:21:30'),(76,'N/A','Chhin Somaly','ឈិន សុម៉ាលី',2,2,NULL,1,NULL,1,1,1,9,8,0,0,0,0,0,0,0,NULL,NULL,0,1,NULL,NULL,NULL,NULL,NULL,NULL,NULL,'',1,NULL,0,1,8,'2015-02-28 15:27:00',11,'2015-03-31 18:19:42'),(77,'N/A','Chea Chenda','ជា ចិន្តា',2,2,NULL,1,NULL,1,1,1,9,8,0,0,0,0,0,0,0,NULL,NULL,0,2,NULL,NULL,NULL,NULL,NULL,NULL,NULL,'',1,NULL,0,1,8,'2015-02-28 15:29:38',11,'2015-03-23 13:16:21'),(78,'N/A','Nim Sina','នីម ស៊ីណា',2,2,NULL,1,NULL,1,1,1,9,8,0,0,0,0,0,0,0,NULL,NULL,0,2,NULL,NULL,NULL,NULL,NULL,NULL,NULL,'',1,NULL,0,1,8,'2015-02-28 15:32:45',11,'2015-04-04 18:09:07'),(79,'N/A','Ngoun Makara','ងួន មករា',1,1,'id_79_142653698810.jpg',2,NULL,1,1,1,11,18,43,3,0,0,0,0,0,'',1,0,2,'2013-01-05',NULL,NULL,'088 44 3333','','St. 537, Domnakthom, Stengmeanchey, Khan Menchey, Phnom Penh Cambodia',NULL,'Koktanhoung Village, Prushnetprush Commune, Prushnetprush District, Batambong Province.',1,NULL,0,0,8,'2015-03-02 13:34:19',15,'2015-05-09 14:08:02'),(80,'N/A','Keang Heng','គៀង ហេង',1,1,'id_80_142653683010.jpg',1,NULL,1,1,1,11,18,43,3,0,0,0,0,0,'',1,0,2,'2009-10-01',NULL,NULL,'088 3333 475','','#38, St. 302, Sanagkat Beongkengkang, Khan Chomkarmon Phnom Penh',NULL,'02 Village, 04 Commune, Mitapheap District, Prashihanok Province.',1,NULL,0,0,8,'2015-03-02 14:32:28',15,'2015-05-09 14:07:40'),(81,'N/A','Chhin Monika','ឈិន មុន្នីកា',1,1,NULL,2,NULL,1,1,1,11,18,43,3,0,0,0,0,0,'',1,0,2,NULL,NULL,NULL,NULL,NULL,NULL,NULL,'',1,NULL,0,0,8,'2015-03-02 14:36:41',15,'2015-05-09 14:09:07'),(82,'N/A','Dim Rattanak','ឌឹម រតនៈ',1,1,'id_82_142653671910.jpg',2,NULL,1,1,1,11,18,43,3,0,0,0,0,0,'',1,0,2,'2013-01-05',NULL,NULL,'070 999 961','','Preck Samroung Village, Takhmao, Kroung Takhmao, Kandal Province',NULL,'',1,NULL,0,0,8,'2015-03-02 14:41:47',15,'2015-05-09 14:08:36'),(83,'N/A','Sok Sitha','សុខ ស៊ីថា',1,1,'id_83_142653853510.jpg',2,NULL,1,1,1,11,18,43,3,0,0,0,0,0,'',1,0,2,'2013-01-05',NULL,NULL,'','','Boengkrochapcherng Village, Precktamak Commune,Khsach Kandal District, Kandal Province.',NULL,'Preckkok Village, Preckkok Commune, Stengtrong District Kampong Cham Province.',1,NULL,0,0,8,'2015-03-02 14:53:15',15,'2015-05-09 14:08:23'),(84,'N/A','Seourng Hakry','សៀង ហាក់គ្រី',1,1,'id_84_142653798010.jpg',1,NULL,1,1,1,11,0,43,3,0,0,0,0,0,'',1,0,2,'2013-01-05',NULL,NULL,'012 300 234','','Roung Domrey Village, Phnom Touch, Ordong District, Kampongspeur Province',NULL,'Roung Domrey Village, Phnom Touch, Ordong District, Kampongspeur Province',1,NULL,0,0,8,'2015-03-02 15:01:37',15,'2015-05-09 14:08:11'),(85,'N/A','Nin Sopheak','និន សុភ័ក្រ្ត',1,1,'id_85_142653738710.jpg',2,NULL,1,1,1,15,22,44,6,0,0,0,0,0,'',1,0,2,'2015-02-06',NULL,NULL,'012 609 708','','Choung Prey Village, Ampil Pray Commune, Kandalsteng District, Kandal Province.',NULL,'Chombokthom Village, Romeng Village, Kosh Aondet District, Takeo Province',1,NULL,0,0,8,'2015-03-02 15:05:05',15,'2015-05-09 14:14:04'),(86,'N/A','Pav Sokmean','ប៉ាវ សុខមាន',1,1,'id_86_142653776910.jpg',2,NULL,1,1,1,15,22,44,6,0,0,0,0,0,'',1,0,2,'2015-02-06',NULL,NULL,'097 432 1717','','Roluse Village, Dermrusy Commune, Kandalsteng District, Kandal Province',NULL,'Roluse Village, Dermrusy Commune, Kandalsteng District, Kandal Province',1,NULL,0,0,8,'2015-03-02 15:07:53',15,'2015-05-09 14:13:41'),(87,'N/A','Phat Vanna','ផាត់ វណ្ណា',1,1,'id_87_142653767110.jpg',2,2,1,1,1,15,22,44,6,0,0,0,0,0,'',1,0,2,'2015-02-09',NULL,NULL,'012 207 090','','Tangsdok Village, Chvang Commune, Punhealeur District Kandal Province.',NULL,'Krangrolus Village, Rolangken Commune, Kandalsteng District, Kandal Province',1,NULL,0,0,8,'2015-03-02 15:11:41',15,'2015-05-09 14:13:23'),(88,'N/A','Prum Sopheak','ព្រហ្ម សុភ័ក្ត',1,1,'id_88_142653781310.jpg',1,NULL,1,1,1,15,22,44,6,0,0,0,0,0,'',1,0,2,'2015-02-06',NULL,NULL,'097 454 594 5','','Smao Khchey Village,Tropangsap Commune, Bati District, Takeo Province.',NULL,'Smao Khchey Village,Tropangsap Commune, Bati District, Takeo Province.',1,NULL,0,0,8,'2015-03-02 15:15:34',15,'2015-05-09 14:13:12'),(89,'N/A','Mak Sarat','ម៉ាក់ សារ៉ាត់',1,1,'id_89_142653693410.jpg',1,NULL,1,1,1,15,22,44,6,0,0,0,0,0,'',1,0,2,'2015-02-16',NULL,NULL,'012 590 787','','Krobao Village, Kompong Somnanh, Takhmao District Kandal Province',NULL,'Angkanh Village, Trolach Village, Trang District, Takeo Province',1,NULL,0,0,8,'2015-03-02 15:19:19',15,'2015-05-09 14:12:58'),(90,'N/A','San Roseth','សាន់ រ៉សសេត',1,1,'id_90_142654093510.jpg',1,NULL,1,1,1,11,18,43,3,0,0,150,0,0,'',1,0,2,'2015-02-07',NULL,NULL,'017 844 454','','Preck Bra Village, Sangkat Chbaampove, Khan Chbarampove, Phnom Penh, Cambodia',NULL,'Preck Bra Village, Sangkat Chbaampove, Khan Chbarampove, Phnom Penh, Cambodia',1,NULL,0,0,8,'2015-03-02 15:20:52',15,'2015-05-09 14:07:49'),(91,'N/A','Yong Sokha','យ៉ុង សុខា',1,1,'id_91_142654208210.jpg',1,NULL,1,1,1,11,18,43,3,0,0,0,0,0,'',1,0,2,'2013-01-01',NULL,NULL,'088 4747 345','','Ruseysrock Khang Kert, Sangkat Ruseyruck, Kampong Trach District Kamport Province',NULL,'Ruseysrock Khang Kert, Sangkat Ruseyruck, Kampong Trach District Kamport Province',1,NULL,0,1,8,'2015-03-02 15:43:33',11,'2015-06-09 20:15:20'),(92,'N/A','Phorn samnang','ភន់ សំណាង',1,1,'id_92_142654125010.jpg',1,NULL,1,1,1,11,18,43,3,0,0,0,0,0,'',1,0,2,'2014-05-20',NULL,NULL,'012 398 977 ','','#51, Orng Village, Orchar Commune, Batambong, Bathambong Province',NULL,'Taen Village, Srash Rang Village, Monkol Borey Bathambong Province,',1,NULL,0,0,8,'2015-03-05 21:03:16',15,'2015-05-09 14:08:54'),(93,'N/A','Yib Kouy','យីប កូយ',1,1,'id_93_142653858410.jpg',1,NULL,1,1,1,15,22,44,6,0,0,0,0,0,'',1,0,2,'2015-02-06',NULL,NULL,'012 509 719','','#364, St. 369, Koshkrobey, Sangkat Preckthmey, Chbarampove District Cbarampove Province',NULL,'Churtalplus Village, Kanhchor Commune, Chloung District, Krochash Province.',1,NULL,0,0,8,'2015-03-05 21:04:52',15,'2015-05-09 14:14:23'),(94,'N/A','Keo Sochea','កែវ សុជា',1,1,'id_94_142653688810.jpg',1,NULL,1,1,1,15,22,44,6,0,0,0,0,0,'',1,0,2,'2015-02-06',NULL,NULL,'011 699 234','','Krang Check Village, Dermrusey Commune, Kandal Steng Province.',NULL,'Ansong Village, Ansong Commune, Kompong Trobek District, Prey Veang Province.',1,NULL,0,0,8,'2015-03-05 21:07:22',15,'2015-05-09 14:14:35'),(95,'N/A','Ngoy Chanthan','ង៉ុយ ចាន់ថន',1,1,'id_95_142653703210.jpg',1,NULL,1,1,1,15,22,44,6,0,0,0,0,0,'',1,0,2,'2015-02-06',NULL,NULL,'097 556 4440','','#233, Sangkat Precktakong,Khan Suseykeo, Phnom Penh',NULL,'Prek Takong Village, Tasek Commune, Phnom Penh, Cambodia',1,NULL,0,0,8,'2015-03-05 21:13:20',15,'2015-05-09 14:14:43'),(96,'N/A','Sim Soriya','ស៊ឹម សូរិយា',1,1,'id_96_142653924810.jpg',1,0,1,1,1,15,22,44,6,0,0,0,0,0,'',1,0,2,'2014-09-10',NULL,NULL,'096 734 9992','','Krangchomroeun Village, Tangyab village, Preykabas, Takeo Province',NULL,'Krangchomroeun Village, Tangyab village, Preykabas, Takeo Province',1,NULL,0,1,8,'2015-03-05 21:14:36',11,'2015-06-09 20:15:49'),(97,'N/A','Heng Samnang','ហេង សំណាង',1,1,'N/A_142601776510.jpg',2,3,1,1,1,9,20,39,2,0,0,0,0,0,'',0,0,2,NULL,NULL,NULL,NULL,NULL,NULL,NULL,'',1,NULL,0,0,8,'2015-03-05 21:17:15',11,'2015-06-08 17:52:27'),(98,'N/A','Puk Kun','ប៉ុក គុណ',1,1,NULL,2,NULL,1,1,1,9,20,38,7,0,0,0,0,0,'',1,0,2,NULL,NULL,NULL,NULL,NULL,NULL,NULL,'',1,NULL,0,0,8,'2015-03-05 21:18:30',11,'2015-05-01 21:58:43'),(99,'N/A','Phon Chantha','ផុន ចន្ថា',1,1,NULL,2,NULL,1,1,1,9,20,38,7,0,0,0,0,0,'',1,0,2,NULL,NULL,NULL,NULL,NULL,NULL,NULL,'',1,NULL,0,0,8,'2015-03-05 21:19:18',11,'2015-05-01 21:58:24'),(100,'N/A','Net Lim','នេត លឹម',1,1,NULL,2,NULL,1,1,1,9,20,37,8,0,0,0,0,0,'',1,0,2,NULL,NULL,NULL,NULL,NULL,NULL,NULL,'',1,NULL,0,0,8,'2015-03-05 21:22:02',11,'2015-05-01 21:58:58'),(101,'N/A','Din Hun','ឌិន ហ៊ុន',1,1,NULL,2,NULL,1,1,1,9,20,38,7,0,0,0,0,0,'',1,0,2,NULL,NULL,NULL,NULL,NULL,NULL,NULL,'',1,NULL,0,0,8,'2015-03-05 21:23:05',11,'2015-05-01 21:58:08'),(102,'N/A','Pheang Chetra','ភៀង ចិត្រា',1,1,NULL,2,NULL,1,1,1,9,19,35,2,0,0,0,0,0,'',1,0,2,NULL,NULL,NULL,NULL,NULL,NULL,NULL,'',1,NULL,0,0,8,'2015-03-05 21:41:01',11,'2015-05-01 21:45:42'),(103,'VIP-007','Try Dalin','ទ្រី ដាលីន',2,2,'VIP-007_142601392110.jpg',1,NULL,1,4,1,12,6,18,4,0,0,0,0,0,'',1,0,2,NULL,NULL,NULL,'088 777 753 9','dalin.try@trypheapgroup.com','','1993-02-03','',1,NULL,0,0,8,'2015-03-05 21:45:12',11,'2015-06-08 18:24:46'),(104,'VIP-7168','Try Dalux','ទ្រី ដាលុច',1,1,'VIP-7168_142601344110.jpg',1,NULL,1,4,1,12,0,18,3,0,0,0,0,0,'',1,0,2,NULL,NULL,NULL,'','dalux.try@trypheapgroup.com','',NULL,'',1,NULL,0,0,8,'2015-03-05 21:46:53',11,'2015-06-08 18:24:34'),(105,'VIP-2168','Try Daphors','ទ្រី ដាភ័ស្ស',1,1,'VIP-2168_142601338710.jpg',1,NULL,1,4,1,12,0,18,5,0,0,0,0,0,'',1,0,2,NULL,NULL,NULL,'','daphors.try@trypheapgroup.com','',NULL,'',1,NULL,0,0,8,'2015-03-05 21:48:33',11,'2015-06-08 18:24:56'),(106,'HO-033','Ka Dimong','ការ ឌីម៉ង់',1,1,NULL,2,NULL,1,1,1,11,17,29,0,0,0,0,0,0,'',1,0,2,NULL,NULL,NULL,NULL,NULL,NULL,NULL,'',1,NULL,0,1,11,'2015-04-02 15:30:04',11,'2015-04-02 20:45:30'),(107,'HO-055','Khouen Sangsa','',1,1,NULL,1,0,1,1,1,3,13,24,5,0,0,0,0,0,'',1,0,2,'2015-05-07',NULL,'2015-08-07','010 868 696','sangsa.khouen@trypheapgroup.com','Meanchey village, Meanchey quarter, Stung Meanchey district, Phnom Penh, Cambodia','1990-06-06','Meanchey village, Meanchey quarter, Stung Meanchey district, Phnom Penh, Cambodia',1,NULL,0,0,11,'2015-05-09 13:12:54',11,'2015-05-28 13:39:06'),(108,'HO_056','Kong Chandararith','គង់ ចាន់ដារ៉ារិទ្ធ',1,1,NULL,2,NULL,1,1,1,2,5,4,2,0,0,0,0,0,'',1,0,2,'2015-05-11',NULL,'2015-08-11','012 627 790','chandarith.kong@trypheapgroup.com','',NULL,'',1,NULL,0,0,15,'2015-05-12 14:47:10',11,'2015-05-28 13:54:47'),(109,'KEP-0001','Chhon Chhang','ឆុន ឆាង',1,1,'KEP-0001_143230540215.png',2,0,1,1,14,12,0,46,1,0,0,50,0,0,'',1,0,2,'2013-09-09',NULL,NULL,'097 704 444 7','chhang.chhon@trypheapgroup.com','Toek Chhu, Kampot Province','1982-05-15','Toek Chhu, Kampot Province',1,NULL,0,0,15,'2015-05-22 14:36:42',16,'2015-05-25 13:53:15'),(110,'KEP_0002','Kuy Hov','គុយ ហ៊ូវ',1,1,NULL,2,NULL,1,1,14,8,10,5,3,0,0,50,0,0,'',1,0,0,'2013-09-09',NULL,NULL,'012 397 447','hov.huy@trypheapgroup.com','',NULL,'',1,NULL,0,0,16,'2015-05-22 15:19:25',16,'2015-05-22 15:25:49'),(111,'KEP_0003','Hong Sreymom','ហុង ស្រីមុំ',2,2,NULL,2,NULL,1,1,14,2,0,0,3,0,0,50,0,0,'',1,0,0,'2013-11-01',NULL,NULL,'088 7084 477','sreymom.hong@trypheapgroup.com','',NULL,'',1,NULL,0,0,16,'2015-05-22 15:38:07',16,'2015-05-22 15:46:22'),(112,'N/A','Neang Makara','នាង មករា',1,1,NULL,2,NULL,1,1,14,2,0,30,4,0,0,50,0,0,'',1,0,0,'2015-03-01',NULL,NULL,'097 9447 708','makara.neang@trypheapgroup.com','',NULL,'',1,NULL,0,0,16,'2015-05-22 15:48:50',16,'2015-05-22 15:54:20'),(113,'N/A','Hong Solina','ហុង សូលីណា',2,3,NULL,1,NULL,1,1,14,3,12,8,5,0,0,50,0,0,'',1,0,0,'2015-01-01',NULL,NULL,'097 8258 758','hong.solina@trypheapgroup.com','',NULL,'',1,NULL,0,0,16,'2015-05-22 15:56:03',16,'2015-05-22 15:59:54'),(114,'KEP_0004','Khun Sambo','ឃួន សំបូរ',1,1,NULL,1,NULL,1,1,14,6,0,17,7,0,0,50,0,0,'',1,0,0,'2014-01-01',NULL,NULL,'071 9428 047','','',NULL,'',1,NULL,0,0,16,'2015-05-22 16:01:33',16,'2015-05-22 16:32:25'),(115,'N/A','Youk Kimseat','យុគ គីមសៀត',2,2,NULL,2,NULL,1,1,14,6,23,17,6,0,0,50,0,0,'',1,0,0,'2015-03-01',NULL,NULL,'017 380 016','','',NULL,'',1,NULL,0,0,16,'2015-05-22 16:07:06',16,'2015-05-22 18:09:43'),(116,'KEP_0007','Man Moktert','ម៉ាន មុកតើត',1,NULL,NULL,NULL,NULL,1,1,14,6,0,0,7,0,0,50,0,0,'',1,0,0,'2014-06-01',NULL,NULL,'069 503 155','','',NULL,NULL,NULL,NULL,0,0,16,'2015-05-22 16:12:34',16,'2015-05-22 18:09:31'),(117,'KEP_0005','Dam Dara',' ដាំ តារា',1,1,NULL,1,NULL,1,1,14,14,23,31,0,0,0,50,0,0,'',1,0,0,'2014-03-01',NULL,NULL,'097 9559 766','','',NULL,'',1,NULL,0,0,16,'2015-05-22 16:27:15',16,'2015-05-22 18:09:17'),(118,'KEP_0006','Lim Mab','លឹម ម៉ាប់',1,1,NULL,0,NULL,1,1,14,14,23,31,0,0,0,50,0,0,'',1,0,0,'2014-03-01',NULL,NULL,'097 3223 082','','',NULL,'',1,NULL,0,0,16,'2015-05-22 16:33:16',16,'2015-05-22 18:09:03'),(119,'N/A','Seang Chak','សៀង ឆាក់',1,1,NULL,0,NULL,1,1,14,14,23,31,0,0,0,50,0,0,'',1,0,0,'2015-03-12',NULL,NULL,'077 415 609','','',NULL,'',1,NULL,0,0,16,'2015-05-22 16:38:26',16,'2015-05-22 18:08:49'),(120,'N/A','Heng Sokhoeun','ហេង​ សុខឃឿន',1,1,NULL,0,NULL,0,0,14,6,0,0,0,0,0,50,0,0,'',1,0,0,'2015-04-12',NULL,NULL,NULL,NULL,NULL,NULL,'',1,NULL,0,0,16,'2015-05-22 16:43:48',16,'2015-05-22 18:08:31'),(121,'N/A','Thon San','ថុន ស៊ាន',1,4,NULL,2,NULL,1,1,14,6,0,17,0,0,0,50,0,0,'',1,0,0,'2015-04-01',NULL,NULL,NULL,NULL,NULL,NULL,'',1,NULL,0,0,16,'2015-05-22 16:48:04',16,'2015-05-22 16:50:14'),(122,'N/A','Chey Samith','ជ័យ សាមិត្ដ',1,1,NULL,0,NULL,1,1,14,6,0,0,0,0,0,0,0,0,'',1,0,0,'2015-04-12',NULL,NULL,NULL,NULL,NULL,NULL,'',1,NULL,0,0,16,'2015-05-22 16:51:57',16,'2015-05-22 20:58:47'),(123,'N/A','Nget Seng ','ង៉ែត សេង',1,1,NULL,2,NULL,1,1,11,12,0,0,1,0,0,60,0,0,'',1,0,0,'2010-12-06',NULL,NULL,NULL,NULL,NULL,NULL,'',1,NULL,0,0,16,'2015-05-22 18:19:42',16,'2015-05-22 18:25:09'),(124,'N/A','Tim thirong ','ទឺម ធីរ៉ុង',1,1,NULL,0,NULL,1,1,11,2,0,30,3,0,0,60,0,0,'',1,0,0,'2014-02-28',NULL,NULL,'','','',NULL,'',1,NULL,0,0,16,'2015-05-22 18:28:10',16,'2015-05-22 18:30:31'),(125,'N/A','Sim Cheysen','ស៊ឺម ជ័យសែន',1,1,NULL,0,NULL,1,1,11,3,12,8,3,0,0,60,0,0,'',1,0,0,'2014-11-25',NULL,NULL,NULL,NULL,NULL,NULL,'',1,NULL,0,0,16,'2015-05-22 18:33:50',16,'2015-05-22 18:36:00'),(126,'N/A','Mok Ban','ម៉ុក បាន',1,1,NULL,0,NULL,1,1,11,14,23,32,3,0,0,60,0,0,'',1,0,0,'2013-09-27',NULL,NULL,'','','',NULL,'',1,NULL,0,0,16,'2015-05-22 18:37:33',16,'2015-05-22 18:40:25'),(127,'N/A','Toue Channy','តឿ ចន្នី',1,1,NULL,0,NULL,1,1,11,14,23,31,5,0,0,60,0,0,'',1,0,0,'2013-09-27',NULL,NULL,NULL,NULL,NULL,NULL,'',1,NULL,0,0,16,'2015-05-22 18:41:42',16,'2015-05-22 18:44:10'),(128,'N/A','Tib Pov','តិប ពៅ',1,1,NULL,0,NULL,1,1,11,14,23,31,6,0,0,60,0,0,'',1,0,0,'2013-09-27',NULL,NULL,NULL,NULL,NULL,NULL,'',1,NULL,0,0,16,'2015-05-22 19:02:18',16,'2015-05-22 19:04:43'),(129,'N/A','Sorn Ratana','សន រតនា',1,1,NULL,0,NULL,1,1,11,14,23,31,8,0,0,60,0,0,'',1,0,0,'2013-09-27',NULL,NULL,NULL,NULL,NULL,NULL,'',1,NULL,0,0,16,'2015-05-22 19:06:16',16,'2015-05-22 19:07:46'),(130,'N/A','Moun Ko','មួន កូ',1,1,NULL,0,NULL,1,1,11,14,23,31,8,0,0,60,0,0,'',1,0,0,'2013-12-24',NULL,NULL,NULL,NULL,NULL,NULL,'',1,NULL,0,0,16,'2015-05-22 19:09:53',16,'2015-05-22 19:13:19'),(131,'N/A','Chhorm Sopheap','ឆោម សុភាព',1,1,NULL,0,NULL,1,1,11,14,23,31,9,0,0,60,0,0,'',1,0,0,'2013-12-25',NULL,NULL,NULL,NULL,NULL,NULL,'',1,NULL,0,0,16,'2015-05-22 19:14:35',16,'2015-05-22 19:16:50'),(132,'N/A','Reth Gnep','រ៉េត ញឹប',1,1,NULL,0,NULL,1,1,11,14,23,31,9,0,0,60,0,0,'',1,0,0,'2013-09-27',NULL,NULL,NULL,NULL,NULL,NULL,'',1,NULL,0,0,16,'2015-05-22 19:19:17',16,'2015-05-22 19:21:22'),(133,'N/A','Koy Bunroth','កុយ ប៊ុនរ័ត្ន',1,1,NULL,0,NULL,1,1,11,14,19,37,10,0,0,60,0,0,'',1,0,0,'2015-01-01',NULL,NULL,NULL,NULL,NULL,NULL,'',1,NULL,0,0,16,'2015-05-22 19:23:38',16,'2015-05-22 19:25:42'),(134,'N/A','Sam Ol thearak','សំអុល ធីរក្ស',1,1,NULL,0,NULL,1,1,11,14,23,31,9,0,0,60,0,0,'',0,0,0,'2015-01-15',NULL,NULL,NULL,NULL,NULL,NULL,'',1,NULL,0,0,16,'2015-05-22 19:27:51',16,'2015-05-22 19:29:45'),(135,'N/A','Heng Neam','ហង្ស នាម',1,1,NULL,0,NULL,1,1,11,14,23,31,8,0,0,60,0,0,'',1,0,0,'2015-01-15',NULL,NULL,NULL,NULL,NULL,NULL,'',1,NULL,0,0,16,'2015-05-22 19:30:45',16,'2015-05-22 19:35:10'),(136,'N/A','Thy vannsy','ធី​ វ៉ាន់ស៊ី',1,1,NULL,0,NULL,1,1,11,14,23,31,9,0,0,60,0,0,'',1,0,0,'2015-01-15',NULL,NULL,NULL,NULL,NULL,NULL,'',1,NULL,0,0,16,'2015-05-22 19:32:40',16,'2015-05-22 19:34:12'),(137,'N/A','Heang Sarith','ហ៊ាង សារិទ្ធ',2,2,NULL,0,NULL,1,1,11,6,0,17,11,0,0,60,0,0,'',1,0,0,'2015-01-07',NULL,NULL,NULL,NULL,NULL,NULL,'',1,NULL,0,0,16,'2015-05-22 19:36:45',16,'2015-05-22 20:43:10'),(138,'N/A','Pum Chanmakara','ប៉ុម ចាន់មករា',2,2,NULL,0,NULL,1,1,11,6,0,0,10,0,0,60,0,0,'',1,0,0,'2014-11-01',NULL,NULL,NULL,NULL,NULL,NULL,'',1,NULL,0,0,16,'2015-05-22 19:40:25',16,'2015-05-22 20:40:48'),(139,'N/A','Ouk Kimsean','អ៊ុក គឹមសាន',1,1,NULL,0,NULL,1,1,10,12,0,46,1,0,0,50,0,0,'',1,0,0,'2011-02-05',NULL,NULL,NULL,NULL,NULL,NULL,'',1,NULL,0,0,16,'2015-05-25 13:54:47',16,'2015-05-28 16:23:41'),(140,'N/A','Deth Seyla ','ដេត សីលា',1,NULL,NULL,NULL,NULL,0,0,10,2,0,0,0,0,0,50,0,0,'',0,0,0,'2012-09-01',NULL,NULL,NULL,NULL,NULL,NULL,NULL,NULL,NULL,0,0,16,'2015-05-25 13:58:18',16,'2015-05-25 13:59:59'),(141,'N/A','Kong Sokkea ','គង់ សុខគា',1,NULL,NULL,NULL,NULL,0,0,10,0,0,0,0,0,0,50,0,0,'',1,0,0,'2011-10-15',NULL,NULL,NULL,NULL,NULL,NULL,NULL,NULL,NULL,0,0,16,'2015-05-25 14:03:42',16,'2015-05-25 14:05:00'),(142,'N/A','Klouk Siphan','ឃ្លោក ស៊ីផាន',1,NULL,NULL,NULL,NULL,0,0,10,0,0,0,0,0,0,50,0,0,'',0,0,0,'2011-08-01',NULL,NULL,NULL,NULL,NULL,NULL,NULL,NULL,NULL,0,0,16,'2015-05-25 14:07:34',16,'2015-05-25 14:08:16'),(143,'N/A','Lo Thida','ឡូ ធីតា',2,2,NULL,0,NULL,0,0,10,0,0,0,0,0,0,50,0,0,'',1,0,0,'2012-05-15',NULL,NULL,NULL,NULL,NULL,NULL,'',1,NULL,0,0,16,'2015-05-25 14:13:11',16,'2015-05-25 16:46:59'),(144,'N/A','Sok Seyla','សុខ សីលា',1,NULL,NULL,NULL,NULL,0,0,10,0,0,0,0,0,0,50,0,0,'',1,0,0,'2012-02-05',NULL,NULL,NULL,NULL,NULL,NULL,NULL,NULL,NULL,0,0,16,'2015-05-25 14:16:06',16,'2015-05-25 14:17:21'),(145,'N/A','Rin Sreyvann','រិន ស្រីវ៉ាន់',2,2,NULL,0,NULL,0,0,10,0,0,0,0,0,0,50,0,0,'',1,0,0,'2013-03-16',NULL,NULL,NULL,NULL,NULL,NULL,'',1,NULL,0,0,16,'2015-05-25 14:18:59',16,'2015-05-25 14:22:14'),(146,'N/A','Prum Oeun ','ព្រុំ អឿន',1,1,NULL,0,NULL,1,1,10,0,0,0,0,0,0,50,0,0,'',1,0,0,'2015-05-17',NULL,NULL,NULL,NULL,NULL,NULL,'',1,NULL,0,0,16,'2015-05-25 14:23:26',16,'2015-05-25 14:25:58'),(147,'N/A','Loeung Dana','លឿង ដាណា',2,2,NULL,0,NULL,1,1,10,0,0,0,0,0,0,50,0,0,'',0,0,0,'2013-02-15',NULL,NULL,NULL,NULL,NULL,NULL,'',1,NULL,0,0,16,'2015-05-25 14:27:15',16,'2015-05-25 16:48:06'),(148,'N/A','Nou Saream','នូ សារៀម',1,NULL,NULL,NULL,NULL,1,1,10,0,0,0,0,0,0,50,0,0,'',1,0,0,'2015-01-13',NULL,NULL,NULL,NULL,NULL,NULL,NULL,NULL,NULL,0,0,16,'2015-05-25 14:30:08',16,'2015-05-25 14:32:14'),(149,'N/A','Nhem Kanha ','ញ៉ែម កញ្ញា',1,2,NULL,0,NULL,1,1,10,0,0,0,0,0,0,50,0,0,'',1,0,0,'2013-05-05',NULL,NULL,NULL,NULL,NULL,NULL,'',1,NULL,0,0,16,'2015-05-25 14:34:19',16,'2015-05-25 14:50:18'),(150,'N/A','Vorn Makara','វន់ មករា',1,NULL,NULL,NULL,NULL,1,1,10,0,0,0,0,0,0,50,0,0,'',1,0,0,'2014-11-01',NULL,NULL,NULL,NULL,NULL,NULL,NULL,NULL,NULL,0,0,16,'2015-05-25 14:51:24',16,'2015-05-25 14:53:12'),(151,'N/A','Heng Piseth','ហេង ពិសិដ្ឋ',1,1,NULL,0,NULL,1,1,10,0,0,0,0,0,0,50,0,0,'',1,0,0,'2014-11-30',NULL,NULL,NULL,NULL,NULL,NULL,'',1,NULL,0,0,16,'2015-05-25 14:54:05',16,'2015-05-25 14:57:22'),(152,'N/A','Leng Kannika','ឡេង កាន់និការ',2,2,NULL,0,NULL,1,1,10,0,0,0,0,0,0,50,0,0,'',1,0,0,'2013-10-07',NULL,NULL,NULL,NULL,NULL,NULL,'',1,NULL,0,0,16,'2015-05-25 14:58:43',16,'2015-05-25 15:00:21'),(153,'N/A','Savuth Vatana','សាវុធ វឌ្ឍនា',1,1,NULL,0,NULL,1,1,10,0,0,0,0,0,0,50,0,0,'',0,0,0,'2015-02-01',NULL,NULL,NULL,NULL,NULL,NULL,'',1,NULL,0,0,16,'2015-05-25 15:02:37',16,'2015-05-25 15:03:29'),(154,'N/A','Chan Narin','ចាន់ ណារិន',1,1,NULL,0,NULL,1,1,10,0,0,0,0,0,0,50,0,0,'',1,0,0,'2014-08-01',NULL,NULL,NULL,NULL,NULL,NULL,'',1,NULL,0,0,16,'2015-05-25 15:04:17',16,'2015-05-25 15:05:15'),(155,'N/A','Soth Meath','សុទ្ធ មាឌ',1,1,NULL,0,NULL,1,1,10,0,0,0,0,0,0,50,0,0,'',0,0,0,'2013-03-10',NULL,NULL,NULL,NULL,NULL,NULL,'',1,NULL,0,0,16,'2015-05-25 15:07:44',16,'2015-05-25 15:08:46'),(156,'N/A','Hok Saron','ហុក សារ៉ន',1,1,NULL,0,NULL,1,1,10,0,0,0,0,0,0,50,0,0,'',1,0,0,'2014-02-03',NULL,NULL,NULL,NULL,NULL,NULL,'',1,NULL,0,0,16,'2015-05-25 15:09:46',16,'2015-05-25 16:54:04'),(157,'N/A','Thiev sokhen','ធីវ សុខេន',1,1,NULL,0,NULL,1,1,10,0,0,0,0,0,0,50,0,0,'',1,0,0,'2013-10-04',NULL,NULL,NULL,NULL,NULL,NULL,'',1,NULL,0,0,16,'2015-05-25 15:12:01',16,'2015-05-25 16:28:49'),(158,'N/A','Thy Phearith','ធី ភារិទ្ធ',1,1,NULL,0,NULL,1,1,10,0,0,0,0,0,0,50,0,0,'',1,0,0,'2011-05-02',NULL,NULL,NULL,NULL,NULL,NULL,'',1,NULL,0,0,16,'2015-05-25 15:14:18',16,'2015-05-25 15:16:39'),(159,'N/A','Thy Pheary','ធី ភារី',1,0,NULL,0,NULL,1,1,10,0,0,0,0,0,0,50,0,0,'',1,0,0,'2013-11-14',NULL,NULL,NULL,NULL,NULL,NULL,'',0,NULL,0,0,16,'2015-05-25 15:17:48',16,'2015-05-25 16:54:18'),(160,'N/A','Khuth Limhong ','ឃុត លីមហុង',1,1,NULL,0,NULL,1,1,10,0,0,0,0,0,0,50,0,0,'',1,0,0,'2014-10-20',NULL,NULL,NULL,NULL,NULL,NULL,'',1,NULL,0,0,16,'2015-05-25 15:20:26',16,'2015-05-25 15:21:45'),(161,'N/A','Chhun Nimul','ឈុន និមុល',1,1,NULL,0,NULL,1,1,10,0,0,0,0,0,0,50,0,0,'',1,0,0,'2013-03-19',NULL,NULL,NULL,NULL,NULL,NULL,'',1,NULL,0,0,16,'2015-05-25 15:23:47',16,'2015-05-25 15:26:35'),(162,'N/A','Lorn Nary ','លន ណារី',2,2,NULL,0,NULL,1,1,10,0,0,0,0,0,0,50,0,0,'',1,0,0,'2014-04-01',NULL,NULL,NULL,NULL,NULL,NULL,'',1,NULL,0,0,16,'2015-05-25 15:30:27',16,'2015-05-25 16:49:39'),(163,'N/A','Kong Sathya','គង់ សត្យា',1,1,NULL,0,NULL,1,0,0,0,0,0,0,0,0,50,0,0,'',1,0,0,'2015-01-07',NULL,NULL,NULL,NULL,NULL,NULL,'',1,NULL,0,0,16,'2015-05-25 15:34:33',16,'2015-05-25 15:36:47'),(164,'N/a','Kem Dan','កែម ដេន',2,2,NULL,0,NULL,1,1,0,0,0,0,0,0,0,0,0,0,'',1,0,0,'2012-02-01',NULL,NULL,NULL,NULL,NULL,NULL,'',1,NULL,0,0,16,'2015-05-25 15:39:47',16,'2015-05-25 15:42:14'),(165,'N/A','Sron Socheata','ស៊្រុន សុជាតា',2,1,NULL,0,NULL,1,1,10,0,0,0,0,0,0,50,0,0,'',1,0,0,'2014-04-20',NULL,NULL,NULL,NULL,NULL,NULL,'',1,NULL,0,0,16,'2015-05-25 15:44:13',16,'2015-05-25 16:55:23'),(166,'N/A','Sem Phearom','សែម ភារម្យ',2,2,NULL,0,NULL,1,1,10,0,0,0,0,0,0,50,0,0,'',1,0,0,'2015-03-06',NULL,NULL,NULL,NULL,NULL,NULL,'',1,NULL,0,0,16,'2015-05-25 15:53:41',16,'2015-05-25 16:38:59'),(167,'N/A','Chum Chun','ជុំ ជុន',1,1,NULL,0,NULL,1,1,10,0,0,0,0,0,0,50,0,0,'',1,0,0,'2015-03-13',NULL,NULL,NULL,NULL,NULL,NULL,'',1,NULL,0,0,16,'2015-05-25 15:55:43',16,'2015-05-25 15:56:49'),(168,'N/A','Seng Banhour','សេង បានហូរ',1,1,NULL,0,NULL,1,1,10,0,0,0,0,0,0,50,0,0,'',1,0,0,'2015-02-17',NULL,NULL,NULL,NULL,NULL,NULL,'',1,NULL,0,0,16,'2015-05-25 15:57:33',16,'2015-05-25 15:58:31'),(169,'N/A','Sim Oem','ស៊ឹម អ៊ីម',2,2,NULL,0,NULL,1,1,10,0,0,0,0,0,0,50,0,0,'',0,0,0,'2015-03-22',NULL,NULL,NULL,NULL,NULL,NULL,'',1,NULL,0,0,16,'2015-05-25 15:59:36',16,'2015-05-25 16:05:16'),(170,'N/A','Thorn Ratha','ថន រដ្ឋា',1,1,NULL,0,NULL,1,1,10,0,0,0,0,0,0,50,0,0,'',1,0,0,'2015-04-05',NULL,NULL,NULL,NULL,NULL,NULL,'',1,NULL,0,0,16,'2015-05-25 16:02:10',16,'2015-05-25 16:04:01'),(171,'N/A','Srey Toch','ស្រី តូច',2,2,NULL,0,NULL,1,1,10,0,0,0,0,0,0,50,0,0,'',1,0,0,'2014-11-13',NULL,NULL,NULL,NULL,NULL,NULL,'',1,NULL,0,0,16,'2015-05-25 16:07:12',16,'2015-05-25 17:53:10'),(172,'N/A','Meach Sineath','មៀច ស៊ីនា',2,2,NULL,0,NULL,1,1,10,0,0,0,0,0,0,50,0,0,'',1,0,0,'2015-02-13',NULL,NULL,NULL,NULL,NULL,NULL,'',1,NULL,0,0,16,'2015-05-25 16:10:35',16,'2015-05-25 16:11:51'),(173,'N/A','Meach Vanny','មៀច វណ្ណនី',2,2,NULL,0,NULL,1,1,10,0,0,0,0,0,0,50,0,0,'',1,0,0,'2015-03-15',NULL,NULL,NULL,NULL,NULL,NULL,'',1,NULL,0,0,16,'2015-05-25 16:12:28',16,'2015-05-25 16:13:35'),(174,'N/A','Khath Noeun','ខាត់ នឿន',1,1,NULL,0,NULL,1,1,10,0,0,0,0,0,0,50,0,0,'',1,0,0,'2014-07-01',NULL,NULL,NULL,NULL,NULL,NULL,'',1,NULL,0,0,16,'2015-05-25 16:14:32',16,'2015-05-25 16:15:28'),(175,'N/A','Nhoem Run','ញឹម រ៉ុម',1,1,NULL,0,NULL,1,1,10,0,0,0,0,0,0,50,0,0,'',1,0,0,'2013-12-03',NULL,NULL,NULL,NULL,NULL,NULL,'',1,NULL,0,0,16,'2015-05-25 16:16:50',16,'2015-05-25 16:18:27'),(176,'N/A','Chhorn Sath','ឆន សាត',1,1,NULL,0,NULL,1,1,10,0,0,0,0,0,0,50,0,0,'',1,0,0,'2014-10-01',NULL,NULL,NULL,NULL,NULL,NULL,'',1,NULL,0,0,16,'2015-05-25 16:19:32',16,'2015-05-25 16:20:45'),(177,'N/A','Sreng Kimsry','ស្រេង គឹមស្រ៊ី',2,2,NULL,0,NULL,1,1,10,0,0,0,0,0,0,50,0,0,'',1,0,0,'2013-07-01',NULL,NULL,NULL,NULL,NULL,NULL,'',1,NULL,0,0,16,'2015-05-25 16:21:45',16,'2015-05-25 16:53:02'),(178,'N/A','Kong Sathya','គង់ សត្យា',1,NULL,NULL,NULL,NULL,NULL,NULL,0,NULL,NULL,NULL,NULL,0,0,0,0,0,NULL,NULL,NULL,NULL,NULL,NULL,NULL,NULL,NULL,NULL,NULL,NULL,NULL,NULL,0,0,16,'2015-05-25 16:31:20',NULL,'2015-05-25 16:31:20'),(179,'N/A','Kong Sathya','គង់ សត្យា',1,1,NULL,0,NULL,1,1,10,0,0,0,0,0,0,50,0,0,'',0,0,0,'2015-01-17',NULL,NULL,NULL,NULL,NULL,NULL,'',1,NULL,0,0,16,'2015-05-25 16:32:55',16,'2015-05-25 16:33:55'),(180,'N/A','Kem Dan','កែម ដេន',2,2,NULL,0,NULL,1,1,10,0,0,0,0,0,0,50,0,0,'',0,0,0,'2012-02-01',NULL,NULL,NULL,NULL,NULL,NULL,'',1,NULL,0,0,16,'2015-05-25 16:36:46',16,'2015-05-25 16:50:19'),(181,'N/A','Pruk Mary','ប្រុក ម៉ារី',2,2,NULL,0,NULL,1,1,10,0,0,0,0,0,0,50,0,0,'',0,0,0,'2014-01-13',NULL,NULL,NULL,NULL,NULL,NULL,'',1,NULL,0,0,16,'2015-05-25 16:42:58',16,'2015-05-25 17:54:22'),(182,'N/A','Chhoeun Samnang','ឈឿន សំណាង',1,1,NULL,0,NULL,1,1,10,0,0,0,0,0,0,50,0,0,'',1,0,0,'2011-07-09',NULL,NULL,NULL,NULL,NULL,NULL,'',1,NULL,0,1,16,'2015-05-26 18:00:56',16,'2015-05-28 18:16:08'),(183,'N/A','Chhoeun Samnang','ឈឿន សំណាង',1,1,NULL,0,NULL,1,1,10,0,0,0,0,0,0,50,0,0,'',1,0,0,'2013-05-18',NULL,NULL,NULL,NULL,NULL,NULL,'',1,NULL,0,0,16,'2015-05-26 18:03:39',16,'2015-05-29 19:09:07'),(184,'N/A','Chea Bunnara','ជា ប៊ុនណារ៉ា',1,1,NULL,0,NULL,1,1,10,0,0,0,0,0,0,50,0,0,'',0,0,0,'2013-05-18',NULL,NULL,NULL,NULL,NULL,NULL,'',1,NULL,0,0,16,'2015-05-26 18:09:01',16,'2015-05-26 18:12:12'),(185,'N/A','Yorm Sothearith','យ៉ម សុធារិទ្ធ',1,1,NULL,0,NULL,1,1,10,0,0,0,0,0,0,50,0,0,'',1,0,0,'2011-08-01',NULL,NULL,NULL,NULL,NULL,NULL,'',1,NULL,0,0,16,'2015-05-26 18:13:17',16,'2015-05-26 18:17:00'),(186,'N/A','Eap Sok Ear','អៀប សុខអៀ',1,1,NULL,0,NULL,1,1,10,0,0,0,0,0,0,50,0,0,'',1,0,0,'2011-07-13',NULL,NULL,NULL,NULL,NULL,NULL,'',1,NULL,0,0,16,'2015-05-26 18:18:13',16,'2015-05-26 18:23:35'),(187,'N/A','Veng Sreang','វែង ស្រ៊ាង',1,1,NULL,0,NULL,1,1,10,0,0,0,0,0,0,50,0,0,'',1,0,0,'2014-11-20',NULL,NULL,NULL,NULL,NULL,NULL,'',1,NULL,0,0,16,'2015-05-26 18:24:52',16,'2015-05-26 18:26:49'),(188,'N/A','Sun Sarun','ស៊ុន សារ៉ុន',1,1,NULL,0,NULL,1,1,10,0,0,0,0,0,0,50,0,0,'',1,0,0,'2015-02-01',NULL,NULL,NULL,NULL,NULL,NULL,'',1,NULL,0,0,16,'2015-05-26 18:28:11',16,'2015-05-26 18:29:28'),(189,'N/A','Seang Chanthat','ស៊ាង ចាន់ថេត',1,1,NULL,0,NULL,NULL,NULL,10,NULL,NULL,NULL,NULL,0,0,0,0,0,NULL,NULL,NULL,NULL,NULL,NULL,NULL,NULL,NULL,NULL,NULL,'',1,NULL,0,0,16,'2015-05-26 18:32:28',16,'2015-05-26 18:32:47'),(190,'N/A','Seang Chanthet','ស៊ាង ចាន់ថេត',1,1,NULL,0,NULL,1,1,10,0,0,0,0,0,0,50,0,0,'',1,0,0,'2011-06-28',NULL,NULL,NULL,NULL,NULL,NULL,'',1,NULL,0,1,16,'2015-05-26 18:35:15',16,'2015-05-28 18:14:21'),(191,'N/A','Eth Sok hay','អ៊ិត សុខហៃ',1,1,NULL,0,NULL,1,1,10,0,0,0,0,0,0,50,0,0,'',1,0,0,'2011-11-05',NULL,NULL,NULL,NULL,NULL,NULL,'',1,NULL,0,0,16,'2015-05-26 18:37:47',16,'2015-05-26 18:39:04'),(192,'N/A','Moa Bunrith','ម៉ៅ ប៊ុនរិទ្ធ',1,1,NULL,0,NULL,1,1,10,0,0,0,0,0,0,50,0,0,'',1,0,0,'2011-11-15',NULL,NULL,NULL,NULL,NULL,NULL,'',1,NULL,0,0,16,'2015-05-26 18:40:09',16,'2015-05-26 18:41:20'),(193,'N/A','Sun Bunthoeun','ស៊ុន ប៊ុនធឿន',1,1,NULL,0,NULL,1,1,10,0,0,0,0,0,0,50,0,0,'',1,0,0,'2012-07-01',NULL,NULL,NULL,NULL,NULL,NULL,'',1,NULL,0,0,16,'2015-05-26 18:42:20',16,'2015-05-26 18:43:38'),(194,'N/A','Khan Sokhom','ខាន់ សុខុម',1,1,NULL,2,4,1,1,1,14,23,34,8,0,0,0,0,0,'',1,0,2,'2015-05-09',NULL,'2015-08-09','097 476 971 5','','','2058-06-05','Angk Popel village, Korng Pisey district, Kampong Speu province',1,NULL,0,1,11,'2015-05-27 20:18:52',11,'2015-06-08 18:31:47'),(195,'N/A','Khann Channara','ខាន់ ចាន់ណារ៉ា',1,1,NULL,1,0,1,1,1,14,23,31,8,0,0,0,0,0,'',1,0,2,'2015-05-09',NULL,'2015-08-09','096 435 273 5','','','1993-01-15','Ta Leok village, Trapeang Veang commune, Kandal Stung district, Kandal province.',1,NULL,0,1,11,'2015-05-27 20:24:55',11,'2015-06-08 18:31:40'),(196,'N/A','So Sok','សូរ សុខ',1,1,NULL,0,NULL,1,0,10,0,0,0,0,0,0,50,0,0,'',1,0,0,'2014-02-13',NULL,NULL,NULL,NULL,NULL,NULL,'',1,NULL,0,0,16,'2015-05-28 15:22:25',16,'2015-05-28 15:24:07'),(197,'N/A','Touch Kimsan','តូច គឹមសាន',1,1,NULL,0,NULL,1,1,10,0,0,0,0,0,0,50,0,0,'',1,0,0,'2011-11-17',NULL,NULL,NULL,NULL,NULL,NULL,'',1,NULL,0,0,16,'2015-05-28 15:25:23',16,'2015-05-28 15:28:34'),(198,'N/A','Khat Pi','ខាត់ ពី',1,1,NULL,0,NULL,1,1,10,0,0,0,0,0,0,50,0,0,'',1,0,0,'2012-11-01',NULL,NULL,NULL,NULL,NULL,NULL,'',1,NULL,0,0,16,'2015-05-28 15:39:00',16,'2015-05-28 17:54:46'),(199,'N/A','Tei Vichet','តែ វិចិត្រ',1,1,NULL,0,NULL,1,1,10,0,0,0,5,0,0,50,0,0,'',1,0,0,'2014-08-13',NULL,NULL,NULL,NULL,NULL,NULL,'',1,NULL,0,0,16,'2015-05-28 15:44:43',16,'2015-05-28 15:46:02'),(200,'N/A','Bunthoeun Phearom','ប៊ុនធឿន ភារម្យ',1,1,NULL,0,NULL,1,1,10,0,0,0,0,0,0,50,0,0,'',1,0,0,'2014-11-10',NULL,NULL,NULL,NULL,NULL,NULL,'',1,NULL,0,0,16,'2015-05-28 15:48:06',16,'2015-05-28 15:50:47'),(201,'N/A','Peang Vanny','ពាង វាន់នី',1,1,NULL,0,NULL,1,1,10,0,0,0,0,0,0,50,0,0,'',1,0,0,'2014-02-01',NULL,NULL,NULL,NULL,NULL,NULL,'',1,NULL,0,0,16,'2015-05-28 15:53:44',16,'2015-05-28 15:55:03'),(202,'N/A','Kan Sambo','កាន សំបូរ',1,1,NULL,0,NULL,1,1,10,0,0,0,0,0,0,50,0,0,'',1,0,0,'2014-10-01',NULL,NULL,NULL,NULL,NULL,NULL,'',1,NULL,0,0,16,'2015-05-28 16:01:38',16,'2015-05-28 16:02:42'),(203,'N/A','So Chenda','សូ ចិន្ថា',1,1,NULL,0,NULL,1,1,10,0,0,0,0,0,0,50,0,0,'',1,0,0,'2013-08-04',NULL,NULL,NULL,NULL,NULL,NULL,'',1,NULL,0,0,16,'2015-05-28 16:04:30',16,'2015-05-28 16:08:10'),(204,'N/A','Chreung Morn','ច្រីង មួន',2,2,NULL,0,NULL,1,1,10,0,0,0,0,0,0,50,0,0,'',1,0,0,'2014-10-01',NULL,NULL,NULL,NULL,NULL,NULL,'',1,NULL,0,0,16,'2015-05-28 16:10:58',16,'2015-05-28 16:18:12'),(205,'N/A','Peang Channy','ពាង ចន្ធី',2,2,NULL,0,NULL,1,1,10,0,0,0,0,0,0,50,0,0,'',0,0,0,'2012-03-01',NULL,NULL,NULL,NULL,NULL,NULL,'',1,NULL,0,0,16,'2015-05-28 16:16:33',16,'2015-05-28 16:17:34'),(206,'N/A','Peang Chanthy','ពាង ចន្ធី',2,2,NULL,0,NULL,1,1,10,0,0,0,0,0,0,50,0,0,'',1,0,0,'2012-05-01',NULL,NULL,NULL,NULL,NULL,NULL,'',1,NULL,0,0,16,'2015-05-28 18:18:44',16,'2015-05-28 18:19:50'),(207,'N/A','Ek Sovann','ឯក សុវណ្ណ',1,1,NULL,0,NULL,1,1,10,0,0,0,0,0,0,750,0,0,'',1,0,0,'2012-08-01',NULL,NULL,NULL,NULL,NULL,NULL,'',1,NULL,0,0,16,'2015-05-28 18:25:53',16,'2015-05-28 18:28:43'),(208,'N/A','Thuch Bros','ធុច ប្រុស',1,1,NULL,0,NULL,1,1,10,0,0,0,0,0,0,50,0,0,'',1,0,0,'2011-06-26',NULL,NULL,NULL,NULL,NULL,NULL,'',1,NULL,0,0,16,'2015-05-28 18:31:17',16,'2015-05-28 18:38:16'),(209,'N/A','Siem Mony','សែម មុន្នី',1,1,NULL,0,NULL,1,1,10,0,0,0,0,0,0,50,0,0,'',1,0,0,'2012-08-01',NULL,NULL,NULL,NULL,NULL,NULL,'',1,NULL,0,0,16,'2015-05-28 18:39:28',16,'2015-05-28 18:41:23'),(210,'N/A','Rous Vanna','រស់ វណ្ណា',1,1,NULL,0,NULL,1,1,10,0,0,0,0,0,0,50,0,0,'',1,0,0,'2012-05-01',NULL,NULL,NULL,NULL,NULL,NULL,'',1,NULL,0,0,16,'2015-05-28 18:44:43',16,'2015-05-28 18:46:23'),(211,'N/A','Poem Poungmala','ភឹម ភួងម៉ាឡា',1,1,NULL,0,NULL,1,1,10,0,0,0,0,0,0,50,0,0,'',1,0,0,'2013-07-01',NULL,NULL,NULL,NULL,NULL,NULL,'',1,NULL,0,0,16,'2015-05-28 18:49:14',16,'2015-05-28 18:51:46'),(212,'N/A','Poeuk Seak','ភឿក ស្រៀក',1,1,NULL,0,NULL,1,1,10,0,0,0,0,0,0,50,0,0,'',1,0,0,'2014-04-01',NULL,NULL,NULL,NULL,NULL,NULL,'',1,NULL,0,0,16,'2015-05-28 18:53:12',16,'2015-05-28 18:54:55'),(213,'N/A','Heng Veasna','ហេង វាសនា',1,1,NULL,0,NULL,1,1,10,0,0,0,0,0,0,50,0,0,'',1,0,0,'2014-02-01',NULL,NULL,NULL,NULL,NULL,NULL,'',1,NULL,0,0,16,'2015-05-28 18:57:56',16,'2015-05-28 19:02:04'),(214,'N/A','Lun Bunnath','លន់ ប៊ុនណាត',1,1,NULL,0,NULL,1,1,10,0,0,0,0,0,0,50,0,0,'',1,0,0,'2014-08-01',NULL,NULL,NULL,NULL,NULL,NULL,'',1,NULL,0,0,16,'2015-05-28 19:03:05',16,'2015-05-28 19:11:19'),(215,'N/A','Pheng Chentra','ផេង ចន្ត្រា',1,1,NULL,0,NULL,1,1,10,0,0,0,0,0,0,50,0,0,'',1,0,0,'2014-10-01',NULL,NULL,NULL,NULL,NULL,NULL,'',1,NULL,0,0,16,'2015-05-28 19:12:45',16,'2015-05-28 19:16:18'),(216,'N/A','Chheng Sothea','ឆេង សុធា',1,1,NULL,0,NULL,1,1,10,0,0,0,0,0,0,50,0,0,'',1,0,0,'2014-11-01',NULL,NULL,NULL,NULL,NULL,NULL,'',1,NULL,0,0,16,'2015-05-28 19:47:46',16,'2015-05-28 19:49:54'),(217,'N/A','Thon Makara','ផុន មករា',1,1,NULL,0,NULL,1,1,10,0,0,0,0,0,0,250,0,0,'',1,0,0,'2014-11-01',NULL,NULL,NULL,NULL,NULL,NULL,'',1,NULL,0,0,16,'2015-05-28 19:50:56',16,'2015-05-28 19:52:08'),(218,'N/A','Yorng Vannda','យ៉ង់ វណ្ណដា',1,1,NULL,0,NULL,1,1,10,0,0,0,0,0,0,50,0,0,'',1,0,0,'2014-11-01',NULL,NULL,NULL,NULL,NULL,NULL,'',1,NULL,0,0,16,'2015-05-28 19:53:20',16,'2015-05-28 19:55:17'),(219,'N/A','Tan Youlong ','តាន យូឡុង',1,1,NULL,0,NULL,1,1,10,0,0,0,0,0,0,250,0,0,'',1,0,0,'2015-04-01',NULL,NULL,NULL,NULL,NULL,NULL,'',1,NULL,0,0,16,'2015-05-28 19:56:26',16,'2015-05-28 19:57:51'),(220,'N/A','Chhorn Vireak','ឆន វីរៈ',1,1,NULL,0,NULL,NULL,NULL,10,NULL,NULL,NULL,NULL,0,0,50,0,0,'',1,NULL,NULL,NULL,NULL,NULL,NULL,NULL,NULL,NULL,'',1,NULL,0,0,16,'2015-05-28 19:59:51',16,'2015-05-28 20:01:03'),(221,'N/A','Thong Seanghak','ធុន ស៊ាងហាក់',1,1,NULL,0,NULL,1,1,10,0,0,0,0,0,0,50,0,0,'',1,0,0,'2014-02-16',NULL,NULL,NULL,NULL,NULL,NULL,'',1,NULL,0,0,16,'2015-05-28 20:02:38',16,'2015-05-28 20:03:48'),(222,'N/A','Sim Sous','ស៊ឹម សួស',1,1,NULL,0,NULL,1,1,10,0,0,0,0,0,0,50,0,0,'',1,0,0,'2011-11-01',NULL,NULL,NULL,NULL,NULL,NULL,'',1,NULL,0,0,16,'2015-05-28 20:07:33',16,'2015-05-28 20:09:03'),(223,'N/A','Vin Veth','វីន វ៉េត',1,1,NULL,0,NULL,1,1,10,0,0,0,0,0,0,50,0,0,'',1,0,0,'2011-11-01',NULL,NULL,NULL,NULL,NULL,NULL,'',1,NULL,0,0,16,'2015-05-28 20:09:45',16,'2015-05-28 20:10:57'),(224,'N/A','Ouk Thorn','អួក ថន',1,1,NULL,0,NULL,1,1,10,0,0,0,0,0,0,50,0,0,'',1,0,0,'2012-01-01',NULL,NULL,NULL,NULL,NULL,NULL,'',1,NULL,0,0,16,'2015-05-28 20:12:05',16,'2015-05-28 20:15:11'),(225,'N/A','Khat Dok','ខាត់ ឌុក',1,1,NULL,0,NULL,1,1,10,0,0,0,0,0,0,50,0,0,'',1,0,0,'2012-10-22',NULL,NULL,NULL,NULL,NULL,NULL,'',1,NULL,0,0,16,'2015-05-28 20:17:17',16,'2015-05-28 20:20:34'),(226,'N/A','Sean Sothea','ស៊ាន សុធា',1,1,NULL,0,NULL,1,1,10,0,0,0,0,0,0,50,0,0,'',1,0,0,'2014-04-19',NULL,NULL,NULL,NULL,NULL,NULL,'',1,NULL,0,0,16,'2015-05-28 20:21:33',16,'2015-05-28 20:23:09'),(227,'N/A','Chok Kie','ចក់ កែ',1,1,NULL,0,NULL,1,1,10,0,0,0,0,0,0,50,0,0,'',1,0,0,'2014-06-08',NULL,NULL,NULL,NULL,NULL,NULL,'',1,NULL,0,0,16,'2015-05-28 20:26:29',16,'2015-05-28 20:28:34'),(228,'N/A','Chok Vann','ចក់ វាន់',1,1,NULL,0,NULL,1,1,10,0,0,0,0,0,0,50,0,0,'',1,0,0,'2014-06-11',NULL,NULL,NULL,NULL,NULL,NULL,'',1,NULL,0,0,16,'2015-05-28 20:30:30',16,'2015-05-29 19:26:26'),(229,'N/A','Yoen Krem','យឺន ក្រឹម',1,1,NULL,0,NULL,1,1,10,0,0,0,0,0,0,50,0,0,'',1,0,0,'2014-09-01',NULL,NULL,NULL,NULL,NULL,NULL,'',1,NULL,0,0,16,'2015-05-29 19:27:53',16,'2015-05-29 19:29:50'),(230,'N/A','Vay Phean','វ៉ាយ ភាន់',1,1,NULL,0,NULL,1,1,10,0,0,0,0,0,0,50,0,0,'',1,0,0,'2013-06-01',NULL,NULL,NULL,NULL,NULL,NULL,'',1,NULL,0,0,16,'2015-05-29 19:31:01',16,'2015-05-29 19:45:01'),(231,'N/A','Seang Vin','សៀង រិន',1,1,NULL,0,NULL,1,1,10,0,0,0,0,0,0,50,0,0,'',1,0,0,'2015-01-01',NULL,NULL,NULL,NULL,NULL,NULL,'',1,NULL,0,0,16,'2015-05-29 19:47:35',16,'2015-05-29 19:49:51'),(232,'N/A','Heang Sann','ហ៊ាង ស៊ាន់',1,NULL,NULL,NULL,NULL,NULL,NULL,10,NULL,NULL,NULL,NULL,0,0,0,0,0,NULL,NULL,NULL,NULL,NULL,NULL,NULL,NULL,NULL,NULL,NULL,NULL,NULL,NULL,0,1,16,'2015-05-29 19:50:47',16,'2015-06-03 16:25:25'),(233,'N/A','Heang Sann','ហ៊ាង ស៊ាន់',1,1,NULL,0,NULL,1,1,10,0,0,0,0,0,0,50,0,0,'',1,0,0,'2015-01-18',NULL,NULL,NULL,NULL,NULL,NULL,'',1,NULL,0,0,16,'2015-05-29 20:16:03',16,'2015-05-29 20:42:14'),(234,'N/A','Sou Long ','សួរ ឡុង',1,1,NULL,0,NULL,3,1,10,0,0,0,0,0,0,50,0,0,'',1,0,0,'2015-02-02',NULL,NULL,NULL,NULL,NULL,NULL,'',1,NULL,0,0,16,'2015-05-30 15:00:21',16,'2015-05-30 15:15:41'),(235,'N/A','Thea Thou','ធា ធូ',1,1,NULL,0,NULL,1,1,10,0,0,0,0,0,0,50,0,0,'',1,0,0,'2013-09-28',NULL,NULL,NULL,NULL,NULL,NULL,'',1,NULL,0,0,16,'2015-05-30 15:19:01',16,'2015-05-30 15:24:33'),(236,'N/A','Phin Run','ភិន រុន',1,1,NULL,0,NULL,1,1,10,0,0,0,0,0,0,50,0,0,'',1,0,0,'2014-11-04',NULL,NULL,NULL,NULL,NULL,NULL,'',1,NULL,0,0,16,'2015-06-01 14:08:32',16,'2015-06-01 14:12:54'),(237,'N/A','Sorn Vannak','សន វណ្ណៈ',1,1,NULL,0,NULL,1,1,10,0,0,0,0,0,0,50,0,0,'',1,0,0,'2011-02-01',NULL,NULL,NULL,NULL,NULL,NULL,'',1,NULL,0,0,16,'2015-06-01 14:14:51',16,'2015-06-01 14:19:12'),(238,'N/A','Say soknath','សាយ សុខណាត',0,1,NULL,0,NULL,1,1,10,0,0,0,0,0,0,50,0,0,'',1,0,0,'2012-07-02',NULL,NULL,NULL,NULL,NULL,NULL,'',1,NULL,0,0,16,'2015-06-01 14:21:36',16,'2015-06-01 14:24:46'),(239,'N/A','Veth Raphal','វ៉េត រ៉ាផល',1,NULL,NULL,NULL,NULL,1,1,10,0,0,0,0,0,0,50,0,0,'',1,0,0,'2014-02-02',NULL,NULL,NULL,NULL,NULL,NULL,NULL,NULL,NULL,0,0,16,'2015-06-01 14:26:17',16,'2015-06-01 14:35:11'),(240,'N/A','Hin Saran','ហ៊ិន សារ៉ាន់',1,1,NULL,0,NULL,1,1,10,0,0,0,0,0,0,50,0,0,'',1,0,0,'2010-05-20',NULL,NULL,NULL,NULL,NULL,NULL,'',1,NULL,0,0,16,'2015-06-01 14:39:56',16,'2015-06-01 14:41:07'),(241,'N/A','Chhorm theanak','ឆោម ធាណាក់',1,1,NULL,0,NULL,1,1,10,0,0,0,0,0,0,50,0,0,'',1,0,0,'2014-08-08',NULL,NULL,NULL,NULL,NULL,NULL,'',1,NULL,0,0,16,'2015-06-01 14:43:45',16,'2015-06-01 14:45:35'),(242,'N/A','Sorn Seyha','សន សីហា',1,1,NULL,0,NULL,1,1,10,0,0,0,0,0,0,50,0,0,'',1,0,0,'2011-11-17',NULL,NULL,NULL,NULL,NULL,NULL,'',1,NULL,0,0,16,'2015-06-01 14:48:12',16,'2015-06-01 14:50:48'),(243,'N/A','Kean Layheang ','កៀន ឡៃហៀង',1,1,NULL,0,NULL,1,1,10,0,0,0,0,0,0,50,0,0,'',1,0,0,'2011-10-09',NULL,NULL,NULL,NULL,NULL,NULL,'',1,NULL,0,0,16,'2015-06-01 14:53:01',16,'2015-06-01 14:55:32'),(244,'N/A','Sath Boeun','សាត់ បឿន',1,1,NULL,0,NULL,1,1,10,0,0,0,0,0,0,50,0,0,'',1,0,0,'2011-10-09',NULL,NULL,NULL,NULL,NULL,NULL,'',1,NULL,0,0,16,'2015-06-01 14:57:39',16,'2015-06-01 15:02:08'),(245,'N/A','Chhem Ratha','ឆែម រដ្ឋា',1,1,NULL,0,NULL,1,1,10,0,0,0,0,0,0,50,0,0,'',1,0,0,'2013-02-02',NULL,NULL,NULL,NULL,NULL,NULL,'',1,NULL,0,0,16,'2015-06-01 15:07:08',16,'2015-06-01 15:13:32'),(246,'N/A','Thon Sinal ','ធុន ស៊ីណាល់',1,1,NULL,0,NULL,1,1,10,0,0,0,0,0,0,50,0,0,'',1,0,0,'2014-09-01',NULL,NULL,NULL,NULL,NULL,NULL,'',1,NULL,0,0,16,'2015-06-01 15:15:10',16,'2015-06-01 15:18:45'),(247,'N/A','Hin Sarath','ហ៊ិន សារ៉ាត់',1,1,NULL,0,NULL,1,1,10,0,0,0,0,0,0,50,0,0,'',1,0,0,'2014-02-15',NULL,NULL,NULL,NULL,NULL,NULL,'',1,NULL,0,0,16,'2015-06-01 15:19:39',16,'2015-06-01 15:21:19'),(248,'N/A','Chomnan Ravorn','ចំណាន រ៉ាវ័ន្ត',1,1,NULL,0,NULL,1,1,10,0,0,0,0,0,0,50,0,0,'',1,0,0,'2014-12-01',NULL,NULL,NULL,NULL,NULL,NULL,'',1,NULL,0,0,16,'2015-06-01 15:24:03',16,'2015-06-01 15:31:36'),(249,'N/A','Ouch Sokhom','អ៊ុច សុខំ',1,1,NULL,0,NULL,1,1,10,0,0,0,0,0,0,50,0,0,'',1,0,0,'2015-01-18',NULL,NULL,NULL,NULL,NULL,NULL,'',1,NULL,0,0,16,'2015-06-01 15:32:29',16,'2015-06-01 15:34:29'),(250,'N/A','Douk Nan','ឌួក ណាន',1,1,NULL,0,NULL,1,1,10,0,0,0,0,0,0,50,0,0,'',1,0,0,'2015-02-01',NULL,NULL,NULL,NULL,NULL,NULL,'',1,NULL,0,0,16,'2015-06-01 15:35:55',16,'2015-06-01 15:36:58'),(251,'N/A','Chhem Kosal','ឆែម កុសល',1,1,NULL,0,NULL,1,1,10,0,0,0,0,0,0,50,0,0,'',1,0,0,'2015-02-01',NULL,NULL,NULL,NULL,NULL,NULL,'',1,NULL,0,0,16,'2015-06-01 15:39:50',16,'2015-06-01 15:42:01'),(252,'N/A','Chum Sorin','ជុំ សូរិន',1,1,NULL,0,NULL,1,1,10,0,0,0,0,0,0,50,0,0,'',1,0,0,'2011-06-13',NULL,NULL,NULL,NULL,NULL,NULL,'',1,NULL,0,0,16,'2015-06-01 15:44:41',16,'2015-06-01 15:46:33'),(253,'N/A','Chea Soa','ជា សៅ',1,1,NULL,0,NULL,1,1,10,0,0,0,0,0,0,50,0,0,'',1,0,0,'2011-07-24',NULL,NULL,NULL,NULL,NULL,NULL,'',1,NULL,0,0,16,'2015-06-01 15:50:32',16,'2015-06-01 15:55:20'),(254,'N/A','Horth Proseur','ហ៊ត់ ប្រសើរ',1,1,NULL,0,NULL,1,1,10,0,0,0,0,0,0,50,0,0,'',1,0,0,'2011-11-01',NULL,NULL,NULL,NULL,NULL,NULL,'',1,NULL,0,0,16,'2015-06-01 16:20:04',16,'2015-06-01 16:22:18'),(255,'N/A','Kim Pheng ','គីម ផេង',1,1,NULL,0,NULL,1,1,10,0,0,0,0,0,0,50,0,0,'',1,0,0,'2011-12-04',NULL,NULL,NULL,NULL,NULL,NULL,'',1,NULL,0,0,16,'2015-06-01 16:26:26',16,'2015-06-01 16:28:07'),(256,'N/A','Choup Bunnath','ជួប ប៊ុនណាត',1,1,NULL,0,NULL,1,1,10,0,0,0,0,0,0,50,0,0,'',1,0,0,'2011-12-01',NULL,NULL,NULL,NULL,NULL,NULL,'',1,NULL,0,0,16,'2015-06-01 16:29:18',16,'2015-06-01 16:31:23'),(257,'N/A','Keo Channorn','កែវ ចាន់ណន',1,1,NULL,0,NULL,1,1,10,0,0,0,0,0,0,50,0,0,'',1,0,0,'2012-08-22',NULL,NULL,NULL,NULL,NULL,NULL,'',1,NULL,0,0,16,'2015-06-01 16:33:33',16,'2015-06-01 16:36:16'),(258,'N/A','Sem Kosal','សឹម កុសល',1,1,NULL,0,NULL,1,1,10,0,0,0,0,0,0,50,0,0,'',1,0,0,'2012-10-01',NULL,NULL,NULL,NULL,NULL,NULL,'',1,NULL,0,0,16,'2015-06-01 17:58:44',16,'2015-06-01 18:00:25'),(259,'N/A','Mork Deuk','ម៉ម ឌីក',1,1,NULL,0,NULL,1,1,10,0,0,0,0,0,0,50,0,0,'',1,0,0,'2012-10-02',NULL,NULL,NULL,NULL,NULL,NULL,'',1,NULL,0,0,16,'2015-06-01 18:02:40',16,'2015-06-01 18:04:35'),(260,'N/A','Moeng Kong ','ម៉ឹង គង់',1,1,NULL,0,NULL,1,1,10,0,0,0,0,0,0,50,0,0,'',1,0,0,'2013-07-01',NULL,NULL,NULL,NULL,NULL,NULL,'',1,NULL,0,0,16,'2015-06-01 18:05:40',16,'2015-06-01 18:07:16'),(261,'N/A','Moeun Sim','មឿន ស៊ីម',1,1,NULL,0,NULL,1,1,10,0,0,0,0,0,0,50,0,0,'',1,0,0,'2011-06-18',NULL,NULL,NULL,NULL,NULL,NULL,'',1,NULL,0,0,16,'2015-06-01 20:01:26',16,'2015-06-01 20:03:06'),(262,'N/A','Lorn Tha','លន ថា',1,1,NULL,0,NULL,1,1,10,0,0,0,0,0,0,50,0,0,'',1,0,0,'2011-07-21',NULL,NULL,NULL,NULL,NULL,NULL,'',1,NULL,0,0,16,'2015-06-01 20:03:41',16,'2015-06-01 20:05:44'),(263,'N/A','Sok Ratana','សុខ រតនា',2,2,NULL,0,NULL,1,1,10,0,0,0,0,0,0,50,0,0,'',1,0,0,'2011-08-01',NULL,NULL,NULL,NULL,NULL,NULL,'',1,NULL,0,0,16,'2015-06-01 20:06:38',16,'2015-06-01 20:08:08'),(264,'N/A','Rous Kimsean','រស់ គឹមស៊ាន',1,1,NULL,0,NULL,1,1,10,0,0,0,0,0,0,50,0,0,'',1,0,0,'2011-08-10',NULL,NULL,NULL,NULL,NULL,NULL,'',1,NULL,0,0,16,'2015-06-01 20:08:57',16,'2015-06-01 20:10:27'),(265,'N/A','Koun Kimheang','គួន គឹមហ៊ាង',2,1,NULL,0,NULL,1,1,10,0,0,0,0,0,0,50,0,0,'',1,0,0,'2011-11-01',NULL,NULL,NULL,NULL,NULL,NULL,'',1,NULL,0,0,16,'2015-06-01 20:11:19',16,'2015-06-01 20:12:58'),(266,'N/A','Koun Kimhoeun','គួន គឹមហឿន',2,2,NULL,0,NULL,1,1,10,0,0,0,0,0,0,50,0,0,'',1,0,0,'2011-11-01',NULL,NULL,NULL,NULL,NULL,NULL,'',1,NULL,0,0,16,'2015-06-01 20:14:41',16,'2015-06-01 20:16:40'),(267,'N/A','Chap Chantha','ចាប ចន្ថា',2,2,NULL,0,NULL,1,1,10,0,0,0,0,0,0,50,0,0,'',1,0,0,'2012-01-01',NULL,NULL,NULL,NULL,NULL,NULL,'',1,NULL,0,0,16,'2015-06-01 20:18:02',16,'2015-06-01 20:21:03'),(268,'N/A','Sok Sokhom','សុខ សុខុម',2,2,NULL,0,NULL,1,1,10,0,0,0,0,0,0,50,0,0,'',1,0,0,'2011-02-01',NULL,NULL,NULL,NULL,NULL,NULL,'',1,NULL,0,0,16,'2015-06-01 20:21:54',16,'2015-06-01 20:23:23'),(269,'N/A','Morm Kik','ម៉ម គិក',2,2,NULL,0,NULL,1,1,10,0,0,0,0,0,0,50,0,0,'',1,0,0,'2011-02-01',NULL,NULL,NULL,NULL,NULL,NULL,'',1,NULL,0,0,16,'2015-06-01 20:24:24',16,'2015-06-01 20:26:27'),(270,'N/A','Horm Phun','ហម ភន់',2,2,NULL,0,NULL,1,1,10,0,0,0,0,0,0,50,0,0,'',1,0,0,'2011-04-01',NULL,NULL,NULL,NULL,NULL,NULL,'',1,NULL,0,0,16,'2015-06-01 20:27:34',16,'2015-06-01 20:28:57'),(271,'N/A','Thuch Sokly','ធុច សុខលី',2,2,NULL,0,NULL,1,1,10,0,0,0,0,0,0,50,0,0,'',1,0,0,'2011-04-01',NULL,NULL,NULL,NULL,NULL,NULL,'',1,NULL,0,0,16,'2015-06-01 20:29:48',16,'2015-06-01 20:31:38'),(272,'N/A','Sim Sopheak','ស៊ឹម សុភ័ក្រ្ត',2,2,NULL,0,NULL,1,1,10,0,0,0,0,0,0,50,0,0,'',1,0,0,'2011-04-01',NULL,NULL,NULL,NULL,NULL,NULL,'',1,NULL,0,0,16,'2015-06-01 20:32:39',16,'2015-06-01 20:35:08'),(273,'N/A','Sim Sophien','ស៊ឹម សុផែន',2,2,NULL,0,NULL,1,1,10,0,0,0,0,0,0,50,0,0,'',1,0,0,'2012-04-23',NULL,NULL,NULL,NULL,NULL,NULL,'',1,NULL,0,0,16,'2015-06-01 20:37:21',16,'2015-06-01 20:39:56'),(274,'N/A','Seang Ravy','សៀង រ៉ាវី',1,1,NULL,0,NULL,1,1,10,0,0,0,0,0,0,50,0,0,'',1,0,0,'2012-07-02',NULL,NULL,NULL,NULL,NULL,NULL,'',1,NULL,0,0,16,'2015-06-01 20:40:49',16,'2015-06-01 20:49:50'),(275,'N/A','Eng Thea','អេង ធា',1,1,NULL,0,NULL,1,1,10,0,0,0,0,0,0,50,0,0,'',1,0,0,'2012-09-17',NULL,NULL,NULL,NULL,NULL,NULL,'',1,NULL,0,0,16,'2015-06-01 20:50:34',16,'2015-06-01 20:52:20'),(276,'N/A','Loeung Sousday','លឿង សួស្តី',2,2,NULL,0,NULL,1,1,10,0,0,0,0,0,0,50,0,0,'',1,0,0,'2012-09-17',NULL,NULL,NULL,NULL,NULL,NULL,'',1,NULL,0,0,16,'2015-06-01 20:53:07',16,'2015-06-01 20:59:21'),(277,'N/A','Doung Saron','ដួង​​ សារ៉ន',2,2,NULL,0,NULL,1,1,10,0,0,0,0,0,0,50,0,0,'',1,0,0,'2012-09-26',NULL,NULL,NULL,NULL,NULL,NULL,'',1,NULL,0,0,16,'2015-06-01 20:55:38',16,'2015-06-01 20:57:12'),(278,'N/A','Sreng Hun','ស្រេង ហុន',2,2,NULL,0,NULL,1,1,10,0,0,0,0,0,0,50,0,0,'',1,0,0,'2012-09-28',NULL,NULL,NULL,NULL,NULL,NULL,'',1,NULL,0,0,16,'2015-06-01 21:00:42',16,'2015-06-01 21:02:47'),(279,'N/A','Leung Noun','ឡើង នួន',2,2,NULL,0,NULL,1,1,10,0,0,0,0,0,0,50,0,0,'',1,0,0,'2012-10-01',NULL,NULL,NULL,NULL,NULL,NULL,'',1,NULL,0,0,16,'2015-06-01 21:03:40',16,'2015-06-01 21:04:55'),(280,'N/A','Iy Sophara','អ៊ី សុផារ៉ា',1,1,NULL,0,NULL,1,1,10,0,0,0,0,0,0,50,0,0,'',1,0,0,'2012-10-20',NULL,NULL,NULL,NULL,NULL,NULL,'',1,NULL,0,0,16,'2015-06-01 21:06:20',16,'2015-06-01 21:07:34'),(281,'N/A','Yim Him','យឹម ហ៊ឹម',2,2,NULL,0,NULL,1,1,10,0,0,0,0,0,0,50,0,0,'',1,0,0,'2012-10-20',NULL,NULL,NULL,NULL,NULL,NULL,'',1,NULL,0,0,16,'2015-06-01 21:08:35',16,'2015-06-01 21:10:08'),(282,'N/A','Heam Heang ','ហៀម ហៀង',1,1,NULL,0,NULL,1,1,10,0,0,0,0,0,0,50,0,0,'',1,0,0,'2012-10-20',NULL,NULL,NULL,NULL,NULL,NULL,'',1,NULL,0,0,16,'2015-06-01 21:10:53',16,'2015-06-01 21:13:21'),(283,'N/A','Meo Sreyneang','ម៉ៅ ស្រីនាង',2,2,NULL,0,NULL,1,1,10,0,0,0,0,0,0,50,0,0,'',1,0,0,'2012-11-01',NULL,NULL,NULL,NULL,NULL,NULL,'',1,NULL,0,0,16,'2015-06-01 21:14:39',16,'2015-06-01 21:16:24'),(284,'N/A','Ny Samnang','នី សំណាង',1,1,NULL,0,NULL,1,1,10,0,0,0,0,0,0,50,0,0,'',1,0,0,'2012-11-14',NULL,NULL,NULL,NULL,NULL,NULL,'',1,NULL,0,0,16,'2015-06-01 21:17:30',16,'2015-06-01 21:21:25'),(285,'N/A','Chan Chanthoeun','ចាន់ ចាន់ធឿន',1,1,NULL,0,NULL,1,1,10,0,0,0,0,0,0,50,0,0,'',1,0,0,'2012-12-03',NULL,NULL,NULL,NULL,NULL,NULL,'',1,NULL,0,0,16,'2015-06-01 21:23:57',16,'2015-06-01 21:25:07'),(286,'N/A','Seum sophak','សឺម សុភាក់',2,2,NULL,0,NULL,1,1,10,0,0,0,0,0,0,50,0,0,'',1,0,0,'2012-12-03',NULL,NULL,NULL,NULL,NULL,NULL,'',1,NULL,0,0,16,'2015-06-01 21:26:51',16,'2015-06-01 21:28:52'),(287,'N/A','Keo Navy','កែវ ណាវី',2,2,NULL,0,NULL,1,1,10,0,0,0,0,0,0,50,0,0,'',1,0,0,'2013-02-01',NULL,NULL,NULL,NULL,NULL,NULL,'',1,NULL,0,0,16,'2015-06-01 21:31:23',16,'2015-06-01 21:33:38'),(288,'N/A','Neth Sophoeun','នេត សុភឿន',2,2,NULL,0,NULL,1,1,10,0,0,0,0,0,0,50,0,0,'',1,0,0,'2013-06-01',NULL,NULL,NULL,NULL,NULL,NULL,'',1,NULL,0,0,16,'2015-06-01 21:34:36',16,'2015-06-01 21:36:37'),(289,'N/A','Keo Phath','កែវ ផាត',1,1,NULL,0,NULL,1,1,10,0,0,0,0,0,0,50,0,0,'',1,0,0,'2013-06-12',NULL,NULL,NULL,NULL,NULL,NULL,'',1,NULL,0,0,16,'2015-06-01 21:40:44',16,'2015-06-01 21:42:51'),(290,'N/A','Heam Hum','ហៀម ហំ',1,1,NULL,0,NULL,1,1,10,0,0,0,0,0,0,50,0,0,'',1,0,0,'2013-12-01',NULL,NULL,NULL,NULL,NULL,NULL,'',1,NULL,0,0,16,'2015-06-01 21:44:15',16,'2015-06-01 21:45:36'),(291,'N/A','Math  Sophorn','ម៉ាត់ សុភ័ណ',2,2,NULL,0,NULL,1,1,10,0,0,0,0,0,0,50,0,0,'',1,0,0,'2013-07-01',NULL,NULL,NULL,NULL,NULL,NULL,'',1,NULL,0,0,16,'2015-06-01 21:50:51',16,'2015-06-01 21:52:07'),(292,'N/A','Doeu Sreynak','ឌឿ ស្រីណាក់',2,2,NULL,0,NULL,1,1,10,0,0,0,0,0,0,50,0,0,'',1,0,0,'2013-07-01',NULL,NULL,NULL,NULL,NULL,NULL,'',1,NULL,0,0,16,'2015-06-02 13:36:55',16,'2015-06-02 13:40:38'),(293,'N/A','Sorth Phearom','ស៊ត ភីរម្យ',1,1,NULL,0,NULL,1,1,10,0,0,0,0,0,0,50,0,0,'',1,0,0,'2013-07-01',NULL,NULL,NULL,NULL,NULL,NULL,'',1,NULL,0,0,16,'2015-06-02 13:42:16',16,'2015-06-02 13:44:09'),(294,'N/A','Eum Rithy','អ៊ឹម រិទ្ធី',1,1,NULL,0,NULL,1,1,10,0,0,0,0,0,0,50,0,0,'',1,0,0,'2013-07-10',NULL,NULL,NULL,NULL,NULL,NULL,'',1,NULL,0,0,16,'2015-06-02 13:48:53',16,'2015-06-02 13:50:50'),(295,'N/A','Sam Sieth','សាំ សែត',2,1,NULL,0,NULL,1,1,10,0,0,0,0,0,0,500,0,0,'',1,0,0,'2013-08-07',NULL,NULL,NULL,NULL,NULL,NULL,'',1,NULL,0,0,16,'2015-06-02 13:53:26',16,'2015-06-02 13:56:04'),(296,'N/A','Chhum Noeun','ឈុំ នឿន',2,2,NULL,0,NULL,1,1,10,0,0,0,0,0,0,50,0,0,'',1,0,0,'2013-08-07',NULL,NULL,NULL,NULL,NULL,NULL,'',1,NULL,0,0,16,'2015-06-02 13:57:49',16,'2015-06-02 14:00:57'),(297,'N/A','Sith Savin','សិត សាវីន',2,2,NULL,0,NULL,1,1,10,0,0,0,0,0,0,0,0,0,'',1,0,0,'2013-08-07',NULL,NULL,NULL,NULL,NULL,NULL,'',1,NULL,0,0,16,'2015-06-02 14:04:33',16,'2015-06-02 14:12:49'),(298,'N/A','Chhit chhem','ឈិត ឆែម',1,1,NULL,0,NULL,1,1,10,0,0,0,0,0,0,50,0,0,'',1,0,0,'2013-09-01',NULL,NULL,NULL,NULL,NULL,NULL,'',1,NULL,0,0,16,'2015-06-02 14:15:11',16,'2015-06-02 14:20:48'),(299,'N/A','Seang Sreyneang','សៀង ស្រីនាង',2,2,NULL,0,NULL,1,1,10,0,0,0,0,0,0,50,0,0,'',1,0,0,'2013-09-01',NULL,NULL,NULL,NULL,NULL,NULL,'',1,NULL,0,0,16,'2015-06-02 14:21:31',16,'2015-06-02 14:26:46'),(300,'N/A','Kha Sambo','ខា សំបូរ',2,2,NULL,0,NULL,1,1,10,0,0,0,0,0,0,50,0,0,'',1,0,0,'2013-10-07',NULL,NULL,NULL,NULL,NULL,NULL,'',1,NULL,0,0,16,'2015-06-02 14:27:47',16,'2015-06-02 14:29:49'),(301,'N/A','Doeun yethleang','ឌឿន យ៉េតលាង',2,NULL,NULL,NULL,NULL,NULL,NULL,0,NULL,NULL,NULL,NULL,0,0,0,0,0,NULL,NULL,NULL,NULL,NULL,NULL,NULL,NULL,NULL,NULL,NULL,NULL,NULL,NULL,0,0,16,'2015-06-02 14:33:28',NULL,'2015-06-02 14:33:28'),(302,'N/A','Doeun yethleang','ឌឿន យ៉េតលាង',2,1,NULL,0,NULL,1,1,10,0,0,0,0,0,0,50,0,0,'',1,0,0,'2013-10-11',NULL,NULL,NULL,NULL,NULL,NULL,'',1,NULL,0,0,16,'2015-06-02 14:33:46',16,'2015-06-02 14:40:37'),(303,'N/A','Seang Nary','សៀង ណារី',1,1,NULL,0,NULL,1,1,10,0,0,0,0,0,0,50,0,0,'',1,0,0,'2013-11-01',NULL,NULL,NULL,NULL,NULL,NULL,'',1,NULL,0,0,16,'2015-06-02 14:41:28',16,'2015-06-02 14:45:23'),(304,'N/A','Seung Phary','ស៊ឹង ផារី',2,1,NULL,0,NULL,1,1,10,0,0,0,0,0,0,50,0,0,'',1,0,0,'2013-12-01',NULL,NULL,NULL,NULL,NULL,NULL,'',1,NULL,0,0,16,'2015-06-02 14:47:47',16,'2015-06-02 14:52:20'),(305,'N/A','Vorn Vuthy','វន វុទ្ធី',2,1,NULL,0,NULL,1,1,10,0,0,0,0,0,0,50,0,0,'',1,0,0,'2013-12-01',NULL,NULL,NULL,NULL,NULL,NULL,'',1,NULL,0,0,16,'2015-06-02 14:55:53',16,'2015-06-02 14:59:37'),(306,'N/A','Un Oun','អុន អូន',2,2,NULL,0,NULL,1,1,10,0,0,0,0,0,0,50,0,0,'',1,0,0,'2014-01-01',NULL,NULL,NULL,NULL,NULL,NULL,'',1,NULL,0,0,16,'2015-06-02 15:01:18',16,'2015-06-02 16:07:19'),(307,'N/A','Pok Sreypov','ប៉ក់ ស្រីពៅ',2,2,NULL,0,NULL,1,1,10,0,0,0,0,0,0,50,0,0,'',1,0,0,'2014-01-01',NULL,NULL,NULL,NULL,NULL,NULL,'',1,NULL,0,0,16,'2015-06-02 16:11:11',16,'2015-06-02 16:13:11'),(308,'N/A','Samnang Chanthou','សំណាង ចន្ធូ',2,2,NULL,0,NULL,1,1,10,0,0,0,0,0,0,50,0,0,'',1,0,0,'2014-01-03',NULL,NULL,NULL,NULL,NULL,NULL,'',1,NULL,0,0,16,'2015-06-02 16:13:58',16,'2015-06-02 16:16:12'),(309,'N/A','Chhorm voleak','ឆោម វល័ក្ខ',2,2,NULL,0,NULL,1,1,10,0,0,0,0,0,0,50,0,0,'',1,0,0,'2014-02-05',NULL,NULL,NULL,NULL,NULL,NULL,'',1,NULL,0,0,16,'2015-06-02 16:18:09',16,'2015-06-02 16:19:32'),(310,'N/A','Lak Lay','លាក ឡេ',1,1,NULL,0,NULL,1,1,10,0,0,0,0,0,0,50,0,0,'',1,0,0,'2014-03-01',NULL,NULL,NULL,NULL,NULL,NULL,'',1,NULL,0,0,16,'2015-06-02 16:25:34',16,'2015-06-02 16:30:14'),(311,'N/A','Porn Sopheap','ថន សុភាព',2,2,NULL,0,NULL,1,1,10,0,0,0,0,0,0,50,0,0,'',0,0,0,'2014-05-01',NULL,NULL,NULL,NULL,NULL,NULL,'',1,NULL,0,0,16,'2015-06-02 17:53:23',16,'2015-06-02 17:59:06'),(312,'N/A','Chok Sophea','ចក់ សុភា',2,2,NULL,0,NULL,1,1,10,0,0,0,0,0,0,50,0,0,'',1,0,0,'2014-05-01',NULL,NULL,NULL,NULL,NULL,NULL,'',1,NULL,0,0,16,'2015-06-02 18:00:50',16,'2015-06-02 18:02:19'),(313,'N/A','Dum Chhunly','ដុំ ឈុនលី',2,2,NULL,0,NULL,1,1,10,0,0,0,0,0,0,50,0,0,'',1,0,0,'2014-05-12',NULL,NULL,NULL,NULL,NULL,NULL,'',1,NULL,0,0,16,'2015-06-02 18:03:44',16,'2015-06-02 18:07:22'),(314,'N/A','On Eang','អ៊ន អៀង',1,1,NULL,0,NULL,1,1,10,0,0,0,0,0,0,50,0,0,'',1,0,0,'2014-05-12',NULL,NULL,NULL,NULL,NULL,NULL,'',1,NULL,0,0,16,'2015-06-02 18:08:12',16,'2015-06-02 18:12:13'),(315,'N/A','Loeung Lam','លឿង ឡាំ',2,2,NULL,0,NULL,1,1,10,0,0,0,0,0,0,50,0,0,'',1,0,0,'2014-06-01',NULL,NULL,NULL,NULL,NULL,NULL,'',1,NULL,0,0,16,'2015-06-02 18:12:54',16,'2015-06-02 18:18:37'),(316,'N/A','Heath Sochey','ហៀត សុជ័យ',1,1,NULL,0,NULL,1,1,10,0,0,0,0,0,0,50,0,0,'',1,0,0,'2014-06-02',NULL,NULL,NULL,NULL,NULL,NULL,'',1,NULL,0,0,16,'2015-06-02 18:21:08',16,'2015-06-02 18:31:28'),(317,'N/A','Chheng Pengsie','ឆេង ប៉េងសែ',1,1,NULL,0,NULL,1,1,10,0,0,0,0,0,0,50,0,0,'',1,0,0,'2014-07-01',NULL,NULL,NULL,NULL,NULL,NULL,'',1,NULL,0,0,16,'2015-06-02 18:34:59',16,'2015-06-02 18:39:16'),(318,'N/A','Pheum Thunna','ភឹម ធុនណា',2,2,NULL,0,NULL,1,1,10,0,0,0,0,0,0,50,0,0,'',1,0,0,'2014-07-01',NULL,NULL,NULL,NULL,NULL,NULL,'',1,NULL,0,0,16,'2015-06-02 18:42:45',16,'2015-06-02 18:46:14'),(319,'N/A','Kin Phalla','គិន ផល្លា',2,2,NULL,0,NULL,1,1,10,0,0,0,0,0,0,50,0,0,'',1,0,0,'2014-07-01',NULL,NULL,NULL,NULL,NULL,NULL,'',1,NULL,0,0,16,'2015-06-02 18:47:21',16,'2015-06-02 18:49:51'),(320,'N/A','Arn Sokhen','អាន សុខេន',2,2,NULL,0,NULL,1,1,10,0,0,0,0,0,0,50,0,0,'',1,0,0,'2014-07-02',NULL,NULL,NULL,NULL,NULL,NULL,'',1,NULL,0,0,16,'2015-06-02 18:50:52',16,'2015-06-02 18:53:05'),(321,'N/A','Reth Tatana','រ៉េត រតនា',1,1,NULL,0,NULL,1,1,10,0,0,0,0,0,0,50,0,0,'',1,0,0,'2014-07-02',NULL,NULL,NULL,NULL,NULL,NULL,'',1,NULL,0,0,16,'2015-06-02 18:53:40',16,'2015-06-02 18:56:34'),(322,'N/A','Gnin Cheth ','ងីម ចិត្ត',1,1,NULL,0,NULL,1,1,10,0,0,0,0,0,0,50,0,0,'',1,0,0,'2014-07-05',NULL,NULL,NULL,NULL,NULL,NULL,'',1,NULL,0,0,16,'2015-06-02 18:58:16',16,'2015-06-02 18:59:49'),(323,'N/A','Chhay Phann','ឆួយ ភាន់',2,2,NULL,0,NULL,NULL,NULL,10,NULL,NULL,NULL,NULL,0,0,50,0,0,'',1,NULL,NULL,NULL,NULL,NULL,NULL,NULL,NULL,NULL,'',1,NULL,0,0,16,'2015-06-02 19:02:46',16,'2015-06-02 19:04:21'),(324,'N/A','San Keyla','សាន កីឡា',1,1,NULL,0,NULL,1,1,10,0,0,0,0,0,0,50,0,0,'',1,0,0,'2014-07-05',NULL,NULL,NULL,NULL,NULL,NULL,'',1,NULL,0,0,16,'2015-06-02 19:05:37',16,'2015-06-02 19:07:10'),(325,'N/A','Doeun Sreyvann','ដឿន ស្រីរ៉ាន់',2,2,NULL,0,NULL,1,1,10,0,0,0,0,0,0,50,0,0,'',1,0,0,'2014-07-05',NULL,NULL,NULL,NULL,NULL,NULL,'',1,NULL,0,0,16,'2015-06-02 19:08:35',16,'2015-06-02 19:11:07'),(326,'N/A','Nou Vay','នូ វ៉ៃ',1,1,NULL,0,NULL,1,1,10,0,0,0,0,0,0,50,0,0,'',1,0,0,'2014-07-09',NULL,NULL,NULL,NULL,NULL,NULL,'',1,NULL,0,0,16,'2015-06-02 19:11:48',16,'2015-06-02 19:13:18'),(327,'N/A','You Phanny','យូ ផាន់នី',2,2,NULL,0,NULL,1,1,10,0,0,0,0,0,0,50,0,0,'',1,0,0,'2014-07-09',NULL,NULL,NULL,NULL,NULL,NULL,'',1,NULL,0,0,16,'2015-06-02 19:14:59',16,'2015-06-02 19:16:54'),(328,'N/A','Sol Pisey','សល់ ពិសី',1,1,NULL,0,NULL,1,1,10,0,0,0,0,0,0,50,0,0,'',1,0,0,'2014-07-08',NULL,NULL,NULL,NULL,NULL,NULL,'',1,NULL,0,0,16,'2015-06-02 19:18:13',16,'2015-06-02 19:20:01'),(329,'N/A','Seum Sophon','សឹម សុភន់',2,2,NULL,0,NULL,1,1,10,0,0,0,0,0,0,50,0,0,'',1,0,0,'2014-07-08',NULL,NULL,NULL,NULL,NULL,NULL,'',1,NULL,0,0,16,'2015-06-02 19:21:22',16,'2015-06-02 19:23:42'),(330,'N/A','Pich saline ','ពេជ សាលីន',1,1,NULL,0,NULL,1,1,10,0,0,0,0,0,0,50,0,0,'',1,0,0,'2011-07-11',NULL,NULL,NULL,NULL,NULL,NULL,'',1,NULL,0,0,16,'2015-06-02 19:25:40',16,'2015-06-02 19:27:29'),(331,'N/A','Eum Sok An','អ៊ឹម សុខអាន',1,1,NULL,0,NULL,1,1,10,0,0,0,0,0,0,50,0,0,'',1,0,0,'2014-08-01',NULL,NULL,NULL,NULL,NULL,NULL,'',1,NULL,0,0,16,'2015-06-02 19:29:07',16,'2015-06-02 19:31:30'),(332,'N/A','Key Sokhom ','ឃី សុខឃីម',1,1,NULL,0,NULL,1,1,10,0,0,0,0,0,0,50,0,0,'',1,0,0,'2014-08-01',NULL,NULL,NULL,NULL,NULL,NULL,'',1,NULL,0,0,16,'2015-06-02 19:34:30',16,'2015-06-02 19:35:38'),(333,'N/A','Morm Seth','ម៉ម សិទ្ធិ',2,2,NULL,0,NULL,1,1,10,0,0,0,0,0,0,50,0,0,'',1,0,0,'2014-08-01',NULL,NULL,NULL,NULL,NULL,NULL,'',1,NULL,0,0,16,'2015-06-02 19:38:33',16,'2015-06-02 19:40:20'),(334,'N/A','Men Sokhea','ម៉ែន សុឃា',2,2,NULL,0,NULL,1,1,10,0,0,0,0,0,0,50,0,0,'',1,0,0,'2014-08-01',NULL,NULL,NULL,NULL,NULL,NULL,'',1,NULL,0,0,16,'2015-06-02 19:47:25',16,'2015-06-02 19:50:45'),(335,'N/A','Chhiv Chhub','ឈីវ ឈប់',1,1,NULL,0,NULL,1,1,10,0,0,0,0,0,0,50,0,0,'',1,0,0,'2014-08-02',NULL,NULL,NULL,NULL,NULL,NULL,'',1,NULL,0,0,16,'2015-06-02 19:51:39',16,'2015-06-02 19:55:04'),(336,'N/A','Yuth Sophea','យុត សុភា',1,1,NULL,0,NULL,1,1,10,0,0,0,0,0,0,50,0,0,'',1,0,0,'2014-08-12',NULL,NULL,NULL,NULL,NULL,NULL,'',1,NULL,0,0,16,'2015-06-02 19:55:58',16,'2015-06-02 19:57:06'),(337,'N/A','La Sophea','ឡា សុភា',1,1,NULL,0,NULL,1,1,10,0,0,0,0,0,0,50,0,0,'',1,0,0,'2014-08-13',NULL,NULL,NULL,NULL,NULL,NULL,'',1,NULL,0,0,16,'2015-06-02 19:58:40',16,'2015-06-02 20:00:23'),(338,'N/A','Sem Chanthorn','ស៊ឹម ចាន់ថន',1,1,NULL,0,NULL,1,1,10,0,0,0,0,0,0,50,0,0,'',1,0,0,'2014-08-18',NULL,NULL,NULL,NULL,NULL,NULL,'',1,NULL,0,0,16,'2015-06-02 20:01:08',16,'2015-06-02 20:02:30'),(339,'N/A','Oeun Choeun','អឿន ជឿន',1,1,NULL,0,NULL,1,1,10,0,0,0,0,0,0,50,0,0,'',1,0,0,'2014-09-03',NULL,NULL,NULL,NULL,NULL,NULL,'',1,NULL,0,0,16,'2015-06-02 20:04:37',16,'2015-06-02 20:06:07'),(340,'N/A','Yoeun Saro','យឿន សារូ',2,1,NULL,0,NULL,1,1,10,0,0,0,0,0,0,50,0,0,'',1,0,0,'2014-09-04',NULL,NULL,NULL,NULL,NULL,NULL,'',1,NULL,0,0,16,'2015-06-02 20:06:54',16,'2015-06-02 20:08:31'),(341,'N/A','Nil Chab','និល ចាប',1,1,NULL,0,NULL,1,1,10,0,0,0,0,0,0,50,0,0,'',1,0,0,'2014-09-04',NULL,NULL,NULL,NULL,NULL,NULL,'',1,NULL,0,0,16,'2015-06-02 20:09:29',16,'2015-06-02 20:11:00'),(342,'N/A','Vorn Sreylis','វន ស្រីលីស',2,1,NULL,0,NULL,1,1,10,0,0,0,0,0,0,50,0,0,'',1,0,0,'2014-09-04',NULL,NULL,NULL,NULL,NULL,NULL,'',1,NULL,0,0,16,'2015-06-02 20:11:58',16,'2015-06-02 20:14:15'),(343,'N/A','Meo Chea','ម៉ៅ ជា',1,1,NULL,0,NULL,1,1,10,0,0,0,0,0,0,50,0,0,'',1,0,0,'2014-10-03',NULL,NULL,NULL,NULL,NULL,NULL,'',1,NULL,0,0,16,'2015-06-02 20:15:27',16,'2015-06-02 20:17:12'),(344,'N/A','Ra Pharan','រ៉ា ផារ៉ាន់',1,1,NULL,0,NULL,1,1,10,0,0,0,0,0,0,50,0,0,'',1,0,0,'2014-10-04',NULL,NULL,NULL,NULL,NULL,NULL,'',1,NULL,0,0,16,'2015-06-02 20:18:14',16,'2015-06-02 20:19:32'),(345,'N/A','Pouch Vuth ','ប៉ូច វុធ',1,1,NULL,0,NULL,1,1,10,0,0,0,0,0,0,50,0,0,'',1,0,0,'2014-10-05',NULL,NULL,NULL,NULL,NULL,NULL,'',1,NULL,0,0,16,'2015-06-02 20:21:29',16,'2015-06-02 20:23:30'),(346,'N/A','Khuch Lath','ឃុច ឡាត់',2,1,NULL,0,NULL,1,1,10,0,0,0,0,0,0,50,0,0,'',1,0,0,'2014-10-06',NULL,NULL,NULL,NULL,NULL,NULL,'',1,NULL,0,0,16,'2015-06-02 20:24:38',16,'2015-06-02 20:27:50'),(347,'N/A','Kiey Vanna','កៃ លីវណ្ណា',1,1,NULL,0,NULL,1,1,10,0,0,0,0,0,0,50,0,0,'',1,0,0,'2014-10-10',NULL,NULL,NULL,NULL,NULL,NULL,'',1,NULL,0,0,16,'2015-06-02 20:30:08',16,'2015-06-02 20:31:47'),(348,'N/A','Seng Soknoeun','សេង សុនឿន',2,2,NULL,0,NULL,1,1,10,0,0,0,0,0,0,50,0,0,'',1,0,0,'2014-10-10',NULL,NULL,NULL,NULL,NULL,NULL,'',1,NULL,0,0,16,'2015-06-02 20:33:31',16,'2015-06-02 20:36:03'),(349,'N/A','Soun Sokhon','សួន សុខខន',1,1,NULL,0,NULL,1,1,10,0,0,0,0,0,0,50,0,0,'',1,0,0,'2014-10-10',NULL,NULL,NULL,NULL,NULL,NULL,'',1,NULL,0,0,16,'2015-06-02 20:36:56',16,'2015-06-02 20:38:50'),(350,'N/A','Eth Lim','អ៊ិត លីម',2,2,NULL,0,NULL,1,1,10,0,0,0,0,0,0,50,0,0,'',1,0,0,'2014-10-10',NULL,NULL,NULL,NULL,NULL,NULL,'',1,NULL,0,0,16,'2015-06-02 20:39:52',16,'2015-06-02 20:42:33'),(351,'N/A','Phath Phoeun','ផាត ភឿន',1,1,NULL,0,NULL,1,1,10,0,0,0,0,0,0,50,0,0,'',1,0,0,'2014-10-11',NULL,NULL,NULL,NULL,NULL,NULL,'',1,NULL,0,0,16,'2015-06-02 20:44:32',16,'2015-06-02 20:50:23'),(352,'N/A','Rorn Ra','រ៉ន រ៉ា',2,2,NULL,0,NULL,1,1,10,0,0,0,0,0,0,50,0,0,'',1,0,0,'2014-11-01',NULL,NULL,NULL,NULL,NULL,NULL,'',1,NULL,0,0,16,'2015-06-02 20:51:16',16,'2015-06-02 20:53:16'),(353,'N/A','Rous Samnang','រស់ សំណាង',1,1,NULL,0,NULL,1,1,10,0,0,0,0,0,0,50,0,0,'',1,0,0,'2014-12-01',NULL,NULL,NULL,NULL,NULL,NULL,'',1,NULL,0,0,16,'2015-06-02 20:54:38',16,'2015-06-02 20:55:25'),(354,'N/A','Pom Bunly','ប៉ុម ប៊ុនលី',2,2,NULL,0,NULL,1,1,10,0,0,0,0,0,0,50,0,0,'',1,0,0,'2014-12-01',NULL,NULL,NULL,NULL,NULL,NULL,'',1,NULL,0,0,16,'2015-06-02 21:03:20',16,'2015-06-02 21:04:39'),(355,'N/A','Seum Nou','ស៊ឹម ណូ',2,2,NULL,0,NULL,1,1,10,0,0,0,0,0,0,50,0,0,'',1,0,0,'2014-12-01',NULL,NULL,NULL,NULL,NULL,NULL,'',1,NULL,0,0,16,'2015-06-02 21:08:36',16,'2015-06-02 21:10:40'),(356,'N/A','Loeung Sarom','លឿង សារុំ',2,2,NULL,0,NULL,1,1,10,0,0,0,0,0,0,50,0,0,'',1,0,0,'2014-12-01',NULL,NULL,NULL,NULL,NULL,NULL,'',1,NULL,0,0,16,'2015-06-02 21:11:45',16,'2015-06-02 21:12:58'),(357,'N/A','Doeun Srey Ky','ដឿន ស្រីគី',2,2,NULL,0,NULL,1,1,10,0,0,0,0,0,0,50,0,0,'',1,0,0,'2014-12-02',NULL,NULL,NULL,NULL,NULL,NULL,'',1,NULL,0,0,16,'2015-06-02 21:13:48',16,'2015-06-02 21:15:05'),(358,'N/A','Dul Romdoul','ឌុល រំដួល',1,1,NULL,0,NULL,1,1,10,0,0,0,0,0,0,50,0,0,'',1,0,0,'2014-12-10',NULL,NULL,NULL,NULL,NULL,NULL,'',1,NULL,0,0,16,'2015-06-02 21:21:42',16,'2015-06-02 21:24:21'),(359,'N/A','Phoeung Lenh','ផើង លិញ',1,1,NULL,0,NULL,1,1,10,0,0,0,0,0,0,50,0,0,'',1,0,0,'2014-12-14',NULL,NULL,NULL,NULL,NULL,NULL,'',1,NULL,0,0,16,'2015-06-02 21:25:25',16,'2015-06-02 21:27:00'),(360,'N/A','Song Sreyleak','សុង ស្រីល័ក្ខ',2,2,NULL,0,NULL,1,1,10,0,0,0,0,0,0,50,0,0,'',1,0,0,'2015-01-05',NULL,NULL,NULL,NULL,NULL,NULL,'',1,NULL,0,0,16,'2015-06-02 21:29:16',16,'2015-06-02 21:32:00'),(361,'N/A','Chhen Chhean','ឆេន ឈៀន',1,1,NULL,0,NULL,1,1,10,0,0,0,0,0,0,50,0,0,'',1,0,0,'2015-01-07',NULL,NULL,NULL,NULL,NULL,NULL,'',1,NULL,0,0,16,'2015-06-02 21:34:18',16,'2015-06-02 21:35:44'),(362,'N/A','Thorn Sophea','ថន សុភា',1,1,NULL,0,NULL,1,1,10,0,0,0,0,0,0,50,0,0,'',1,0,0,'2015-02-01',NULL,NULL,NULL,NULL,NULL,NULL,'',1,NULL,0,0,16,'2015-06-02 21:36:30',16,'2015-06-02 21:38:01'),(363,'N/A','Phoy Sovy','ផយ សុវី',2,1,NULL,0,NULL,1,1,10,0,0,0,0,0,0,50,0,0,'',1,0,0,'2015-02-01',NULL,NULL,NULL,NULL,NULL,NULL,'',1,NULL,0,0,16,'2015-06-02 21:40:50',16,'2015-06-02 21:42:36'),(364,'N/A','Bou Tey','បូរ តី',1,1,NULL,0,NULL,1,1,10,0,0,0,0,0,0,50,0,0,'',1,0,0,'2015-02-06',NULL,NULL,NULL,NULL,NULL,NULL,'',1,NULL,0,0,16,'2015-06-02 21:44:11',16,'2015-06-02 21:45:06'),(365,'N/A','Dy Sida','ឌី ស៊ីដា',2,2,NULL,0,NULL,1,1,10,0,0,0,0,0,0,0,0,0,NULL,NULL,0,0,'2015-02-06',NULL,NULL,NULL,NULL,NULL,NULL,'',1,NULL,0,0,16,'2015-06-02 21:45:40',16,'2015-06-02 21:46:06'),(366,'N/A','Yann Seyla','យ៉ាន់ សិលា',2,2,NULL,0,NULL,1,1,10,0,0,0,0,0,0,50,0,0,'',1,0,0,'2015-02-06',NULL,NULL,NULL,NULL,NULL,NULL,'',1,NULL,0,0,16,'2015-06-02 21:47:16',16,'2015-06-02 21:48:27'),(367,'N/A','Sath thanith','សាត ថានិត',1,1,NULL,0,NULL,1,1,10,0,0,0,0,0,0,50,0,0,'',1,0,0,'2015-03-01',NULL,NULL,NULL,NULL,NULL,NULL,'',1,NULL,0,0,16,'2015-06-02 21:49:10',16,'2015-06-02 21:51:17'),(368,'N/A','Kann Kin','កាន់ គីន',1,1,NULL,0,NULL,1,1,10,0,0,0,0,0,0,50,0,0,'',1,0,0,'2015-03-01',NULL,NULL,NULL,NULL,NULL,NULL,'',1,NULL,0,0,16,'2015-06-02 21:51:53',16,'2015-06-02 21:53:03'),(369,'N/A','Phart Sorn','ផាត សន',2,2,NULL,0,NULL,1,1,10,0,0,0,0,0,0,50,0,0,'',1,0,0,'2015-03-02',NULL,NULL,NULL,NULL,NULL,NULL,'',1,NULL,0,0,16,'2015-06-03 13:27:58',16,'2015-06-03 13:31:14'),(370,'N/A','You Sokha','យ៉ូ សុខខា',2,2,NULL,0,NULL,1,1,10,0,0,0,0,0,0,50,0,0,'',1,0,0,'2015-04-01',NULL,NULL,NULL,NULL,NULL,NULL,'',1,NULL,0,0,16,'2015-06-03 13:35:03',16,'2015-06-03 13:38:12'),(371,'N/A','Lum Rithykun','លុំ រិទ្ធីគុន្ធ',1,1,NULL,0,NULL,1,1,10,0,0,0,0,0,0,50,0,0,'',1,0,0,'2011-05-02',NULL,NULL,NULL,NULL,NULL,NULL,'',1,NULL,0,0,16,'2015-06-03 18:16:16',16,'2015-06-03 18:19:24'),(372,'N/A','Chhin Rithy','ឈិន រិទ្ធី',1,1,NULL,0,NULL,1,1,10,0,0,0,0,0,0,50,0,0,'',1,0,0,'2012-05-16',NULL,NULL,NULL,NULL,NULL,NULL,'',1,NULL,0,0,16,'2015-06-03 18:21:19',16,'2015-06-03 18:35:55'),(373,'N/A','Song Sokuntheary','សុង សុគន្ធារី',2,2,NULL,0,NULL,1,1,10,0,0,0,0,0,0,50,0,0,'',1,0,0,'2014-11-01',NULL,NULL,NULL,NULL,NULL,NULL,'',1,NULL,0,0,16,'2015-06-03 18:36:53',16,'2015-06-03 18:38:40'),(374,'N/A','Phou Khuy','ភូ ឃុយ',1,1,NULL,0,NULL,1,1,10,0,0,0,0,0,0,50,0,0,'',1,0,0,'2012-07-14',NULL,NULL,NULL,NULL,NULL,NULL,'',1,NULL,0,0,16,'2015-06-03 18:44:19',16,'2015-06-03 18:47:04'),(375,'N/A','Leuk Khan','ឡឹក ខាន់',1,1,NULL,0,NULL,1,1,10,0,0,0,0,0,0,50,0,0,'',1,0,0,'2014-01-01',NULL,NULL,NULL,NULL,NULL,NULL,'',1,NULL,0,0,16,'2015-06-03 18:47:52',16,'2015-06-03 18:50:16'),(376,'N/A','Tha Kimseang','ថា គីមភៀង',1,1,NULL,0,NULL,1,1,10,0,0,0,0,0,0,500,0,0,'',1,0,0,'2011-07-30',NULL,NULL,NULL,NULL,NULL,NULL,'',1,NULL,0,0,16,'2015-06-03 18:51:42',16,'2015-06-03 18:55:03'),(377,'N/A','Khom Soknak','ខុម ចាន់ណាក់',1,1,NULL,0,NULL,1,1,10,0,0,0,0,0,0,50,0,0,'',1,0,0,'2012-03-01',NULL,NULL,NULL,NULL,NULL,NULL,'',1,NULL,0,0,16,'2015-06-03 18:58:02',16,'2015-06-03 19:00:06'),(378,'N/A','Pich Phoeun','ពេជ្រ ភឿន',1,1,NULL,0,NULL,1,1,10,0,0,0,0,0,0,50,0,0,'',1,0,0,'2012-07-29',NULL,NULL,NULL,NULL,NULL,NULL,'',1,NULL,0,0,16,'2015-06-03 19:00:56',16,'2015-06-03 19:02:22'),(379,'N/A','Hem Phalla','ហែម ផល្លា',1,1,NULL,0,NULL,1,1,10,0,0,0,0,0,0,50,0,0,'',1,0,0,'2015-03-15',NULL,NULL,NULL,NULL,NULL,NULL,'',1,NULL,0,0,16,'2015-06-03 19:03:26',16,'2015-06-03 19:05:24'),(380,'N/A','Pum Poeun','ពុំ ពឿន',1,1,NULL,0,NULL,1,1,10,0,0,0,0,0,0,50,0,0,'',1,0,0,'2013-07-01',NULL,NULL,NULL,NULL,NULL,NULL,'',1,NULL,0,0,16,'2015-06-03 19:07:09',16,'2015-06-03 19:09:33'),(381,'N/A','Marn Samna','ម៉ាន សំណាង',1,1,NULL,0,NULL,1,1,10,0,0,0,0,0,0,500,0,0,'',0,0,0,'2013-09-01',NULL,NULL,NULL,NULL,NULL,NULL,'',1,NULL,0,0,16,'2015-06-03 19:12:34',16,'2015-06-03 19:16:04'),(382,'N/A','Meas Meun ','មាស ម៉ឺន',1,1,NULL,0,NULL,1,1,10,0,0,0,0,0,0,50,0,0,'',1,0,0,'2014-07-01',NULL,NULL,NULL,NULL,NULL,NULL,'',1,NULL,0,0,16,'2015-06-03 19:17:22',16,'2015-06-03 19:29:22'),(383,'N/A','Om Touch','អ៊ុំ ទូច',1,1,NULL,0,NULL,1,1,10,0,0,0,0,0,0,50,0,0,'',1,0,0,'2015-04-18',NULL,NULL,NULL,NULL,NULL,NULL,'',1,NULL,0,0,16,'2015-06-03 19:30:08',16,'2015-06-03 19:32:35'),(384,'N/A','Vorn Phearith','វន ភារិទ្ធ',1,1,NULL,0,NULL,1,1,10,0,0,0,0,0,0,50,0,0,'',1,0,0,'2014-07-01',NULL,NULL,NULL,NULL,NULL,NULL,'',1,NULL,0,0,16,'2015-06-03 19:33:16',16,'2015-06-03 19:34:39'),(385,'N/A','Chea Khan','ជា ឃាន់',1,1,NULL,0,NULL,1,1,10,0,0,0,0,0,0,50,0,0,'',1,0,0,'2014-12-07',NULL,NULL,NULL,NULL,NULL,NULL,'',1,NULL,0,0,16,'2015-06-03 19:36:57',16,'2015-06-03 19:38:24'),(386,'N/A','Proeung Keur','ព្រឿង គើ',1,1,NULL,0,NULL,1,1,10,0,0,0,0,0,0,50,0,0,'',1,0,0,'2014-12-10',NULL,NULL,NULL,NULL,NULL,NULL,'',1,NULL,0,0,16,'2015-06-03 19:41:22',16,'2015-06-03 19:43:00'),(387,'N/A','Lim Borey','លីម បូរី',1,1,NULL,0,NULL,1,1,10,0,0,0,0,0,0,50,0,0,'',1,0,0,'2014-11-01',NULL,NULL,NULL,NULL,NULL,NULL,'',1,NULL,0,0,16,'2015-06-03 19:43:36',16,'2015-06-03 19:45:05'),(388,'N/A','Nam Sok','នេម សុខ',1,1,NULL,0,NULL,1,1,10,0,0,0,0,0,0,50,0,0,'',1,0,0,'2014-10-01',NULL,NULL,NULL,NULL,NULL,NULL,'',1,NULL,0,0,16,'2015-06-03 19:45:57',16,'2015-06-03 19:47:22'),(389,'N/A','Gnem Kaneth','ញ៉ែប កាណែត',1,1,NULL,0,NULL,1,1,10,0,0,0,0,0,0,50,0,0,'',1,0,0,'2014-10-01',NULL,NULL,NULL,NULL,NULL,NULL,'',1,NULL,0,0,16,'2015-06-03 19:48:27',16,'2015-06-03 19:49:42'),(390,'N/A','Heng Ky','ហេ គី',1,1,NULL,0,NULL,1,1,10,0,0,0,0,0,0,50,0,0,'',1,0,0,'2014-06-13',NULL,NULL,NULL,NULL,NULL,NULL,'',1,NULL,0,0,16,'2015-06-03 19:50:38',16,'2015-06-03 19:55:34'),(391,'N/A','Sorn Visal','សន វិសាល',1,1,NULL,0,NULL,1,1,10,0,0,0,0,0,0,50,0,0,'',1,0,0,'2014-06-01',NULL,NULL,NULL,NULL,NULL,NULL,'',1,NULL,0,0,16,'2015-06-03 19:56:24',16,'2015-06-03 19:58:52'),(392,'N/A','Bay Soeung','បេ សឿង',1,1,NULL,0,NULL,1,1,10,0,0,0,0,0,0,50,0,0,'',1,0,0,'2013-10-10',NULL,NULL,NULL,NULL,NULL,NULL,'',1,NULL,0,0,16,'2015-06-03 20:01:36',16,'2015-06-03 20:03:01'),(393,'N/A','Loun Meo','ឡូន ម៉ៅ',1,1,NULL,0,NULL,1,1,10,0,0,0,0,0,0,50,0,0,'',1,0,0,'2014-07-01',NULL,NULL,NULL,NULL,NULL,NULL,'',1,NULL,0,0,16,'2015-06-03 20:03:44',16,'2015-06-03 20:05:36'),(394,'N/A','Prorm Chantha','ប្រ៉ម ចន្ថា',1,1,NULL,0,NULL,1,1,10,0,0,0,0,0,0,50,0,0,'',1,0,0,'2014-11-02',NULL,NULL,NULL,NULL,NULL,NULL,'',1,NULL,0,0,16,'2015-06-03 20:06:47',16,'2015-06-03 20:10:47'),(395,'N/A','Ky Kroeung','គី គឿង',1,1,NULL,0,NULL,1,1,10,0,0,0,0,0,0,50,0,0,'',1,0,0,'2014-11-02',NULL,NULL,NULL,NULL,NULL,NULL,'',1,NULL,0,0,16,'2015-06-03 20:11:38',16,'2015-06-03 20:13:18'),(396,'N/A','Chan Vanthoeun','ចាន់ វណ្ណធឿង',1,1,NULL,0,NULL,1,1,10,0,0,0,0,0,0,50,0,0,'',1,0,0,'2015-03-01',NULL,NULL,NULL,NULL,NULL,NULL,'',1,NULL,0,0,16,'2015-06-03 20:14:02',16,'2015-06-03 20:15:24'),(397,'N/A','Bich Vanna','ប៉ិច វណ្ណា',1,1,NULL,0,NULL,1,1,10,0,0,0,0,0,0,100,0,0,'',1,0,0,'2011-11-25',NULL,NULL,NULL,NULL,NULL,NULL,'',1,NULL,0,0,16,'2015-06-03 20:18:55',16,'2015-06-03 20:20:22'),(398,'N/A','Sun Minea','សុន មិនា',1,1,NULL,0,NULL,1,1,10,0,0,0,0,0,0,50,0,0,'',1,0,0,'2012-04-19',NULL,NULL,NULL,NULL,NULL,NULL,'',1,NULL,0,0,16,'2015-06-03 20:21:04',16,'2015-06-03 20:25:33'),(399,'N/A','Yoeun Chhoeun','យឿន ឈឿន',1,1,NULL,0,NULL,1,1,10,0,0,0,0,0,0,50,0,0,'',1,0,0,'2012-10-21',NULL,NULL,NULL,NULL,NULL,NULL,'',1,NULL,0,0,16,'2015-06-03 20:28:00',16,'2015-06-03 20:29:36'),(400,'N/A','Poy Chiev ','ម៉ូវ ចេវ',1,1,NULL,0,NULL,1,1,10,0,0,0,0,0,0,50,0,0,'',1,0,0,'2013-02-17',NULL,NULL,NULL,NULL,NULL,NULL,'',1,NULL,0,0,16,'2015-06-03 20:30:37',16,'2015-06-03 20:33:00'),(401,'N/A','Sem Horn','សឹម ហន',1,1,NULL,0,NULL,1,1,10,0,0,0,0,0,0,50,0,0,'',1,0,0,'2013-03-04',NULL,NULL,NULL,NULL,NULL,NULL,'',1,NULL,0,0,16,'2015-06-03 20:33:38',16,'2015-06-03 20:35:41'),(402,'N/A','Chhun Sameth','ឈុន សាម៉េត',2,1,NULL,0,NULL,1,1,10,0,0,0,0,0,0,50,0,0,'',1,0,0,'2013-08-01',NULL,NULL,NULL,NULL,NULL,NULL,'',1,NULL,0,0,16,'2015-06-03 20:36:28',16,'2015-06-03 20:39:25'),(403,'N/A','Chantha Sreynoch','ចន្ថា ស្រីណុច',2,2,NULL,0,NULL,1,1,10,0,0,0,0,0,0,50,0,0,'',1,0,0,'2013-08-01',NULL,NULL,NULL,NULL,NULL,NULL,'',1,NULL,0,0,16,'2015-06-03 20:40:32',16,'2015-06-03 20:42:13'),(404,'N/A','Chum Chenda','ជុំ ចិន្តា',2,2,NULL,0,NULL,1,1,10,0,0,0,0,0,0,50,0,0,'',1,0,0,NULL,NULL,NULL,NULL,NULL,NULL,NULL,'',1,NULL,0,0,16,'2015-06-03 20:43:11',16,'2015-06-03 20:44:34'),(405,'N/A','Heng Sreynich','ហេង ស្រីនិច',2,2,NULL,0,NULL,1,1,10,0,0,0,0,0,0,50,0,0,'',1,0,0,'2013-12-01',NULL,NULL,NULL,NULL,NULL,NULL,'',1,NULL,0,0,16,'2015-06-03 20:45:53',16,'2015-06-03 20:47:24'),(406,'N/A','Dorn Makara','ឌន មករា',1,1,NULL,0,NULL,1,1,10,0,0,0,0,0,0,50,0,0,'',1,0,0,'2014-01-10',NULL,NULL,NULL,NULL,NULL,NULL,'',1,NULL,0,0,16,'2015-06-03 20:48:13',16,'2015-06-03 20:54:15'),(407,'N/A','Nath Navy','ណាត់ ណារី',2,2,NULL,0,NULL,1,1,10,0,0,0,0,0,0,50,0,0,'',1,0,0,'2014-04-20',NULL,NULL,NULL,NULL,NULL,NULL,'',1,NULL,0,0,16,'2015-06-03 21:00:29',16,'2015-06-03 21:02:16'),(408,'N/A','Kom Lida','គុំ លីដា',2,2,NULL,0,NULL,1,1,10,0,0,0,0,0,0,50,0,0,'',1,0,0,'2014-05-11',NULL,NULL,NULL,NULL,NULL,NULL,'',1,NULL,0,0,16,'2015-06-03 21:03:30',16,'2015-06-03 21:05:02'),(409,'N/A','Kom Pengkea','គុំ ម៉េងគាង',2,2,NULL,0,NULL,1,1,10,0,0,0,0,0,0,50,0,0,'',1,0,0,'2014-05-11',NULL,NULL,NULL,NULL,NULL,NULL,'',1,NULL,0,0,16,'2015-06-03 21:06:18',16,'2015-06-03 21:09:08'),(410,'N/A','Born Khim','ប៊ន ឃីម',1,1,NULL,0,NULL,1,1,10,0,0,0,0,0,0,50,0,0,'',1,0,0,'2014-05-20',NULL,NULL,NULL,NULL,NULL,NULL,'',1,NULL,0,0,16,'2015-06-03 21:19:00',16,'2015-06-03 21:22:55'),(411,'N/A','Cheat Phiak','ជាតិ​ ភាគ',1,1,NULL,0,NULL,1,1,10,0,0,0,0,0,0,50,0,0,'',1,0,0,'2014-06-01',NULL,NULL,NULL,NULL,NULL,NULL,'',1,NULL,0,0,16,'2015-06-03 21:25:35',16,'2015-06-03 21:28:55'),(412,'N/A','Phou Sophea','ផូ សុភា',2,2,NULL,0,NULL,1,1,10,0,0,0,0,0,0,50,0,0,'',1,0,0,'2014-06-01',NULL,NULL,NULL,NULL,NULL,NULL,'',1,NULL,0,0,16,'2015-06-03 21:29:48',16,'2015-06-03 21:32:00'),(413,'N/A','Liem Boav','ឡែម បៅ',2,2,NULL,0,NULL,1,1,10,0,0,0,0,0,0,50,0,0,'',1,0,0,'2014-06-13',NULL,NULL,NULL,NULL,NULL,NULL,'',1,NULL,0,0,16,'2015-06-03 21:36:12',16,'2015-06-03 21:38:06'),(414,'N/A','Noeun Lang','នឿន ឡាំង',1,1,NULL,0,NULL,1,1,10,0,0,0,0,0,0,50,0,0,'',1,0,0,'2014-07-01',NULL,NULL,NULL,NULL,NULL,NULL,'',1,NULL,0,0,16,'2015-06-03 21:39:59',16,'2015-06-03 21:42:32'),(415,'N/A','Pheng Sophea','ផេង សុភា',2,2,NULL,0,NULL,1,1,10,0,0,0,0,0,0,50,0,0,'',1,0,0,'2014-07-07',NULL,NULL,NULL,NULL,NULL,NULL,'',1,NULL,0,0,16,'2015-06-03 21:43:32',16,'2015-06-03 21:44:47'),(416,'N/A','Kin Nay','គីន ណាយ',2,2,NULL,0,NULL,1,1,10,0,0,0,0,0,0,50,0,0,'',1,0,0,'2014-07-20',NULL,NULL,NULL,NULL,NULL,NULL,'',1,NULL,0,0,16,'2015-06-03 21:46:57',16,'2015-06-03 21:48:19'),(417,'N/A','Rith Punlork','រិទ្ធ ពន្លក់',2,2,NULL,0,NULL,1,1,10,0,0,0,0,0,0,50,0,0,'',1,0,0,'2014-09-01',NULL,NULL,NULL,NULL,NULL,NULL,'',1,NULL,0,0,16,'2015-06-03 21:49:44',16,'2015-06-03 21:51:42'),(418,'N/A','Phal Sopheak','ផល សុភ័ក្រ',2,2,NULL,0,NULL,1,1,10,0,0,0,0,0,0,50,0,0,'',1,0,0,'2014-10-01',NULL,NULL,NULL,NULL,NULL,NULL,'',1,NULL,0,0,16,'2015-06-03 21:54:10',16,'2015-06-03 21:55:20'),(419,'N/A','Sam Kheang','សំ ឃាង',1,1,NULL,0,NULL,1,1,10,0,0,0,0,0,0,50,0,0,'',0,0,0,'2014-10-01',NULL,NULL,NULL,NULL,NULL,NULL,'',1,NULL,0,0,16,'2015-06-04 13:15:02',16,'2015-06-04 13:18:43'),(420,'N/A','Sok Priey ','សុខ ប្រែ',1,1,NULL,0,NULL,1,1,10,0,0,0,0,0,0,50,0,0,'',1,0,0,'2011-05-01',NULL,NULL,NULL,NULL,NULL,NULL,'',1,NULL,0,0,16,'2015-06-04 13:27:05',16,'2015-06-04 13:33:09'),(421,'N/A','Keo Tha ','កែវ ថា',1,1,NULL,0,NULL,1,1,10,0,0,0,0,0,0,50,0,0,'',1,0,0,'2011-01-07',NULL,NULL,NULL,NULL,NULL,NULL,'',1,NULL,0,0,16,'2015-06-04 13:33:54',16,'2015-06-04 13:35:41'),(422,'N/A','Yim Sokhim','យីម សុខយឹម',1,1,NULL,0,NULL,1,1,10,0,0,0,0,0,0,50,0,0,'',1,0,0,'2014-06-19',NULL,NULL,NULL,NULL,NULL,NULL,'',1,NULL,0,0,16,'2015-06-04 13:36:38',16,'2015-06-04 13:38:19'),(423,'N/A','South Soth','សូត សុត',1,NULL,NULL,NULL,NULL,1,1,10,0,0,0,0,0,0,50,0,0,'',1,0,0,'2013-02-18',NULL,NULL,NULL,NULL,NULL,NULL,NULL,NULL,NULL,0,0,16,'2015-06-04 13:39:37',16,'2015-06-04 13:42:57'),(424,'N/A','Muth Sokea','មុត សុខគា',1,1,NULL,0,NULL,1,1,10,0,0,0,0,0,0,50,0,0,'',1,0,0,'2014-12-01',NULL,NULL,NULL,NULL,NULL,NULL,'',1,NULL,0,0,16,'2015-06-04 13:44:03',16,'2015-06-04 13:50:20'),(425,'N/A','Chhay Sokhon','ឆាយ សុខន',1,1,NULL,0,NULL,1,1,10,0,0,0,0,0,0,50,0,0,'',1,0,0,'2012-11-10',NULL,NULL,NULL,NULL,NULL,NULL,'',1,NULL,0,0,16,'2015-06-04 13:51:09',16,'2015-06-04 13:53:36'),(426,'N/A','Sok Mean','សុខ មៀន',1,1,NULL,0,NULL,1,1,10,0,0,0,0,0,0,50,0,0,'',1,0,0,'2012-08-01',NULL,NULL,NULL,NULL,NULL,NULL,'',1,NULL,0,0,16,'2015-06-04 13:54:13',16,'2015-06-04 13:57:30'),(427,'N/A','Chea Vuthy','ជា វុទ្ធី',1,1,NULL,0,NULL,1,1,10,0,0,0,0,0,0,50,0,0,'',1,0,0,'2014-01-01',NULL,NULL,NULL,NULL,NULL,NULL,'',1,NULL,0,0,16,'2015-06-04 13:58:06',16,'2015-06-04 14:00:37'),(428,'N/A','Choun Vannak','ជួន វណ្ណៈ',1,1,NULL,0,NULL,1,1,10,0,0,0,0,0,0,50,0,0,'',1,0,0,'2014-06-12',NULL,NULL,NULL,NULL,NULL,NULL,'',1,NULL,0,0,16,'2015-06-04 14:02:54',16,'2015-06-04 14:04:51'),(429,'N/A','Thy Davuth','ទី ដាវុធ',1,1,NULL,0,NULL,1,1,10,0,0,0,0,0,0,50,0,0,'',1,0,0,'2014-01-07',NULL,NULL,NULL,NULL,NULL,NULL,'',1,NULL,0,0,16,'2015-06-04 14:06:35',16,'2015-06-04 14:12:16'),(430,'N/A','Chhoun Kosal ','ឈួន កុសល',1,1,NULL,0,NULL,1,1,14,0,0,0,0,0,0,50,0,0,'',1,0,0,'2014-09-01',NULL,NULL,NULL,NULL,NULL,NULL,'',1,NULL,0,1,16,'2015-06-04 14:14:24',16,'2015-06-10 14:13:56'),(431,'N/A','Eum Heang','អឹម ហៀង',1,1,NULL,0,NULL,1,1,10,0,0,0,0,0,0,50,0,0,'',1,0,0,'2014-02-04',NULL,NULL,NULL,NULL,NULL,NULL,'',1,NULL,0,0,16,'2015-06-04 14:22:11',16,'2015-06-04 14:26:02'),(432,'N/A','Soun Seam','សួន សៀម',1,1,NULL,0,NULL,1,1,10,0,0,0,0,0,0,50,0,0,'',1,0,0,'2012-01-14',NULL,NULL,NULL,NULL,NULL,NULL,'',1,NULL,0,0,16,'2015-06-04 14:29:25',16,'2015-06-04 14:31:29'),(433,'N/A','Sam Heab','សំ ហ៊ាប',1,1,NULL,0,NULL,1,1,10,0,0,0,0,0,0,50,0,0,'',1,0,0,'2013-05-12',NULL,NULL,NULL,NULL,NULL,NULL,'',1,NULL,0,0,16,'2015-06-04 14:32:12',16,'2015-06-04 14:35:57'),(434,'N/A','Born Sambath','បន់ សម្បត្តិ',1,1,NULL,0,NULL,1,1,10,0,0,0,0,0,0,50,0,0,'',1,0,0,'2013-02-20',NULL,NULL,NULL,NULL,NULL,NULL,'',1,NULL,0,0,16,'2015-06-04 14:36:51',16,'2015-06-04 14:38:34'),(435,'N/A','Oum Sokheng ','អ៊ុំ សុខហេង',1,1,NULL,0,NULL,1,1,10,0,0,0,0,0,0,50,0,0,'',1,0,0,'2013-06-07',NULL,NULL,NULL,NULL,NULL,NULL,'',1,NULL,0,0,16,'2015-06-04 14:39:38',16,'2015-06-04 14:40:39'),(436,'N','Im Ouy','អ៊ីម អ៊ុយ',1,1,NULL,0,NULL,1,1,10,0,0,0,0,0,0,50,0,0,'',1,0,0,'2014-09-01',NULL,NULL,NULL,NULL,NULL,NULL,'',1,NULL,0,0,16,'2015-06-04 14:42:02',16,'2015-06-04 14:43:56'),(437,'N/A','Phann Saroeun','ផាន់ សារឿន',1,1,NULL,0,NULL,1,1,10,0,0,0,0,0,0,50,0,0,'',1,0,0,'2012-07-14',NULL,NULL,NULL,NULL,NULL,NULL,'',1,NULL,0,0,16,'2015-06-04 14:44:41',16,'2015-06-04 14:48:44'),(438,'N/A','Thon Phorn ','ធុន ភ័ណ្ឌ',1,1,NULL,0,NULL,1,1,10,0,0,0,0,0,0,50,0,0,'',1,0,0,'2011-04-18',NULL,NULL,NULL,NULL,NULL,NULL,'',1,NULL,0,0,16,'2015-06-04 15:03:47',16,'2015-06-04 15:08:37'),(439,'N/A','Tha Sopheap','ថា សុភាព',1,1,NULL,0,NULL,1,1,10,0,0,0,0,0,0,50,0,0,'',1,0,0,'2015-03-12',NULL,NULL,NULL,NULL,NULL,NULL,'',1,NULL,0,0,16,'2015-06-04 15:11:32',16,'2015-06-04 15:18:48'),(440,'N/A','Viey Va','វៃ វ៉ា',1,NULL,NULL,NULL,NULL,1,1,10,0,0,0,0,0,0,50,0,0,'',1,0,0,'2015-04-20',NULL,NULL,NULL,NULL,NULL,NULL,NULL,NULL,NULL,0,0,16,'2015-06-04 15:19:39',16,'2015-06-04 15:22:46'),(441,'N/A','Chhoun Visav','ឈួន ពិសាវ',1,1,NULL,0,NULL,1,1,10,0,0,0,0,0,0,50,0,0,'',1,0,0,'2015-02-01',NULL,NULL,NULL,NULL,NULL,NULL,'',1,NULL,0,0,16,'2015-06-04 15:23:28',16,'2015-06-04 15:26:34'),(442,'N/A','Sam Baly','សុំ ប៉ាលី',1,1,NULL,0,NULL,1,1,10,0,0,0,0,0,0,50,0,0,'',1,0,0,'2015-01-21',NULL,NULL,NULL,NULL,NULL,NULL,'',1,NULL,0,0,16,'2015-06-04 15:27:20',16,'2015-06-04 15:29:24'),(443,'N/A','Souy Suy','សួ ស៊ុយ',1,1,NULL,0,NULL,1,1,10,0,0,0,0,0,0,50,0,0,'',1,0,0,'2015-03-12',NULL,NULL,NULL,NULL,NULL,NULL,'',1,NULL,0,0,16,'2015-06-04 15:30:28',16,'2015-06-04 15:33:17'),(444,'N/A','Chek Vin','ចេក វីន',1,1,NULL,0,NULL,1,1,10,0,0,0,0,0,0,50,0,0,'',1,0,0,'2013-01-20',NULL,NULL,NULL,NULL,NULL,NULL,'',1,NULL,0,0,16,'2015-06-04 15:35:21',16,'2015-06-04 15:37:17'),(445,'N/A','Pheung Ty','ផើង ទី',1,1,NULL,0,NULL,1,1,10,0,0,0,0,0,0,50,0,0,'',1,0,0,'2014-10-01',NULL,NULL,NULL,NULL,NULL,NULL,'',1,NULL,0,0,16,'2015-06-04 15:38:53',16,'2015-06-04 15:42:06'),(446,'N/A','Meo Morn','ម៉ៅ មន',1,1,NULL,0,NULL,1,1,10,0,0,0,0,0,0,50,0,0,'',1,0,0,'2014-10-15',NULL,NULL,NULL,NULL,NULL,NULL,'',1,NULL,0,0,16,'2015-06-04 15:43:36',16,'2015-06-04 15:46:19'),(447,'N/A','Sarth Chin','សាត ចិន',1,1,NULL,0,NULL,1,1,10,0,0,0,0,0,0,50,0,0,'',1,0,0,'2015-04-17',NULL,NULL,NULL,NULL,NULL,NULL,'',1,NULL,0,0,16,'2015-06-04 15:47:54',16,'2015-06-04 15:50:25'),(448,'N/A','Chhin  Savorn ','ឈិន សាវន',1,1,NULL,0,NULL,1,1,10,0,0,0,0,0,0,50,0,0,'',1,0,0,'2011-05-15',NULL,NULL,NULL,NULL,NULL,NULL,'',1,NULL,0,0,16,'2015-06-04 15:51:31',16,'2015-06-04 15:54:45'),(449,'N/A','Sarng Boeun ','ស៊ាង បឿន',1,1,NULL,0,NULL,1,1,10,0,0,0,0,0,0,50,0,0,'',1,0,0,'2012-11-01',NULL,NULL,NULL,NULL,NULL,NULL,'',1,NULL,0,0,16,'2015-06-04 15:56:22',16,'2015-06-04 15:58:54'),(450,'N/A','Miey Makara','ម៉ៃ មករា',1,1,NULL,0,NULL,1,1,10,0,0,0,0,0,0,50,0,0,'',1,0,0,'2012-12-23',NULL,NULL,NULL,NULL,NULL,NULL,'',1,NULL,0,0,16,'2015-06-04 15:59:35',16,'2015-06-04 16:04:08'),(451,'N/A','Muk Phon','ម៉ុក ភន',1,1,NULL,0,NULL,1,1,10,0,0,0,0,0,0,50,0,0,'',1,0,0,'2013-07-01',NULL,NULL,NULL,NULL,NULL,NULL,'',1,NULL,0,0,16,'2015-06-04 16:07:05',16,'2015-06-04 16:09:30'),(452,'N/A','Sun Kimsreang ','ស៊ុន គឹមស្រ៊ាង',1,1,NULL,0,NULL,1,1,10,0,0,0,0,0,0,50,0,0,'',1,0,0,'2013-12-04',NULL,NULL,NULL,NULL,NULL,NULL,'',1,NULL,0,0,16,'2015-06-04 16:11:12',16,'2015-06-04 16:14:03'),(453,'1','Sin Chhay','ស៊ិន ឆាយ',1,1,NULL,0,NULL,1,1,10,0,0,0,0,0,0,50,0,0,'',1,0,0,'2014-07-01',NULL,NULL,NULL,NULL,NULL,NULL,'',1,NULL,0,0,16,'2015-06-04 16:15:50',16,'2015-06-04 16:20:55'),(454,'N/A','Horn Limheng ','ហ៊ន លឹមហេង',1,1,NULL,0,NULL,1,1,10,0,0,0,0,0,0,50,0,0,'',1,0,0,'2014-04-01',NULL,NULL,NULL,NULL,NULL,NULL,'',1,NULL,0,0,16,'2015-06-04 16:23:15',16,'2015-06-04 16:25:14'),(455,'N/A','Hean Num','ហ៊ាន នុំ',1,1,NULL,0,NULL,1,1,10,0,0,0,0,0,0,50,0,0,'',1,0,0,'2012-05-15',NULL,NULL,NULL,NULL,NULL,NULL,'',1,NULL,0,0,16,'2015-06-04 16:27:20',16,'2015-06-04 16:29:32'),(456,'N/A','Chhay Kimhean','ឆៃ គីមហ៊ាន',1,1,NULL,0,NULL,1,1,10,0,0,0,0,0,0,50,0,0,'',1,0,0,'2015-01-21',NULL,NULL,NULL,NULL,NULL,NULL,'',1,NULL,0,0,16,'2015-06-04 16:31:33',16,'2015-06-04 16:32:18'),(457,'N/A','South Song','សូត្រ សុង',1,1,NULL,0,NULL,1,1,10,0,0,0,0,0,0,30,0,0,'',0,0,0,'2011-07-28',NULL,NULL,NULL,NULL,NULL,NULL,'',1,NULL,0,0,16,'2015-06-04 16:33:49',16,'2015-06-04 16:38:00'),(458,'N/A','Chea Sovandy','ជា សុវណ្ណឌី',1,1,NULL,0,NULL,1,1,10,0,0,0,0,0,0,50,0,0,'',1,0,0,'2012-12-01',NULL,NULL,NULL,NULL,NULL,NULL,'',1,NULL,0,0,16,'2015-06-04 16:40:28',16,'2015-06-04 17:58:27'),(459,'N/A','Thy Chanthea','ធី ចាន់ធា',1,1,NULL,0,NULL,1,1,10,0,0,0,0,0,0,50,0,0,'',1,0,0,'2011-09-01',NULL,NULL,NULL,NULL,NULL,NULL,'',1,NULL,0,0,16,'2015-06-04 17:59:26',16,'2015-06-04 18:01:29'),(460,'N/A','Muk Kimsong ','ម៉ុក គឹមសុង',1,1,NULL,0,NULL,1,1,10,0,0,0,0,0,0,50,0,0,'',1,0,0,'2012-12-21',NULL,NULL,NULL,NULL,NULL,NULL,'',1,NULL,0,0,16,'2015-06-04 18:04:14',16,'2015-06-04 18:06:04'),(461,'N/A','Kong Phieng ','គង់ ផែង',1,1,NULL,0,NULL,1,1,10,0,0,0,0,0,0,50,0,0,'',1,0,0,'2014-03-01',NULL,NULL,NULL,NULL,NULL,NULL,'',1,NULL,0,0,16,'2015-06-04 18:07:20',16,'2015-06-04 18:08:47'),(462,'N/A','Sam Voleak','សំ វលក្ខណ៍',1,1,NULL,0,NULL,1,1,10,0,0,0,0,0,0,50,0,0,'',1,0,0,'2013-02-17',NULL,NULL,NULL,NULL,NULL,NULL,'',1,NULL,0,0,16,'2015-06-04 18:09:40',16,'2015-06-04 18:11:54'),(463,'N/A','Heang Ratana','ហ៊ាង រតនា',1,1,NULL,0,NULL,1,1,10,0,0,0,0,0,0,50,0,0,'',1,0,0,'2014-01-01',NULL,NULL,NULL,NULL,NULL,NULL,'',1,NULL,0,0,16,'2015-06-04 18:23:00',16,'2015-06-04 18:24:47'),(464,'N/A','Sreng Sathya ','ស្រេង សាត់ស្យា',1,NULL,NULL,NULL,NULL,NULL,NULL,0,NULL,NULL,NULL,NULL,0,0,0,0,0,NULL,NULL,NULL,NULL,NULL,NULL,NULL,NULL,NULL,NULL,NULL,NULL,NULL,NULL,0,0,16,'2015-06-04 18:25:46',NULL,'2015-06-04 18:25:46'),(465,'N/A','Sreng Sathya ','ស្រេង សាត់ស្យា',1,1,NULL,0,NULL,1,1,10,0,0,0,0,0,0,50,0,0,'',1,0,0,'2014-06-01',NULL,NULL,NULL,NULL,NULL,NULL,'',1,NULL,0,0,16,'2015-06-04 18:25:54',16,'2015-06-04 18:28:00'),(466,'N/A','Heang Sokly ','ហ៊ាង សុខលី',1,1,NULL,0,NULL,1,1,10,0,0,0,0,0,0,50,0,0,'',1,0,0,'2013-10-18',NULL,NULL,NULL,NULL,NULL,NULL,'',1,NULL,0,0,16,'2015-06-04 18:29:17',16,'2015-06-04 18:32:51'),(467,'N/A','Nhem Tola','ញ៉ែម តុលា',1,1,NULL,0,NULL,0,1,10,0,0,0,0,0,0,50,0,0,'',1,0,0,'2014-02-01',NULL,NULL,NULL,NULL,NULL,NULL,'',1,NULL,0,0,16,'2015-06-04 18:35:35',16,'2015-06-04 18:38:51'),(468,'N/A','Sreng Srong ','ស្រេង ស្រ៊ុង',1,1,NULL,0,NULL,1,1,10,0,0,0,0,0,0,50,0,0,'',1,0,0,'2012-12-13',NULL,NULL,NULL,NULL,NULL,NULL,'',1,NULL,0,0,16,'2015-06-04 18:40:44',16,'2015-06-04 18:42:42'),(469,'N/A','Yous Odam ','យស ឧត្តម',1,1,NULL,0,NULL,1,1,10,0,0,0,0,0,0,50,0,0,'',1,0,0,'2014-12-01',NULL,NULL,NULL,NULL,NULL,NULL,'',1,NULL,0,0,16,'2015-06-04 18:46:59',16,'2015-06-04 18:48:40'),(470,'N/A','So Vibal ','សូរ វិបុល',1,1,NULL,0,NULL,1,1,10,0,0,0,0,0,0,50,0,0,'',1,0,0,'2011-08-28',NULL,NULL,NULL,NULL,NULL,NULL,'',1,NULL,0,0,16,'2015-06-04 18:54:26',16,'2015-06-04 18:57:41'),(471,'N/A','Yoeun Narin','យឿន ណារិន',1,1,NULL,0,NULL,1,1,10,0,0,0,0,0,0,50,0,0,'',0,0,0,'2011-11-01',NULL,NULL,NULL,NULL,NULL,NULL,'',1,NULL,0,0,16,'2015-06-04 19:00:13',16,'2015-06-04 19:02:50'),(472,'N/A','Gnet Makara','ង៉ែត មករា',1,1,NULL,0,NULL,1,1,10,0,0,0,0,0,0,50,0,0,'',1,0,0,'2011-12-19',NULL,NULL,NULL,NULL,NULL,NULL,'',1,NULL,0,0,16,'2015-06-04 19:04:40',16,'2015-06-04 19:10:18'),(473,'N/A','Chorn Sovann','ចន សុវណ្ណ',1,1,NULL,0,NULL,1,1,10,0,0,0,0,0,0,50,0,0,'',1,0,0,'2014-03-18',NULL,NULL,NULL,NULL,NULL,NULL,'',1,NULL,0,0,16,'2015-06-04 19:11:11',16,'2015-06-04 19:12:39'),(474,'N/A','Ich Cheang ','អ៊ិច ជាង',1,1,NULL,0,NULL,1,1,10,0,0,0,0,0,0,50,0,0,'',1,0,0,'2014-05-01',NULL,NULL,NULL,NULL,NULL,NULL,'',1,NULL,0,0,16,'2015-06-04 19:16:01',16,'2015-06-04 19:19:45'),(475,'N/A','Chok Khom ','ចក់ ខុំ',1,1,NULL,0,NULL,1,1,10,0,0,0,0,0,0,50,0,0,'',1,0,0,'2015-04-07',NULL,NULL,NULL,NULL,NULL,NULL,'',1,NULL,0,0,16,'2015-06-04 19:23:47',16,'2015-06-04 19:30:26'),(476,'N/A','Kan Koeun','កាន គឿន',1,1,NULL,0,NULL,1,1,10,0,0,0,0,0,0,50,0,0,'',1,0,0,'2014-05-01',NULL,NULL,NULL,NULL,NULL,NULL,'',1,NULL,0,0,16,'2015-06-04 19:32:40',16,'2015-06-04 19:46:46'),(477,'N/A','Yin Sok','យិន សុខ',1,1,NULL,0,NULL,1,1,10,0,0,0,0,0,0,50,0,0,'',1,0,0,'2014-03-01','2015-06-04',NULL,NULL,NULL,NULL,NULL,'',1,NULL,0,0,16,'2015-06-04 19:47:38',16,'2015-06-04 19:51:22'),(478,'N/A','Soung Mengly','សួង ម៉េងលី',1,1,NULL,0,NULL,1,1,10,0,0,0,0,0,0,50,0,0,'',1,0,0,'2014-08-21',NULL,NULL,NULL,NULL,NULL,NULL,'',1,NULL,0,0,16,'2015-06-04 19:58:28',16,'2015-06-04 20:00:12'),(479,'N/A','Yous Yoeun','យស់ យឿន',1,1,NULL,0,NULL,1,1,10,0,0,0,0,0,0,50,0,0,'',1,0,0,'2014-08-01',NULL,NULL,NULL,NULL,NULL,NULL,'',1,NULL,0,0,16,'2015-06-04 20:00:52',16,'2015-06-04 20:06:34'),(480,'N/A','Phak Prach ','ផាក ប្រាជ្ញ',1,1,NULL,0,NULL,1,1,10,0,0,0,0,0,0,50,0,0,'',1,0,0,'2012-08-13',NULL,NULL,NULL,NULL,NULL,NULL,'',1,NULL,0,0,16,'2015-06-04 20:08:19',16,'2015-06-04 20:11:26'),(481,'N/A','Phon Sovann','ថន សុវណ្ណ',1,1,NULL,0,NULL,1,1,10,0,0,0,0,0,0,50,0,0,'',1,0,0,NULL,NULL,NULL,NULL,NULL,NULL,NULL,'',1,NULL,0,0,16,'2015-06-04 20:12:43',16,'2015-06-04 20:14:05'),(482,'N/A','Kharn Vanny','ឃាន អ៊ុន',1,1,NULL,0,NULL,1,1,10,0,0,0,0,0,0,50,0,0,'',1,0,0,NULL,NULL,NULL,NULL,NULL,NULL,NULL,'',1,NULL,0,0,16,'2015-06-04 20:15:02',16,'2015-06-04 20:20:53'),(483,'N/A','Chhun Meo','ឈុន ម៉ៅ',2,2,NULL,0,NULL,1,1,10,0,0,0,0,0,0,50,0,0,'',1,0,0,NULL,NULL,NULL,NULL,NULL,NULL,NULL,'',1,NULL,0,0,16,'2015-06-04 20:21:31',16,'2015-06-04 20:27:26'),(484,'N/A','Sea Chanthy','សៀ ចន្ធី',2,2,NULL,0,NULL,1,1,10,0,0,0,0,0,0,50,0,0,'',1,0,0,NULL,NULL,NULL,NULL,NULL,NULL,NULL,'',1,NULL,0,0,16,'2015-06-04 20:23:50',16,'2015-06-04 20:25:02'),(485,'N/A','Roeun Thy','វឿន ធី',2,2,NULL,0,NULL,1,1,10,0,0,0,0,0,0,50,0,0,'',1,0,0,NULL,NULL,NULL,NULL,NULL,NULL,NULL,'',1,NULL,0,0,16,'2015-06-04 20:25:34',16,'2015-06-04 20:26:41'),(486,'N/A','Heng Bora','ហេង បូរ៉ា',1,1,NULL,0,NULL,1,1,10,0,0,0,0,0,0,50,0,0,'',1,0,0,'2011-06-04',NULL,NULL,NULL,NULL,NULL,NULL,'',1,NULL,0,0,16,'2015-06-04 20:30:30',16,'2015-06-04 20:33:31'),(487,'N/A','Heum Han','ហ៊ឹម ហាន',1,1,NULL,0,NULL,1,1,10,0,0,0,0,0,0,50,0,0,'',1,0,0,'2011-12-01',NULL,NULL,NULL,NULL,NULL,NULL,'',1,NULL,0,0,16,'2015-06-04 20:35:18',16,'2015-06-04 20:36:47'),(488,'N/A','Prak Samnang ','ប្រាក់ សំអាង',1,1,NULL,0,NULL,1,1,10,0,0,0,0,0,0,50,0,0,'',1,0,0,'2012-04-19',NULL,NULL,NULL,NULL,NULL,NULL,'',1,NULL,0,0,16,'2015-06-04 20:37:25',16,'2015-06-04 20:39:17'),(489,'N/A','Phoung Phoun','ភួង ភួន',1,1,NULL,0,NULL,1,1,10,0,0,0,0,0,0,50,0,0,'',1,0,0,'2011-07-30',NULL,NULL,NULL,NULL,NULL,NULL,'',1,NULL,0,0,16,'2015-06-04 20:40:14',16,'2015-06-04 20:43:29'),(490,'N/A','Chhark Savin','ឈាក សាវីន',1,1,NULL,0,NULL,1,1,10,0,0,0,0,0,0,50,0,0,'',1,0,0,'2012-03-01',NULL,NULL,NULL,NULL,NULL,NULL,'',1,NULL,0,0,16,'2015-06-04 20:44:17',16,'2015-06-04 20:45:50'),(491,'N/A','Yeung Khon','យឹង ឃីន',1,1,NULL,0,NULL,1,1,10,0,0,0,0,0,0,50,0,0,'',1,0,0,'2012-08-01',NULL,NULL,NULL,NULL,NULL,NULL,'',1,NULL,0,0,16,'2015-06-04 20:46:24',16,'2015-06-04 20:48:17'),(492,'N/A','Gna Phearom','ង៉ា ភារម្យ',1,1,NULL,0,NULL,1,1,10,0,0,0,0,0,0,50,0,0,'',1,0,0,'2013-10-09',NULL,NULL,NULL,NULL,NULL,NULL,'',1,NULL,0,0,16,'2015-06-04 20:49:54',16,'2015-06-04 20:53:52'),(493,'N/A','Choeun Sovanara','ជឿន សុវណ្ណរ៉ា',1,1,NULL,0,NULL,1,1,10,0,0,0,0,0,0,50,0,0,'',1,0,0,'2013-07-09',NULL,NULL,NULL,NULL,NULL,NULL,'',1,NULL,0,0,16,'2015-06-04 21:01:22',16,'2015-06-04 21:02:42'),(494,'N/A','So Chanly','សូរ ចាន់លី',1,1,NULL,0,NULL,1,1,10,0,0,0,0,0,0,50,0,0,'',1,0,0,'2013-12-01',NULL,NULL,NULL,NULL,NULL,NULL,'',1,NULL,0,0,16,'2015-06-04 21:03:20',16,'2015-06-04 21:05:34'),(495,'N/A','Seung Roeung','ស៊ឹង រឿង',1,1,NULL,0,NULL,1,1,10,0,0,0,0,0,0,50,0,0,'',1,0,0,'2013-12-01',NULL,NULL,NULL,NULL,NULL,NULL,'',1,NULL,0,0,16,'2015-06-04 21:06:25',16,'2015-06-04 21:07:42'),(496,'N/A','Leum Preum','លឹម ប្រឹម',1,1,NULL,0,NULL,1,1,10,0,0,0,0,0,0,50,0,0,'',1,0,0,'2013-12-04',NULL,NULL,NULL,NULL,NULL,NULL,'',1,NULL,0,0,16,'2015-06-04 21:09:23',16,'2015-06-04 21:10:19'),(497,'N/A','Yon Phalla','យុន ផល្លា',2,1,NULL,0,NULL,1,1,10,0,0,0,0,0,0,50,0,0,'',1,0,0,'2014-01-09',NULL,NULL,NULL,NULL,NULL,NULL,'',1,NULL,0,0,16,'2015-06-04 21:10:48',16,'2015-06-04 21:13:02'),(498,'N/A','Ny Sophal','នី សុផល',1,1,NULL,0,NULL,1,1,10,0,0,0,0,0,0,50,0,0,'',1,0,0,'2014-01-10',NULL,NULL,NULL,NULL,NULL,NULL,'',1,NULL,0,0,16,'2015-06-04 21:13:46',16,'2015-06-04 21:16:55'),(499,'N/A','Kong Thin','គង់ ទីន',1,1,NULL,0,NULL,1,1,10,0,0,0,0,0,0,50,0,0,'',1,0,0,'2014-09-09',NULL,NULL,NULL,NULL,NULL,NULL,'',1,NULL,0,0,16,'2015-06-04 21:17:51',16,'2015-06-04 21:20:05'),(500,'N/A','Moeun Monichariya','មឿន មុណីចរិយា',1,1,NULL,0,NULL,1,1,10,0,0,0,0,0,0,50,0,0,'',1,0,0,'2014-10-02',NULL,NULL,NULL,NULL,NULL,NULL,'',1,NULL,0,0,16,'2015-06-04 21:21:20',16,'2015-06-04 21:25:29'),(501,'N/A','Mony Nith','មុនី នីត',1,1,NULL,0,NULL,1,1,10,0,0,0,0,0,0,50,0,0,'',1,0,0,'2014-10-02',NULL,NULL,NULL,NULL,NULL,NULL,'',1,NULL,0,0,16,'2015-06-04 21:26:47',16,'2015-06-04 21:29:29'),(502,'N/A','Thon sovy','ថន សុវី',1,1,NULL,0,NULL,1,1,10,0,0,0,0,0,0,50,0,0,'',1,0,0,'2014-08-01',NULL,NULL,NULL,NULL,NULL,NULL,'',1,NULL,0,0,16,'2015-06-04 21:30:24',16,'2015-06-04 21:37:36'),(503,'N/A','Sum Thonarth','ស៊ុំ ថុនាត',1,1,NULL,0,NULL,1,1,10,0,0,0,0,0,0,50,0,0,'',1,0,0,'2014-12-11',NULL,NULL,NULL,NULL,NULL,NULL,'',1,NULL,0,0,16,'2015-06-04 21:38:40',16,'2015-06-04 21:40:47'),(504,'N/A','Sam Doeun ','សំ ដឿន',1,1,NULL,0,NULL,1,1,10,0,0,0,0,0,0,50,0,0,'',1,0,0,'2014-12-21',NULL,NULL,NULL,NULL,NULL,NULL,'',1,NULL,0,0,16,'2015-06-04 21:42:15',16,'2015-06-04 21:43:31'),(505,'N/A','Khon Sokhiey','ឃុន សុខខៃ',1,1,NULL,0,NULL,1,1,10,0,0,0,0,0,0,50,0,0,'',1,0,0,'2015-01-02',NULL,NULL,NULL,NULL,NULL,NULL,'',1,NULL,0,0,16,'2015-06-04 21:44:25',16,'2015-06-04 21:52:19'),(506,'N/A','Phal Phy ','ផល ភី',1,1,NULL,0,NULL,1,1,10,0,0,0,0,0,0,50,0,0,'',1,0,0,'2015-01-06',NULL,NULL,NULL,NULL,NULL,NULL,'',1,NULL,0,0,16,'2015-06-04 21:53:02',16,'2015-06-04 21:54:34'),(507,'N/A','Vann Khorn ','វ៉ាន់ ខន',1,1,NULL,0,NULL,1,1,10,0,0,0,0,0,0,50,0,0,'',1,0,0,'2015-02-01',NULL,NULL,NULL,NULL,NULL,NULL,'',1,NULL,0,0,16,'2015-06-04 21:55:05',16,'2015-06-04 21:56:31'),(508,'N/A','Sum Ratana','ស៊ុំ រត្តនា',1,1,NULL,0,NULL,1,1,10,0,0,0,0,0,0,50,0,0,'',1,0,0,'2015-03-01',NULL,NULL,NULL,NULL,NULL,NULL,'',1,NULL,0,0,16,'2015-06-04 21:57:17',16,'2015-06-04 21:58:32'),(509,'N/A','Siem Gnorn','សែម ងន',1,1,NULL,0,NULL,1,1,10,0,0,0,0,0,0,50,0,0,'',1,0,0,'2015-04-01',NULL,NULL,NULL,NULL,NULL,NULL,'',1,NULL,0,0,16,'2015-06-04 21:59:23',16,'2015-06-04 22:00:23'),(510,'N/A','Theng Nang','ថេន ណាង',1,1,NULL,0,NULL,1,1,10,0,0,0,0,0,0,50,0,0,'',1,0,0,'2015-04-21',NULL,NULL,NULL,NULL,NULL,NULL,'',1,NULL,0,0,16,'2015-06-04 22:00:58',16,'2015-06-04 22:01:59'),(511,'N/A','Pe Toeu','ប៉េ តឿ',1,1,NULL,0,NULL,1,1,10,0,0,0,0,0,0,50,0,0,'',1,0,0,'2015-04-21',NULL,NULL,NULL,NULL,NULL,NULL,'',1,NULL,0,0,16,'2015-06-04 22:02:55',16,'2015-06-04 22:04:17'),(512,'N/A','Nhep Dy','ញឹប ឌី',1,1,NULL,0,NULL,1,1,10,0,0,0,0,0,0,50,0,0,'',0,0,0,'2015-04-21',NULL,NULL,NULL,NULL,NULL,NULL,'',1,NULL,0,0,16,'2015-06-04 22:05:00',16,'2015-06-04 22:06:23'),(513,'N/A','Cheth Santrorm ','ចេត សាន់ទ្រាំ',1,1,NULL,0,NULL,1,1,10,0,0,0,0,0,0,50,0,0,'',1,0,0,'2015-03-16',NULL,NULL,NULL,NULL,NULL,NULL,'',1,NULL,0,0,16,'2015-06-04 22:07:38',16,'2015-06-04 22:08:40'),(514,'N/A','Pheang Veasna','ភៀង វាសនា',1,1,NULL,0,NULL,1,1,10,0,0,0,0,0,0,50,0,0,'',1,0,0,'2012-01-15',NULL,NULL,NULL,NULL,NULL,NULL,'',1,NULL,0,0,16,'2015-06-05 13:11:01',16,'2015-06-05 13:14:12'),(515,'N/A','Sam Viey','សំ វៃ',1,1,NULL,0,NULL,1,1,10,0,0,0,0,0,0,50,0,0,'',1,0,0,'2013-12-19',NULL,NULL,NULL,NULL,NULL,NULL,'',1,NULL,0,0,16,'2015-06-05 13:16:01',16,'2015-06-05 13:23:13'),(516,'N/A','Sakhorn Bopha','សាខន បុប្ផា',1,1,NULL,0,NULL,1,1,10,0,0,0,0,0,0,50,0,0,'',1,0,0,'2013-03-21',NULL,NULL,NULL,NULL,NULL,NULL,'',1,NULL,0,0,16,'2015-06-05 13:23:52',16,'2015-06-05 13:28:26'),(517,'N/A','Sien Pitou','សែន ពិទូ',1,1,NULL,0,NULL,1,1,10,0,0,0,0,0,0,50,0,0,'',1,0,0,'2014-01-01',NULL,NULL,NULL,NULL,NULL,NULL,'',1,NULL,0,0,16,'2015-06-05 13:30:32',16,'2015-06-05 13:36:36'),(518,'N/A','Phal Pheary ','ផល ភារី',1,1,NULL,0,NULL,1,1,10,0,0,0,0,0,0,50,0,0,'',1,0,0,'2013-12-01',NULL,NULL,NULL,NULL,NULL,NULL,'',1,NULL,0,0,16,'2015-06-05 13:37:46',16,'2015-06-05 13:39:52'),(519,'N/A','Phal Chea','ផល ជា',1,1,NULL,0,NULL,1,1,10,0,0,0,0,0,0,50,0,0,'',1,0,0,'2013-03-01',NULL,NULL,NULL,NULL,NULL,NULL,'',1,NULL,0,0,16,'2015-06-05 13:41:34',16,'2015-06-05 13:47:37'),(520,'N/A','Pheng Ramorn','ផេង រ៉ាម៉ន',1,1,NULL,0,NULL,1,1,10,0,0,0,0,0,0,50,0,0,'',1,0,0,'2013-04-19',NULL,NULL,NULL,NULL,NULL,NULL,'',1,NULL,0,0,16,'2015-06-05 13:48:36',16,'2015-06-05 13:50:45'),(521,'N/A','Seum Sen','សឹម សេន',1,1,NULL,0,NULL,1,1,10,0,0,0,0,0,0,50,0,0,'',1,0,0,'2015-01-01',NULL,NULL,NULL,NULL,NULL,NULL,'',1,NULL,0,0,16,'2015-06-05 13:54:49',16,'2015-06-05 13:58:07'),(522,'N/A','Keath Sokhy','គៀត សុខឃី',1,1,NULL,0,NULL,1,1,10,0,0,0,0,0,0,50,0,0,'',1,0,0,'2012-09-01',NULL,NULL,NULL,NULL,NULL,NULL,'',1,NULL,0,0,16,'2015-06-05 14:00:47',16,'2015-06-05 14:16:50'),(523,'N/A','Sao Mara','សៅ ម៉ារ៉ា',1,1,NULL,0,NULL,1,1,10,0,0,0,0,0,0,50,0,0,'',1,0,0,'2011-12-02',NULL,NULL,NULL,NULL,NULL,NULL,'',1,NULL,0,0,16,'2015-06-05 14:18:22',16,'2015-06-05 14:23:16'),(524,'N/A','Teun Teab','ទីន ទៀប',1,1,NULL,0,NULL,1,1,10,0,0,0,0,0,0,50,0,0,'',1,0,0,'2014-04-01',NULL,NULL,NULL,NULL,NULL,NULL,'',1,NULL,0,0,16,'2015-06-05 14:26:37',16,'2015-06-05 14:27:45'),(525,'N/A','Seum Soeun','សឹម​ សឿន',1,1,NULL,0,NULL,1,1,10,0,0,0,0,0,0,50,0,0,'',1,0,0,'2013-01-05',NULL,NULL,NULL,NULL,NULL,NULL,'',1,NULL,0,0,16,'2015-06-05 14:30:24',16,'2015-06-05 14:31:48'),(526,'N/A','Proeung Vibol','ព្រឿង វិបុល',1,1,NULL,0,NULL,1,1,10,0,0,0,0,0,0,50,0,0,'',1,0,0,'2013-12-04',NULL,NULL,NULL,NULL,NULL,NULL,'',1,NULL,0,0,16,'2015-06-05 14:35:30',16,'2015-06-05 14:38:59'),(527,'N/A','Yeung Kimheang ','យ៉ឹង គឹមហៀង',1,1,NULL,0,NULL,1,1,10,0,0,0,0,0,0,50,0,0,'',1,0,0,'2014-07-08',NULL,NULL,NULL,NULL,NULL,NULL,'',1,NULL,0,0,16,'2015-06-05 14:56:26',16,'2015-06-05 14:59:06'),(528,'N/A','Em Ny','អែម នី',1,1,NULL,0,NULL,1,1,10,0,0,0,0,0,0,50,0,0,'',1,0,0,'2014-01-16',NULL,NULL,NULL,NULL,NULL,NULL,'',1,NULL,0,0,16,'2015-06-05 15:08:33',16,'2015-06-05 15:10:23'),(529,'N/A','Chok Vanneth ','ចក់ វ៉ាន់ណេត',1,1,NULL,0,NULL,1,1,10,0,0,0,0,0,0,50,0,0,'',1,0,0,'2015-06-01',NULL,NULL,NULL,NULL,NULL,NULL,'',1,NULL,0,0,16,'2015-06-05 15:19:11',16,'2015-06-05 15:22:52'),(530,'N/A','Phal Meth','ផល ម៉េត',1,1,NULL,0,NULL,1,1,10,0,0,0,0,0,0,50,0,0,'',1,0,0,'2015-01-18',NULL,NULL,NULL,NULL,NULL,NULL,'',1,NULL,0,0,16,'2015-06-05 15:23:33',16,'2015-06-05 15:27:27'),(531,'N/A','So Reaksmey ','សូរ រស្មី',1,1,NULL,0,NULL,1,1,10,0,0,0,0,0,0,50,0,0,'',1,0,0,'2014-05-20',NULL,NULL,NULL,NULL,NULL,NULL,'',1,NULL,0,0,16,'2015-06-05 15:28:53',16,'2015-06-05 15:30:24'),(532,'N/A','Ly Sokleng ','លី សុខឡេង',1,1,NULL,0,NULL,1,1,10,0,0,0,0,0,0,50,0,0,'',1,0,0,'2013-12-01',NULL,NULL,NULL,NULL,NULL,NULL,'',1,NULL,0,0,16,'2015-06-05 15:31:01',16,'2015-06-05 15:33:10'),(533,'N/A','Gnak Rotha','ង៉ាក់ រដ្ឋា',1,1,NULL,0,NULL,1,1,10,0,0,0,0,0,0,50,0,0,'',1,0,0,'2015-06-13',NULL,NULL,NULL,NULL,NULL,NULL,'',1,NULL,0,0,16,'2015-06-05 15:34:16',16,'2015-06-05 15:35:43'),(534,'N/A','Tou Bunthuy','តួ ប៊ុនធុយ',1,1,NULL,0,NULL,1,1,10,0,0,0,0,0,0,50,0,0,'',1,0,0,'2014-02-01',NULL,NULL,NULL,NULL,NULL,NULL,'',1,NULL,0,0,16,'2015-06-05 15:36:35',16,'2015-06-05 15:40:01'),(535,'N/A','Ol Roth ','អ៊ុល រ័ត្ន',1,1,NULL,0,NULL,1,1,10,0,0,0,0,0,0,50,0,0,'',1,0,0,'2012-10-04',NULL,NULL,NULL,NULL,NULL,NULL,'',1,NULL,0,0,16,'2015-06-05 15:40:47',16,'2015-06-05 15:42:40'),(536,'N/A','Gnov Kea','ងូវ គា',1,1,NULL,0,NULL,1,1,10,0,0,0,0,0,0,50,0,0,'',1,0,0,'2012-01-15',NULL,NULL,NULL,NULL,NULL,NULL,'',1,NULL,0,0,16,'2015-06-05 15:43:16',16,'2015-06-05 15:49:15'),(537,'N/A','Thy Phearon','ធី ភារុន',1,1,NULL,0,NULL,1,1,10,0,0,0,0,0,0,50,0,0,'',1,0,0,'2013-06-26',NULL,NULL,NULL,NULL,NULL,NULL,'',1,NULL,0,0,16,'2015-06-05 15:51:22',16,'2015-06-05 15:59:00'),(538,'N/A','Sok Mao ','សុខ ម៉ៅ',1,1,NULL,0,NULL,1,1,10,0,0,0,0,0,0,50,0,0,'',1,0,0,'2013-01-01',NULL,NULL,NULL,NULL,NULL,NULL,'',1,NULL,0,0,16,'2015-06-05 15:59:58',16,'2015-06-05 16:02:22'),(539,'N/A','Try Trie','ទ្រី ត្រេ',1,1,NULL,0,NULL,1,1,10,0,0,0,0,0,0,50,0,0,'',1,0,0,'2013-08-02',NULL,NULL,NULL,NULL,NULL,NULL,'',1,NULL,0,0,16,'2015-06-05 16:09:24',16,'2015-06-05 16:12:27'),(540,'N/A','Gnoy Noun','ង៉ុយ នួន',1,1,NULL,0,NULL,1,1,10,0,0,0,0,0,0,50,0,0,'',1,0,0,'2013-11-01',NULL,NULL,NULL,NULL,NULL,NULL,'',1,NULL,0,0,16,'2015-06-05 16:14:52',16,'2015-06-05 16:16:31'),(541,'N/A','Chhun Chhay','ឈុន ឆាយ',1,1,NULL,0,NULL,1,1,10,0,0,0,0,0,0,50,0,0,'',1,0,0,'2013-12-18',NULL,NULL,NULL,NULL,NULL,NULL,'',1,NULL,0,0,16,'2015-06-05 16:17:11',16,'2015-06-05 16:20:44'),(542,'N/A','Peth Pha','ប៉ែត ផា',1,NULL,NULL,NULL,NULL,1,1,10,0,0,0,0,0,0,50,0,0,'',1,0,0,'2014-01-17',NULL,NULL,NULL,NULL,NULL,NULL,NULL,NULL,NULL,0,0,16,'2015-06-05 16:22:15',16,'2015-06-05 16:25:29'),(543,'N/A','Chok Vannak ','ចក់ វ៉ាន់វណ្ណះ',1,1,NULL,0,NULL,1,1,10,0,0,0,0,0,0,50,0,0,'',1,0,0,'2014-04-18',NULL,NULL,NULL,NULL,NULL,NULL,'',1,NULL,0,0,16,'2015-06-05 16:26:23',16,'2015-06-05 16:31:12'),(544,'N/A','La Vichhay','ឡា វិជ័យ',1,1,NULL,0,NULL,1,1,10,0,0,0,0,0,0,50,0,0,'',1,0,0,'2014-05-01',NULL,NULL,NULL,NULL,NULL,NULL,'',1,NULL,0,0,16,'2015-06-05 16:32:49',16,'2015-06-05 16:33:50'),(545,'N/A','Phy Kakada','ភី កក្កដា',1,1,NULL,0,NULL,1,1,10,0,0,0,0,0,0,50,0,0,'',1,0,0,'2014-08-01',NULL,NULL,NULL,NULL,NULL,NULL,'',1,NULL,0,0,16,'2015-06-05 16:34:42',16,'2015-06-05 16:39:16'),(546,'N/A','Rous Dara','រស់ ដារ៉ា',1,1,NULL,0,NULL,1,1,10,0,0,0,0,0,0,50,0,0,'',1,0,0,'2014-08-19',NULL,NULL,NULL,NULL,NULL,NULL,'',1,NULL,0,0,16,'2015-06-05 16:41:03',16,'2015-06-05 16:42:37'),(547,'N/A','Pharn Bip','ផាន ប៊ីប',1,1,NULL,0,NULL,1,1,10,0,0,0,0,0,0,50,0,0,'',1,0,0,'2014-09-01',NULL,NULL,NULL,NULL,NULL,NULL,'',1,NULL,0,0,16,'2015-06-05 16:43:26',16,'2015-06-05 16:44:39'),(548,'N/A','Thy Samna','ធី សាមណា',1,1,NULL,0,NULL,1,1,10,0,0,0,0,0,0,50,0,0,'',1,0,0,'2014-09-05',NULL,NULL,NULL,NULL,NULL,NULL,'',1,NULL,0,0,16,'2015-06-05 16:47:07',16,'2015-06-05 16:51:31'),(549,'N/A','Lath Sarath ','ឡាត់ សាវ៉ាត',1,1,NULL,0,NULL,1,1,10,0,0,0,0,0,0,50,0,0,'',1,0,0,'2014-10-01',NULL,NULL,NULL,NULL,NULL,NULL,'',1,NULL,0,0,16,'2015-06-05 19:30:04',16,'2015-06-05 21:28:29'),(550,'N/A','Kim Thy','គីម ធី',0,1,NULL,0,NULL,1,1,10,0,0,0,0,0,0,50,0,0,'',1,0,0,'2012-12-08',NULL,NULL,NULL,NULL,NULL,NULL,'',1,NULL,0,0,16,'2015-06-06 14:01:28',16,'2015-06-06 14:11:55'),(551,'N/A','Eang Hong ','អៀង ហុង',1,1,NULL,0,NULL,1,1,10,0,0,0,0,0,0,50,0,0,'',1,0,0,'2014-02-01',NULL,NULL,NULL,NULL,NULL,NULL,'',1,NULL,0,0,16,'2015-06-06 14:12:57',16,'2015-06-06 14:27:20'),(552,'N/A','Van Soknep','វ៉ាន់ សុខនេប',1,1,NULL,0,NULL,1,1,10,0,0,0,0,0,0,50,0,0,'',1,0,0,'2014-08-01',NULL,NULL,NULL,NULL,NULL,NULL,'',1,NULL,0,0,16,'2015-06-06 14:37:24',16,'2015-06-06 14:39:54'),(553,'N/A','Oun Sina','អួន ស៊ីណា',2,2,NULL,0,NULL,1,1,10,0,0,0,0,0,0,50,0,0,'',1,0,0,'2012-12-01',NULL,NULL,NULL,NULL,NULL,NULL,'',1,NULL,0,0,16,'2015-06-06 14:41:30',16,'2015-06-06 14:43:27'),(554,'N/A','Parng Phally ','ប៉ាង ផល្លី',2,2,NULL,0,NULL,1,1,10,0,0,0,0,0,0,50,0,0,'',1,0,0,'2013-09-01',NULL,NULL,NULL,NULL,NULL,NULL,'',1,NULL,0,0,16,'2015-06-06 14:44:31',16,'2015-06-06 14:49:41'),(555,'N/A','Siem Phalla','សែម ផល្លា',2,2,NULL,0,NULL,1,1,10,0,0,0,0,0,0,50,0,0,'',1,0,0,'2014-08-01',NULL,NULL,NULL,NULL,NULL,NULL,'',1,NULL,0,0,16,'2015-06-06 14:51:10',16,'2015-06-06 14:53:37'),(556,'N/A','Huy Sokun ','ហ៊ុយ សុគន្ធ',1,1,NULL,0,NULL,1,1,10,0,0,0,0,0,0,0,0,0,'',1,0,0,'2014-10-27',NULL,NULL,NULL,NULL,NULL,NULL,'',1,NULL,0,0,16,'2015-06-06 15:08:24',16,'2015-06-06 15:38:36'),(557,'N/A','Kem Sokim','គឹម សុគីម',1,1,NULL,0,NULL,1,1,10,0,0,0,0,0,0,0,0,0,'',1,0,0,'2011-01-07',NULL,NULL,NULL,NULL,NULL,NULL,'',1,NULL,0,0,16,'2015-06-06 15:48:05',16,'2015-06-06 15:52:39'),(558,'N/A','Phlong Sarith','ប្លង់ សារិទ្ធ',1,1,NULL,0,NULL,1,1,10,0,0,0,0,0,0,0,0,0,'',1,0,0,'2014-10-27',NULL,NULL,NULL,NULL,NULL,NULL,'',1,NULL,0,0,16,'2015-06-06 15:53:38',16,'2015-06-06 15:57:59'),(559,'N/A','Keo En','កែវ អ៊ិន',1,1,NULL,0,NULL,1,1,10,0,0,0,0,0,0,0,0,0,'',1,0,0,'2011-01-07',NULL,NULL,NULL,NULL,NULL,NULL,'',1,NULL,0,0,16,'2015-06-06 15:58:51',16,'2015-06-06 16:01:36'),(560,'N/A','Hak Touch','ហាក់ ទូច',1,1,NULL,0,NULL,1,1,10,0,0,0,0,0,0,0,0,0,'',1,0,0,'2011-01-07',NULL,NULL,NULL,NULL,NULL,NULL,'',1,NULL,0,0,16,'2015-06-06 16:16:57',16,'2015-06-06 16:18:46'),(561,'N/A','Nhem Kimseng ','ញ៉ែម គឹមសេង',1,1,NULL,0,NULL,1,1,10,0,0,0,0,0,0,0,0,0,'',0,0,0,'2013-01-07',NULL,NULL,NULL,NULL,NULL,NULL,'',1,NULL,0,0,16,'2015-06-06 16:19:27',16,'2015-06-06 16:23:14'),(562,'N/A','Ma Chamroeun ','ម៉ា ចំរើន',1,1,NULL,0,NULL,1,1,10,0,0,0,0,0,0,0,0,0,'',1,0,0,'2013-01-07',NULL,NULL,NULL,NULL,NULL,NULL,'',1,NULL,0,0,16,'2015-06-06 16:24:43',16,'2015-06-06 16:26:06'),(563,'N/A','Kuch Samnang ','គុជ សំណាង',1,1,NULL,0,NULL,1,1,10,0,0,0,0,0,0,0,0,0,'',1,0,0,'2011-07-01',NULL,NULL,NULL,NULL,NULL,NULL,'',1,NULL,0,0,16,'2015-06-06 16:26:44',16,'2015-06-06 16:28:57'),(564,'N/A','Keo Bora','កែវ យូរ៉ា',1,1,NULL,0,NULL,1,1,10,0,0,0,0,0,0,0,0,0,'',1,0,0,'2011-07-01',NULL,NULL,NULL,NULL,NULL,NULL,'',1,NULL,0,0,16,'2015-06-06 16:29:28',16,'2015-06-06 16:31:02'),(565,'N/A','Chhorn Chheang ','ឈន ឈៀង',1,1,NULL,0,NULL,1,1,10,0,0,0,0,0,0,0,0,0,'',1,0,0,'2011-07-01',NULL,NULL,NULL,NULL,NULL,NULL,'',1,NULL,0,0,16,'2015-06-06 16:31:32',16,'2015-06-06 16:33:21'),(566,'N/A','Kim Nara','គឹម ណារ៉ា',1,1,NULL,0,NULL,1,1,10,0,0,0,0,0,0,0,0,0,'',1,0,0,NULL,NULL,NULL,NULL,NULL,NULL,NULL,'',1,NULL,0,0,16,'2015-06-06 18:04:27',16,'2015-06-06 18:05:55'),(567,'N/A','Chou Sam An','ជូ សំអាន',1,1,NULL,0,NULL,1,1,10,0,0,0,0,0,0,0,0,0,'',1,0,0,NULL,NULL,NULL,NULL,NULL,NULL,NULL,'',1,NULL,0,0,16,'2015-06-06 18:15:30',16,'2015-06-06 18:17:50'),(568,'N/A','Kim Phann','គឹម ប៉ាន់',1,1,NULL,0,NULL,1,1,10,0,0,0,0,0,0,0,0,0,'',1,0,0,NULL,NULL,NULL,NULL,NULL,NULL,NULL,'',1,NULL,0,0,16,'2015-06-06 18:18:32',16,'2015-06-06 18:21:07'),(569,'N/A','Chan Sopheaktra','ច័ន្ទ សុភ័ក្រ្តា',1,1,NULL,0,NULL,1,1,10,0,0,0,0,0,0,0,0,0,'',1,0,0,NULL,NULL,NULL,NULL,NULL,NULL,NULL,'',1,NULL,0,0,16,'2015-06-06 18:34:08',16,'2015-06-06 18:35:51'),(570,'N/A','Nou Bunrom ','នួ ប៊ុនរុំ',2,1,NULL,0,NULL,1,1,10,0,0,0,0,0,0,0,0,0,'',1,0,0,NULL,NULL,NULL,NULL,NULL,NULL,NULL,'',1,NULL,0,0,16,'2015-06-06 18:43:36',16,'2015-06-06 18:58:26'),(571,'N/A','Thach Rith','ថាច់ រិទ្ធ',1,1,NULL,0,NULL,NULL,NULL,10,NULL,NULL,NULL,NULL,0,0,0,0,0,'',1,NULL,NULL,NULL,NULL,NULL,NULL,NULL,NULL,NULL,'',1,NULL,0,0,16,'2015-06-06 19:01:35',16,'2015-06-06 19:07:42'),(572,'N/A','Sou Sea','សូរ សៀ',1,1,NULL,0,NULL,NULL,NULL,10,NULL,NULL,NULL,NULL,0,0,0,0,0,'',1,NULL,NULL,NULL,NULL,NULL,NULL,NULL,NULL,NULL,'',1,NULL,0,0,16,'2015-06-06 19:11:48',16,'2015-06-06 19:12:13'),(573,'N/A','Nhem Sophal','ញ៉ែម សុផល',1,1,NULL,0,NULL,NULL,NULL,10,NULL,NULL,NULL,NULL,0,0,0,0,0,'',1,NULL,NULL,NULL,NULL,NULL,NULL,NULL,NULL,NULL,'',1,NULL,0,0,16,'2015-06-06 19:13:34',16,'2015-06-06 19:14:05'),(574,'N/A','Bong Thea','បង ធា',1,1,NULL,0,NULL,1,1,10,0,0,0,0,0,0,0,0,0,'',1,0,0,NULL,NULL,NULL,NULL,NULL,NULL,NULL,'',1,NULL,0,0,16,'2015-06-06 19:14:36',16,'2015-06-06 19:16:16'),(575,'N/A','Chumtheav Khuy Bunthan','ជំទាវ ឃុយ ប៊ុនថាន',1,2,NULL,0,NULL,1,1,10,0,0,0,0,0,0,0,0,0,'',1,0,0,NULL,NULL,NULL,NULL,NULL,NULL,NULL,'',1,NULL,0,0,16,'2015-06-06 19:18:07',16,'2015-06-06 19:20:18'),(576,'N/A','Ek Saro ','ឯក សារ៉ូ',1,1,NULL,0,NULL,1,1,10,0,0,0,0,0,0,0,0,0,'',1,0,0,NULL,NULL,NULL,NULL,NULL,NULL,NULL,'',1,NULL,0,0,16,'2015-06-06 19:20:52',16,'2015-06-06 19:22:42'),(577,'N/A','Rous Heng ','រស់ ហេង',1,1,NULL,0,NULL,1,1,10,0,0,0,0,0,0,0,0,0,'',1,0,0,NULL,NULL,NULL,NULL,NULL,NULL,NULL,'',1,NULL,0,0,16,'2015-06-06 19:23:17',16,'2015-06-06 19:23:59'),(578,'N/A','Kong Sambath ','គង់ សម្បត្តិ',1,1,NULL,0,NULL,1,1,10,0,0,0,0,0,0,0,0,0,'',1,0,0,NULL,NULL,NULL,NULL,NULL,NULL,NULL,'',1,NULL,0,0,16,'2015-06-06 19:26:40',16,'2015-06-06 19:28:08'),(579,'N/A','Chin Monorith','ជិន មនោរិទ្ធ',1,1,NULL,0,NULL,1,1,10,0,0,0,0,0,0,0,0,0,'',1,0,0,NULL,NULL,NULL,NULL,NULL,NULL,NULL,'',1,NULL,0,0,16,'2015-06-06 19:29:24',16,'2015-06-06 19:30:52'),(580,'N/A','Keo Sophal ','កែវ សុផល',1,1,NULL,0,NULL,1,1,10,0,0,0,0,0,0,0,0,0,'',1,0,0,NULL,NULL,NULL,NULL,NULL,NULL,NULL,'',1,NULL,0,0,16,'2015-06-06 19:31:45',16,'2015-06-06 19:35:39'),(581,'N/A','Leuk Savann','ឡឹក សាវណ្ណ',1,1,NULL,0,NULL,1,1,3,12,0,46,0,0,0,0,0,0,'',1,0,0,'2011-04-02',NULL,NULL,NULL,NULL,NULL,NULL,'',1,NULL,0,0,16,'2015-06-09 18:52:56',16,'2015-06-09 18:56:42'),(582,'N/A','Sarng Sarb','ស៊ាង ស៊ាប',1,1,NULL,0,NULL,1,1,3,0,0,0,0,0,0,0,0,0,'',1,0,0,'2011-05-01',NULL,NULL,NULL,NULL,NULL,NULL,'',1,NULL,0,0,16,'2015-06-09 18:58:10',16,'2015-06-09 19:07:45'),(583,'N/A','Ly Phearom','លី ភារម្យ',1,1,NULL,0,NULL,1,1,3,0,0,0,0,0,0,0,0,0,'',1,0,0,'2011-06-06',NULL,NULL,NULL,NULL,NULL,NULL,'',1,NULL,0,0,16,'2015-06-09 19:24:04',16,'2015-06-09 19:29:28'),(584,'N/A','Korng Sovanara','កង សុវណ្ណារា',1,1,NULL,0,NULL,1,1,3,0,0,0,0,0,0,0,0,0,'',1,0,0,'2014-07-01',NULL,NULL,NULL,NULL,NULL,NULL,'',1,NULL,0,0,16,'2015-06-09 19:31:10',16,'2015-06-09 19:32:57'),(585,'N/A','Loy Rithy','លុយ រិទ្ធី',1,1,NULL,0,NULL,1,1,3,0,0,0,0,0,0,0,0,0,'',1,0,0,'2014-09-15',NULL,NULL,NULL,NULL,NULL,NULL,'',1,NULL,0,0,16,'2015-06-09 19:34:26',16,'2015-06-09 19:49:37'),(586,'N/A','Eum Gneth','អ៊ឹម ង៉ែត',1,4,NULL,0,NULL,1,1,3,2,0,30,0,0,0,0,0,0,'',1,0,0,'2014-06-01',NULL,NULL,NULL,NULL,NULL,NULL,'',1,NULL,0,0,16,'2015-06-09 20:07:31',16,'2015-06-09 20:11:04'),(587,'N/A','Keo Savy','កែវ សាវី',1,1,NULL,0,NULL,1,1,3,0,0,37,0,0,0,0,0,0,'',1,0,0,'2012-12-06',NULL,NULL,NULL,NULL,NULL,NULL,'',1,NULL,0,0,16,'2015-06-09 20:28:17',16,'2015-06-09 20:36:31'),(588,'N/A','Sann Socheat','សាន់ សុជាតិ',1,1,NULL,0,NULL,1,1,3,0,0,0,0,0,0,0,0,0,'',1,0,0,'2012-06-10',NULL,NULL,NULL,NULL,NULL,NULL,'',1,NULL,0,0,16,'2015-06-09 20:37:07',16,'2015-06-09 20:38:44'),(589,'N/A','Yoeun Sopheak','យឿន សុកុម្ភៈ',1,1,NULL,0,NULL,1,1,3,0,0,0,0,0,0,0,0,0,'',1,0,0,'2013-10-01',NULL,NULL,NULL,NULL,NULL,NULL,'',1,NULL,0,0,16,'2015-06-09 20:40:11',16,'2015-06-09 20:41:51'),(590,'N/A','Yoeun Puy','យឿន ម៉ុយ',1,1,NULL,0,NULL,1,1,3,0,0,0,0,0,0,0,0,0,'',1,0,0,'2013-12-31',NULL,NULL,NULL,NULL,NULL,NULL,'',1,NULL,0,0,16,'2015-06-09 20:42:44',16,'2015-06-09 20:45:02'),(591,'N/A','Chhin Monika','ឈិនម៉ូនិកា',1,1,NULL,0,NULL,1,1,3,0,0,32,0,0,0,0,0,0,'',1,0,0,'2014-08-01',NULL,NULL,NULL,NULL,NULL,NULL,'',1,NULL,0,0,16,'2015-06-09 20:47:08',16,'2015-06-09 20:56:24'),(592,'N/A','Heng Hia ','ហេងហៃ',1,1,NULL,0,NULL,1,1,3,0,0,0,0,0,0,0,0,0,'',1,0,0,'2015-03-01',NULL,NULL,NULL,NULL,NULL,NULL,'',1,NULL,0,0,16,'2015-06-09 20:57:55',16,'2015-06-09 21:00:54'),(593,'N/A','Korb Thov','កប ថូវ',1,1,NULL,0,NULL,1,1,3,0,0,0,0,0,0,0,0,0,'',1,0,0,'2014-11-24',NULL,NULL,NULL,NULL,NULL,NULL,'',1,NULL,0,0,16,'2015-06-09 21:02:48',16,'2015-06-09 21:05:07'),(594,'N/A','Nheuk Kevy ','ញឹកេ  វី',1,1,NULL,0,NULL,1,1,11,14,0,31,0,0,0,0,0,0,'',1,0,0,'2015-04-08',NULL,NULL,NULL,NULL,NULL,NULL,'',1,NULL,0,1,16,'2015-06-09 21:07:55',16,'2015-06-10 14:12:17'),(595,'N/A','Phoun Pheap','ភួន  ភាព',1,1,NULL,0,NULL,1,1,3,14,0,29,0,0,0,0,0,0,'',1,0,0,'2015-07-14',NULL,NULL,NULL,NULL,NULL,NULL,'',1,NULL,0,0,16,'2015-06-09 21:10:13',16,'2015-06-09 21:11:52'),(596,'N/A','Moeun Saroeun ','មឿន សារឿន',1,1,NULL,0,NULL,1,1,3,14,0,29,0,0,0,0,0,0,'',1,0,0,'2015-02-03',NULL,NULL,NULL,NULL,NULL,NULL,'',1,NULL,0,0,16,'2015-06-09 21:12:28',16,'2015-06-09 21:14:09'),(597,'N/A','Chan Touch ','ចាន់  ទូច',1,1,NULL,0,NULL,1,1,3,14,0,31,0,0,0,0,0,0,'',2,0,0,'2015-03-30',NULL,NULL,NULL,NULL,NULL,NULL,'',1,NULL,0,0,16,'2015-06-09 21:14:50',16,'2015-06-09 21:16:53'),(598,'N/A','Orm  Oeun ','អោម  អឿន',1,1,NULL,0,NULL,1,1,3,14,0,29,0,0,0,0,0,0,'',1,0,0,'2015-03-30',NULL,NULL,NULL,NULL,NULL,NULL,'',1,NULL,0,0,16,'2015-06-09 21:17:37',16,'2015-06-09 21:20:26'),(599,'N/A','Sanh Sien ','សាញ់  សេន',1,1,NULL,0,NULL,1,1,3,14,0,31,0,0,0,0,0,0,'',1,0,0,'2015-02-25',NULL,NULL,NULL,NULL,NULL,NULL,'',1,NULL,0,0,16,'2015-06-09 21:21:17',16,'2015-06-09 21:25:34'),(600,'N/A','Va Sreymom','វ៉ា ស្រីម៉ុម',1,1,NULL,0,NULL,1,1,3,0,0,0,0,0,0,0,0,0,'',1,0,0,'2015-01-01',NULL,NULL,NULL,NULL,NULL,NULL,'',1,NULL,0,0,16,'2015-06-09 21:26:32',16,'2015-06-09 21:28:21'),(601,'N/A','Oy Leang Arn','អយ លាងអាន',1,1,NULL,0,NULL,1,1,3,0,0,0,0,0,0,0,0,0,'',2,0,0,'2014-12-31',NULL,NULL,NULL,NULL,NULL,NULL,'',1,NULL,0,0,16,'2015-06-09 21:30:24',16,'2015-06-09 21:32:26'),(602,'N/A','Rous Vanna','រស់ វណ្ណា',1,1,NULL,0,NULL,1,1,3,0,0,0,0,0,0,0,0,0,'',1,0,0,'2014-10-06',NULL,NULL,NULL,NULL,NULL,NULL,'',1,NULL,0,0,16,'2015-06-09 21:32:59',16,'2015-06-09 21:34:11'),(603,'N/A','Siv Rith ','ស៊ីវ រិត',1,1,NULL,0,NULL,1,1,3,0,0,0,0,0,0,0,0,0,'',1,0,0,'2015-01-04',NULL,NULL,NULL,NULL,NULL,NULL,'',1,NULL,0,0,16,'2015-06-09 21:35:21',16,'2015-06-09 21:36:48'),(604,'N/A','Noy Hien ','ណយ ហេន',1,1,NULL,0,NULL,1,1,3,0,0,0,0,0,0,0,0,0,'',1,0,0,'2014-10-05',NULL,NULL,NULL,NULL,NULL,NULL,'',1,NULL,0,0,16,'2015-06-09 21:38:30',16,'2015-06-09 21:40:46'),(605,'N/A','Bin Vuthy','ប៊ិន​វុទ្ធី',1,1,NULL,0,NULL,1,1,10,0,0,0,0,0,0,0,0,0,'',1,0,0,'2015-05-01',NULL,NULL,NULL,NULL,NULL,NULL,'',1,NULL,0,1,16,'2015-06-09 21:41:27',16,'2015-06-10 14:03:03'),(606,'N/A','Mun Leap','ម៉ុនលៀប',1,1,NULL,0,NULL,1,1,3,0,0,0,0,0,0,0,0,0,'',1,0,0,'2015-05-05',NULL,NULL,NULL,NULL,NULL,NULL,'',1,NULL,0,0,16,'2015-06-09 21:44:48',16,'2015-06-09 21:47:07'),(607,'N/A','Thie Phanith ','ថៃផានិត',1,1,NULL,0,NULL,1,1,3,0,0,0,0,0,0,0,0,0,'',1,0,0,'2015-05-05',NULL,NULL,NULL,NULL,NULL,NULL,'',1,NULL,0,0,16,'2015-06-09 21:47:55',16,'2015-06-09 21:48:56'),(608,'N/A','Chan Reaksmey','ចាន់​​​រស្មី',1,1,NULL,0,NULL,1,1,3,0,0,0,0,0,0,0,0,0,'',1,0,0,'2015-05-05',NULL,NULL,NULL,NULL,NULL,NULL,'',1,NULL,0,0,16,'2015-06-09 21:50:13',16,'2015-06-09 21:51:13'),(609,'N/A','Narth Long ','ណាតឡុង',1,1,NULL,0,NULL,1,1,3,0,0,0,0,0,0,0,0,0,'',1,0,0,'2015-05-05',NULL,NULL,NULL,NULL,NULL,NULL,'',1,NULL,0,0,16,'2015-06-09 21:51:50',16,'2015-06-09 21:52:57'),(610,'N/A','Bin Vuthy ','ប៊ិន​វុទ្ធី',1,1,NULL,0,NULL,1,1,3,0,0,0,0,0,0,0,0,0,'',1,0,0,'2015-05-01',NULL,NULL,NULL,NULL,NULL,NULL,'',1,NULL,0,0,16,'2015-06-10 14:04:13',16,'2015-06-10 14:05:30'),(611,'N/A','Nheuk Kevy','ញឹកេ  វី',1,1,NULL,0,NULL,1,1,3,14,0,29,0,0,0,0,0,0,'',1,0,0,'2015-04-08',NULL,NULL,NULL,NULL,NULL,NULL,'',1,NULL,0,0,16,'2015-06-10 14:09:37',16,'2015-06-10 14:11:09'),(612,'N/A','Choun Kosal','ឈួន កុសល',1,1,NULL,0,NULL,1,1,10,0,0,0,0,0,0,50,0,0,'',1,0,0,'2014-09-01',NULL,NULL,NULL,NULL,NULL,NULL,'',1,NULL,0,0,16,'2015-06-10 14:14:54',16,'2015-06-10 14:19:34'),(613,'N/A','San Nhor','សាន ញ៉',1,NULL,NULL,NULL,NULL,NULL,NULL,10,NULL,NULL,NULL,NULL,0,0,0,0,0,NULL,NULL,NULL,NULL,NULL,NULL,NULL,NULL,NULL,NULL,NULL,NULL,NULL,NULL,0,0,16,'2015-06-10 14:24:00',NULL,'2015-06-10 14:24:00'),(614,'N/A','San Nhor','សាន ញ៉',1,1,NULL,0,NULL,1,1,10,0,0,0,0,0,0,50,0,0,'',1,0,0,'2014-10-01',NULL,NULL,NULL,NULL,NULL,NULL,'',1,NULL,0,0,16,'2015-06-10 14:24:10',16,'2015-06-10 14:26:20'),(615,'N/A','Nhil Phia','ញ៉ិល ផៃ',1,1,NULL,0,NULL,1,1,10,0,0,0,0,0,0,50,0,0,'',1,0,0,'2014-10-01',NULL,NULL,NULL,NULL,NULL,NULL,'',1,NULL,0,0,16,'2015-06-10 14:27:18',16,'2015-06-10 14:28:23'),(616,'N/A','Kong Ratana','គង់ រតនា',1,1,NULL,0,NULL,1,1,10,0,0,0,0,0,0,50,0,0,'',1,0,0,'2014-10-01',NULL,NULL,NULL,NULL,NULL,NULL,'',1,NULL,0,0,16,'2015-06-10 14:28:55',16,'2015-06-10 14:31:23'),(617,'N/A','Peang Ny','ពាង នី',2,2,NULL,0,NULL,1,1,10,0,0,0,0,0,0,50,0,0,'',1,0,0,'2014-10-01',NULL,NULL,NULL,NULL,NULL,NULL,'',1,NULL,0,0,16,'2015-06-10 14:32:10',16,'2015-06-10 14:34:51'),(618,'N/A','Noeun Soknem','នឿន សុខនេម',2,2,NULL,0,NULL,1,1,10,0,0,0,0,0,0,50,0,0,'',1,0,0,'2014-10-01',NULL,NULL,NULL,NULL,NULL,NULL,'',1,NULL,0,0,16,'2015-06-10 14:35:42',16,'2015-06-10 14:37:56'),(619,'N/A','Pum Nie ','ពំ ណេ',2,2,NULL,0,NULL,1,1,10,0,0,0,0,0,0,50,0,0,'',1,0,0,'2014-10-01',NULL,NULL,NULL,NULL,NULL,NULL,'',1,NULL,0,0,16,'2015-06-10 14:38:53',16,'2015-06-10 14:41:21'),(620,'N/A','Eang Hin ','អេង ហ៊ឺន',1,NULL,NULL,NULL,NULL,NULL,NULL,10,NULL,NULL,NULL,NULL,0,0,0,0,0,NULL,NULL,NULL,NULL,NULL,NULL,NULL,NULL,NULL,NULL,NULL,NULL,NULL,NULL,0,0,16,'2015-06-10 14:42:02',NULL,'2015-06-10 14:42:02'),(621,'N/A','Eang Hin ','អេង ហ៊ឺន',1,2,NULL,0,NULL,1,1,10,0,0,0,0,0,0,50,0,0,'',1,0,0,'2014-10-01',NULL,NULL,NULL,NULL,NULL,NULL,'',1,NULL,0,0,16,'2015-06-10 14:42:02',16,'2015-06-10 14:45:43'),(622,'N/A','Nuth Seak','នុត សៀក',2,2,NULL,0,NULL,1,1,10,0,0,0,0,0,0,50,0,0,'',1,0,0,'2014-10-01',NULL,NULL,NULL,NULL,NULL,NULL,'',1,NULL,0,0,16,'2015-06-10 14:47:03',16,'2015-06-10 14:49:05'),(623,'N/A','Yoeun Varth','យឿន វ៉ាត',2,2,NULL,0,NULL,1,1,10,0,0,0,0,0,0,50,0,0,'',1,0,0,'2014-10-09',NULL,NULL,NULL,NULL,NULL,NULL,'',1,NULL,0,0,16,'2015-06-10 14:49:52',16,'2015-06-10 14:55:23'),(624,'N/A','Yoeun Lath','យឿន ឡាត់',1,1,NULL,0,NULL,1,1,10,0,0,0,0,0,0,50,0,0,'',1,0,0,'2014-10-09',NULL,NULL,NULL,NULL,NULL,NULL,'',1,NULL,0,0,16,'2015-06-10 14:56:27',16,'2015-06-10 14:59:05'),(625,'N/A','San thou','សាន ធូ',2,2,NULL,0,NULL,1,1,10,0,0,0,0,0,0,50,0,0,'',1,0,0,'2014-10-09',NULL,NULL,NULL,NULL,NULL,NULL,'',1,NULL,0,0,16,'2015-06-10 15:00:37',16,'2015-06-10 15:03:25'),(626,'N/A','Sok Sor','សុខ ស',2,2,NULL,0,NULL,1,1,10,0,0,0,0,0,0,50,0,0,'',1,0,0,'2014-10-09',NULL,NULL,NULL,NULL,NULL,NULL,'',1,NULL,0,0,16,'2015-06-10 15:04:38',16,'2015-06-10 15:06:33'),(627,'N/A','Yan Sam Arn','យាន សំអាន',1,1,NULL,0,NULL,1,1,10,0,0,0,0,0,0,50,0,0,'',1,0,0,'2014-11-01',NULL,NULL,NULL,NULL,NULL,NULL,'',1,NULL,0,0,16,'2015-06-10 15:07:56',16,'2015-06-10 15:10:37'),(628,'N/A','Sy Sann','ស៊ី សាន់',1,1,NULL,0,NULL,1,1,10,0,0,0,0,0,0,50,0,0,'',1,0,0,'2014-11-02',NULL,NULL,NULL,NULL,NULL,NULL,'',1,NULL,0,0,16,'2015-06-10 15:11:12',16,'2015-06-10 15:12:42'),(629,'N/A','Ouch Saroeun','អ៊ុច សារឿន',1,1,NULL,0,NULL,1,1,10,0,0,0,0,0,0,50,0,0,'',1,0,0,'2014-11-02',NULL,NULL,NULL,NULL,NULL,NULL,'',1,NULL,0,0,16,'2015-06-10 15:13:43',16,'2015-06-10 15:16:33'),(630,'N/A','Korn Yeu','កន យើ',1,1,NULL,0,NULL,1,1,10,0,0,0,0,0,0,50,0,0,'',1,0,0,'2014-12-01',NULL,NULL,NULL,NULL,NULL,NULL,'',1,NULL,0,0,16,'2015-06-10 15:17:20',16,'2015-06-10 15:18:54'),(631,'N/A','Ro Vichet','រ៉ូ វិចិត្រ',1,1,NULL,0,NULL,1,1,10,0,0,0,0,0,0,50,0,0,'',1,0,0,'2014-12-01',NULL,NULL,NULL,NULL,NULL,NULL,'',1,NULL,0,0,16,'2015-06-10 15:19:29',16,'2015-06-10 15:22:36'),(632,'N/A','Hy Seyha ','ហ៊ី សីហា',1,1,NULL,0,NULL,1,1,10,0,0,0,0,0,0,50,0,0,'',1,0,0,'2014-12-01',NULL,NULL,NULL,NULL,NULL,NULL,'',1,NULL,0,0,16,'2015-06-10 15:23:40',16,'2015-06-10 15:25:10'),(633,'N/A','Oung Chhin','អ៊ួង ឈិន',1,NULL,NULL,NULL,NULL,NULL,NULL,10,NULL,NULL,NULL,NULL,0,0,0,0,0,NULL,NULL,NULL,NULL,NULL,NULL,NULL,NULL,NULL,NULL,NULL,NULL,NULL,NULL,0,0,16,'2015-06-10 15:26:06',NULL,'2015-06-10 15:26:06'),(634,'N/A','Oung Chhin','អ៊ួង ឈិន',1,1,NULL,0,NULL,1,1,10,0,0,0,0,0,0,50,0,0,'',1,0,0,'2014-12-01',NULL,NULL,NULL,NULL,NULL,NULL,'',1,NULL,0,0,16,'2015-06-10 15:26:06',16,'2015-06-10 15:29:20'),(635,'N/A','Peth Sin','ពេទ្យ ស៊ីន',1,1,NULL,0,NULL,1,1,10,0,0,0,0,0,0,50,0,0,'',1,0,0,'2014-12-01',NULL,NULL,NULL,NULL,NULL,NULL,'',1,NULL,0,0,16,'2015-06-10 15:34:09',16,'2015-06-10 15:37:05'),(636,'N/A','Choup Sok Eang','ជួប សុខអេង',1,1,NULL,0,NULL,1,1,10,0,0,0,0,0,0,50,0,0,'',1,0,0,'2014-12-01',NULL,NULL,NULL,NULL,NULL,NULL,'',1,NULL,0,0,16,'2015-06-10 15:37:48',16,'2015-06-10 15:41:18'),(637,'N/A','Touch Lem','ទូច ឡែម',1,1,NULL,0,NULL,1,1,10,0,0,0,0,0,0,50,0,0,'',1,0,0,'2014-12-04',NULL,NULL,NULL,NULL,NULL,NULL,'',1,NULL,0,0,16,'2015-06-10 15:42:09',16,'2015-06-10 15:53:12'),(638,'N/A','Chin Chy ','ជីន ជី',1,1,NULL,0,NULL,1,1,10,0,0,0,0,0,0,50,0,0,'',1,0,0,'2014-12-06',NULL,NULL,NULL,NULL,NULL,NULL,'',1,NULL,0,0,16,'2015-06-10 15:56:00',16,'2015-06-10 15:57:14'),(639,'N/A','Kheak Khy','ឃាគ ខី',2,2,NULL,0,NULL,1,1,10,0,0,0,0,0,0,50,0,0,'',1,0,0,'2014-12-06',NULL,NULL,NULL,NULL,NULL,NULL,'',1,NULL,0,0,16,'2015-06-10 16:02:47',16,'2015-06-10 16:07:15'),(640,'N/A','Yun Ty','យុន ទី',1,1,NULL,0,NULL,1,1,10,0,0,0,0,0,0,50,0,0,'',1,0,0,'2014-12-07',NULL,NULL,NULL,NULL,NULL,NULL,'',1,NULL,0,0,16,'2015-06-10 16:08:16',16,'2015-06-10 16:10:40'),(641,'N/A','Soth Ry','សុត រ៉ី',2,2,NULL,0,NULL,1,1,10,0,0,0,0,0,0,50,0,0,'',1,0,0,'2014-12-07',NULL,NULL,NULL,NULL,NULL,NULL,'',1,NULL,0,0,16,'2015-06-10 16:11:29',16,'2015-06-10 16:13:16'),(642,'N/A','Oeun Cheak','អឿន ជាក',1,1,NULL,0,NULL,1,1,10,0,0,0,0,0,0,50,0,0,'',1,0,0,'2014-12-10',NULL,NULL,NULL,NULL,NULL,NULL,'',1,NULL,0,0,16,'2015-06-10 16:14:16',16,'2015-06-10 16:16:17'),(643,'N/A','Voth Vong ','វត វ៉ង',2,2,NULL,0,NULL,1,1,10,0,0,0,0,0,0,50,0,0,'',1,0,0,'2014-12-10',NULL,NULL,NULL,NULL,NULL,NULL,'',1,NULL,0,0,16,'2015-06-10 16:17:01',16,'2015-06-10 16:20:45'),(644,'N/A','Voth Phal','វត ផល',2,2,NULL,0,NULL,1,1,10,0,0,0,0,0,0,50,0,0,'',1,0,0,'2014-12-10',NULL,NULL,NULL,NULL,NULL,NULL,'',1,NULL,0,0,16,'2015-06-10 16:21:46',16,'2015-06-10 16:22:50'),(645,'N/A','Yok Sor','យ៉ក់ ស',2,2,NULL,0,NULL,1,1,10,0,0,0,0,0,0,50,0,0,'',1,0,0,'2014-12-10',NULL,NULL,NULL,NULL,NULL,NULL,'',0,NULL,0,0,16,'2015-06-10 16:23:40',16,'2015-06-10 16:25:21'),(646,'N/A','Oeun Sen','អឿន សេន',1,1,NULL,0,NULL,1,1,10,0,0,0,0,0,0,50,0,0,'',1,0,0,'2014-12-11',NULL,NULL,NULL,NULL,NULL,NULL,'',1,NULL,0,0,16,'2015-06-10 16:25:54',16,'2015-06-10 16:27:42'),(647,'N/A','Sorn Keuy ','សន កឺយ',2,2,NULL,0,NULL,1,1,10,0,0,0,0,0,0,50,0,0,'',1,0,0,'2015-06-14',NULL,NULL,NULL,NULL,NULL,NULL,'',1,NULL,0,0,16,'2015-06-10 17:56:46',16,'2015-06-10 17:59:51'),(648,'N/A','Yeth  Lim ','យ៉េត លីម',2,2,NULL,0,NULL,1,1,10,0,0,0,0,0,0,50,0,0,'',1,0,0,'2014-12-13',NULL,NULL,NULL,NULL,NULL,NULL,'',1,NULL,0,0,16,'2015-06-10 18:02:56',16,'2015-06-10 18:04:20'),(649,'N/A','Soth Phy ','សុត ភី',2,2,NULL,0,NULL,1,1,10,0,0,0,0,0,0,50,0,0,'',1,0,0,'2014-12-13',NULL,NULL,NULL,NULL,NULL,NULL,'',1,NULL,0,0,16,'2015-06-10 18:14:41',16,'2015-06-10 18:16:49'),(650,'N/A','Chhin Lie','ឈិន ឡេ',1,1,NULL,0,NULL,1,1,10,0,0,0,0,0,0,50,0,0,'',1,0,0,'2014-12-13',NULL,NULL,NULL,NULL,NULL,NULL,'',1,NULL,0,0,16,'2015-06-10 18:17:55',16,'2015-06-10 18:20:23'),(651,'N/A','Seang Vean','សៀង វៀន',2,2,NULL,0,NULL,1,1,10,0,0,0,0,0,0,50,0,0,'',1,0,0,'2014-12-14',NULL,NULL,NULL,NULL,NULL,NULL,'',1,NULL,0,0,16,'2015-06-10 18:21:01',16,'2015-06-10 18:23:33'),(652,'N/A','Dath Den','ឌាត់ ដេន',1,1,NULL,0,NULL,1,1,10,0,0,0,0,0,0,50,0,0,'',1,0,0,'2014-12-14',NULL,NULL,NULL,NULL,NULL,NULL,'',1,NULL,0,0,16,'2015-06-10 18:25:22',16,'2015-06-10 18:33:42'),(653,'N/A','Sarm Hann','សាម ហ៊ាន់',1,1,NULL,0,NULL,1,1,10,0,0,0,0,0,0,50,0,0,'',1,0,0,'2014-12-15',NULL,NULL,NULL,NULL,NULL,NULL,'',1,NULL,0,0,16,'2015-06-10 18:36:51',16,'2015-06-10 18:39:32'),(654,'N/A','Born Sokheu','ប៊ន សុខឺ',2,2,NULL,0,NULL,1,1,10,0,0,0,0,0,0,50,0,0,'',1,0,0,'2014-12-15',NULL,NULL,NULL,NULL,NULL,NULL,'',1,NULL,0,0,16,'2015-06-10 18:42:01',16,'2015-06-10 18:54:55'),(655,'N/A','Chhorn Sarng ','ឈន សាង',2,1,NULL,0,NULL,1,1,10,0,0,0,0,0,0,50,0,0,'',1,0,0,'2014-12-15',NULL,NULL,NULL,NULL,NULL,NULL,'',1,NULL,0,0,16,'2015-06-10 18:46:05',16,'2015-06-10 18:47:29'),(656,'N/A','Khorn Horn ','ឃន ហន',2,2,NULL,0,NULL,1,1,10,0,0,0,0,0,0,50,0,0,'',1,0,0,'2014-12-16',NULL,NULL,NULL,NULL,NULL,NULL,'',1,NULL,0,0,16,'2015-06-10 18:52:05',16,'2015-06-10 18:53:34'),(657,'N/A','Muth Sa','មុត ស៊ា',2,2,NULL,0,NULL,1,1,10,0,0,0,0,0,0,50,0,0,'',1,0,0,'2014-12-16',NULL,NULL,NULL,NULL,NULL,NULL,'',1,NULL,0,0,16,'2015-06-10 18:56:40',16,'2015-06-10 18:59:01'),(658,'N/A','Peuk Pharn','ភើក ផាន',1,1,NULL,0,NULL,NULL,NULL,10,NULL,NULL,NULL,NULL,0,0,50,0,0,'',1,NULL,NULL,NULL,NULL,NULL,NULL,NULL,NULL,NULL,'',1,NULL,0,0,16,'2015-06-10 19:00:24',16,'2015-06-10 19:01:40'),(659,'N/A','Chhorn Sing ','ឈន ស៊ីង',2,2,NULL,0,NULL,1,1,10,0,0,0,0,0,0,50,0,0,'',1,0,0,'2014-12-17',NULL,NULL,NULL,NULL,NULL,NULL,'',1,NULL,0,0,16,'2015-06-10 19:02:50',16,'2015-06-10 19:12:13'),(660,'N/A','South Phin','សូត្រ ភីន',2,2,NULL,0,NULL,1,2,10,0,0,0,0,0,0,50,0,0,'',1,0,0,'2014-12-20',NULL,NULL,NULL,NULL,NULL,NULL,'',1,NULL,0,0,16,'2015-06-10 19:13:11',16,'2015-06-10 19:20:35'),(661,'N/A','Liem Sarim','ឡែម សារីម',1,1,NULL,0,NULL,1,1,10,0,0,0,0,0,0,50,0,0,'',1,0,0,'2015-01-01',NULL,NULL,NULL,NULL,NULL,NULL,'',1,NULL,0,0,16,'2015-06-10 19:21:20',16,'2015-06-10 19:23:30'),(662,'N/A','Mah Chathath','មះ ចាន់ថេត',2,2,NULL,0,NULL,1,1,10,0,0,0,0,0,0,50,0,0,'',1,0,0,'2015-01-01',NULL,NULL,NULL,NULL,NULL,NULL,'',1,NULL,0,0,16,'2015-06-10 19:25:59',16,'2015-06-10 19:28:49'),(663,'N/A','Sam Phlanh','សំ ភ្លាញ',2,2,NULL,0,NULL,1,1,10,0,0,0,0,0,0,50,0,0,'',1,0,0,'2015-01-01',NULL,NULL,NULL,NULL,NULL,NULL,'',1,NULL,0,0,16,'2015-06-10 19:29:41',16,'2015-06-10 19:33:42'),(664,'N/A','Khav Sok ','ឃាវ សុក',2,2,NULL,0,NULL,1,1,10,0,0,0,0,0,0,50,0,0,'',1,0,0,'2015-01-01',NULL,NULL,NULL,NULL,NULL,NULL,'',1,NULL,0,0,16,'2015-06-10 19:34:32',16,'2015-06-10 19:36:11'),(665,'N/A','Chhlat Nounh','ឆ្លាត នូញ',1,1,NULL,0,NULL,1,1,10,0,0,0,0,0,0,0,0,0,NULL,NULL,0,0,'2015-01-12',NULL,NULL,NULL,NULL,NULL,NULL,'',1,NULL,0,0,16,'2015-06-10 19:37:06',16,'2015-06-10 19:37:39'),(666,'N/A','Hie Puth','ហេ ពុធ',1,1,NULL,0,NULL,1,1,10,0,0,0,0,0,0,50,0,0,'',1,0,0,'2015-01-18',NULL,NULL,NULL,NULL,NULL,NULL,'',1,NULL,0,0,16,'2015-06-10 19:40:43',16,'2015-06-10 19:44:05'),(667,'N/A','Pich Loeun','ពិច ឈឿន',1,1,NULL,0,NULL,1,1,10,0,0,0,0,0,0,50,0,0,'',1,0,0,'2015-01-18',NULL,NULL,NULL,NULL,NULL,NULL,'',1,NULL,0,0,16,'2015-06-10 19:44:35',16,'2015-06-10 19:56:44'),(668,'N/A','Chun Horm','ជន ហម',2,2,NULL,0,NULL,1,1,10,0,0,0,0,0,0,50,0,0,'',1,0,0,'2015-01-18',NULL,NULL,NULL,NULL,NULL,NULL,'',1,NULL,0,0,16,'2015-06-10 19:57:47',16,'2015-06-10 20:07:09'),(669,'N/A','Yam Kosal','យ៉ាំ កុសល់',1,1,NULL,0,NULL,1,1,10,0,0,0,0,0,0,50,0,0,'',1,0,0,'2015-01-18',NULL,NULL,NULL,NULL,NULL,NULL,'',1,NULL,0,0,16,'2015-06-10 20:08:46',16,'2015-06-10 20:21:19'),(670,'N/A','Yam Chanla','យ៉ាំ ចាន់ឡា',2,2,NULL,0,NULL,1,1,10,0,0,0,0,0,0,50,0,0,'',1,0,0,'2015-01-18',NULL,NULL,NULL,NULL,NULL,NULL,'',1,NULL,0,0,16,'2015-06-10 20:23:22',16,'2015-06-10 20:25:04'),(671,'N/A','Khnon Khoy','ខុន ខូយ',1,1,NULL,0,NULL,1,1,10,0,0,0,0,0,0,50,0,0,'',1,0,0,'2015-02-01',NULL,NULL,NULL,NULL,NULL,NULL,'',1,NULL,0,0,16,'2015-06-10 20:34:27',16,'2015-06-10 20:36:54'),(672,'N/A','Sin Kham ','ស៊ីន ខាំ',2,2,NULL,0,NULL,1,1,10,0,0,0,0,0,0,50,0,0,'',1,0,0,'2015-02-01',NULL,NULL,NULL,NULL,NULL,NULL,'',1,NULL,0,0,16,'2015-06-10 20:39:49',16,'2015-06-10 20:41:38'),(673,'N/A','Keo Sophath','កែវ សុផាត',1,1,NULL,0,NULL,1,1,10,0,0,0,0,0,0,50,0,0,'',1,0,0,'2015-02-01',NULL,NULL,NULL,NULL,NULL,NULL,'',1,NULL,0,0,16,'2015-06-10 20:42:27',16,'2015-06-10 20:44:37'),(674,'N/A','Khorn Boeun','ឃន បឿន',1,1,NULL,0,NULL,1,1,10,0,0,0,0,0,0,50,0,0,'',1,0,0,'2015-03-01',NULL,NULL,NULL,NULL,NULL,NULL,'',1,NULL,0,0,16,'2015-06-10 20:45:32',16,'2015-06-10 20:47:54'),(675,'N/A','Phea Sophanith ','ភា សុផានិត',2,2,NULL,0,NULL,1,1,10,0,0,0,0,0,0,50,0,0,'',1,0,0,'2015-03-01',NULL,NULL,NULL,NULL,NULL,NULL,'',1,NULL,0,0,16,'2015-06-10 20:49:31',16,'2015-06-10 20:52:51'),(676,'N/A','Sout Pak','សួត ប៉ាក់',2,1,NULL,0,NULL,1,1,10,0,0,0,0,0,0,50,0,0,'',1,0,0,'2015-03-01',NULL,NULL,NULL,NULL,NULL,NULL,'',1,NULL,0,0,16,'2015-06-10 20:54:23',16,'2015-06-10 20:56:26'),(677,'N/A','Puth Porn','ពុធ ប៉ន',1,1,NULL,0,NULL,1,1,10,0,0,0,0,0,0,50,0,0,'',1,0,0,'2015-03-01',NULL,NULL,NULL,NULL,NULL,NULL,'',1,NULL,0,0,16,'2015-06-10 20:58:48',16,'2015-06-10 21:00:24'),(678,'N/A','Cheang Ry','ជាង រី',1,1,NULL,0,NULL,1,1,10,0,0,0,0,0,0,50,0,0,'',1,0,0,NULL,NULL,NULL,NULL,NULL,NULL,NULL,'',1,NULL,0,0,16,'2015-06-10 21:01:32',16,'2015-06-10 21:03:05'),(679,'N/A','Cheang Rith','ជាង រិត',1,1,NULL,0,NULL,1,1,10,0,0,0,0,0,0,50,0,0,'',1,0,0,'2015-03-08',NULL,NULL,NULL,NULL,NULL,NULL,'',1,NULL,0,0,16,'2015-06-10 21:06:37',16,'2015-06-10 21:09:22'),(680,'N/A','Sorn Heangkun','ស៊ន ណេងគុណ',1,1,NULL,0,NULL,1,1,10,0,0,0,0,0,0,50,0,0,'',1,0,0,'2015-03-08',NULL,NULL,NULL,NULL,NULL,NULL,'',1,NULL,0,0,16,'2015-06-10 21:10:13',16,'2015-06-10 21:11:19'),(681,'N/A','Moa Mean ','ម៉ៅ មាន',1,1,NULL,0,NULL,1,1,10,0,0,0,0,0,0,50,0,0,'',1,0,0,'2015-03-11',NULL,NULL,NULL,NULL,NULL,NULL,'',1,NULL,0,0,16,'2015-06-10 21:15:59',16,'2015-06-10 21:19:40'),(682,'N/A','Poung Dy','ផូង ឌី',1,1,NULL,0,NULL,1,1,10,0,0,0,0,0,0,50,0,0,'',1,0,0,'2015-03-17',NULL,NULL,NULL,NULL,NULL,NULL,'',1,NULL,0,0,16,'2015-06-10 21:21:35',16,'2015-06-10 21:24:35'),(683,'N/A','Doeun Dim','ពឿន ឌីម',1,1,NULL,0,NULL,1,1,10,0,0,0,0,0,0,50,0,0,'',1,0,0,'2015-04-01',NULL,NULL,NULL,NULL,NULL,NULL,'',1,NULL,0,0,16,'2015-06-10 21:25:13',16,'2015-06-10 21:38:12'),(684,'N/A','Hor Oeun ','ហ៊ អឿន',1,1,NULL,0,NULL,1,1,0,0,0,0,0,0,0,50,0,0,'',1,0,0,'2015-04-18',NULL,NULL,NULL,NULL,NULL,NULL,'',1,NULL,0,0,16,'2015-06-10 21:39:33',16,'2015-06-10 21:41:01'),(685,'N/A','San Keak','សាន គាគ',2,1,NULL,0,NULL,1,1,10,0,0,0,0,0,0,50,0,0,'',1,0,0,'2015-04-18',NULL,NULL,NULL,NULL,NULL,NULL,'',1,NULL,0,0,16,'2015-06-11 13:22:26',16,'2015-06-11 13:28:16'),(686,'N/A','Yon Rin','យ៉ុន វីន',2,1,NULL,0,NULL,1,1,10,0,0,0,0,0,0,50,0,0,'',1,0,0,'2015-04-18',NULL,NULL,NULL,NULL,NULL,NULL,'',1,NULL,0,0,16,'2015-06-11 13:29:19',16,'2015-06-11 13:32:34'),(687,'N/A','Hor Votha ','ហ៊ វត្ថា',1,1,NULL,0,NULL,1,1,10,0,0,0,0,0,0,50,0,0,'',0,0,0,'2015-04-18',NULL,NULL,NULL,NULL,NULL,NULL,'',1,NULL,0,0,16,'2015-06-11 13:35:07',16,'2015-06-11 13:42:59'),(688,'N/A','Charb Chith','ចាប ចិត្ត',1,1,NULL,0,NULL,1,1,10,0,0,0,0,0,0,50,0,0,'',1,0,0,'2015-04-18',NULL,NULL,NULL,NULL,NULL,NULL,'',1,NULL,0,0,16,'2015-06-11 13:45:05',16,'2015-06-11 13:49:30'),(689,'N/A','Morm Chhouth','ម៉ម ឈួត',1,NULL,NULL,NULL,NULL,NULL,NULL,10,NULL,NULL,NULL,NULL,0,0,0,0,0,NULL,NULL,NULL,NULL,NULL,NULL,NULL,NULL,NULL,NULL,NULL,NULL,NULL,NULL,0,0,16,'2015-06-11 13:50:34',NULL,'2015-06-11 13:50:34');

/*Table structure for table `family_statuss` */

DROP TABLE IF EXISTS `family_statuss`;

CREATE TABLE `family_statuss` (
  `id` tinyint(4) NOT NULL AUTO_INCREMENT,
  `en` varchar(10) NOT NULL,
  `kh` varchar(10) DEFAULT NULL,
  `created_by` int(11) DEFAULT NULL,
  `created_at` datetime DEFAULT NULL,
  `updated_by` int(11) DEFAULT NULL,
  `updated_at` datetime DEFAULT NULL,
  PRIMARY KEY (`id`)
) ENGINE=InnoDB AUTO_INCREMENT=4 DEFAULT CHARSET=utf8;

/*Data for the table `family_statuss` */

insert  into `family_statuss`(`id`,`en`,`kh`,`created_by`,`created_at`,`updated_by`,`updated_at`) values (1,'Single','នៅលីវ',NULL,NULL,NULL,NULL),(2,'Married','រៀបការ',NULL,NULL,NULL,NULL),(3,'Divorced','លែងលះ',NULL,NULL,NULL,NULL);

/*Table structure for table `genders` */

DROP TABLE IF EXISTS `genders`;

CREATE TABLE `genders` (
  `id` tinyint(4) NOT NULL AUTO_INCREMENT,
  `en` varchar(10) NOT NULL,
  `kh` varchar(10) DEFAULT NULL,
  `created_by` int(11) DEFAULT NULL,
  `created_at` datetime DEFAULT NULL,
  `updated_by` int(11) DEFAULT NULL,
  `updated_at` datetime DEFAULT NULL,
  PRIMARY KEY (`id`)
) ENGINE=InnoDB AUTO_INCREMENT=3 DEFAULT CHARSET=utf8;

/*Data for the table `genders` */

insert  into `genders`(`id`,`en`,`kh`,`created_by`,`created_at`,`updated_by`,`updated_at`) values (1,'Male','ប្រុស',NULL,NULL,NULL,NULL),(2,'Female','ស្រី',NULL,NULL,NULL,NULL);

/*Table structure for table `leave_requests` */

DROP TABLE IF EXISTS `leave_requests`;

CREATE TABLE `leave_requests` (
  `id` int(11) NOT NULL AUTO_INCREMENT,
  `employee_id` int(11) NOT NULL,
  `start_date` date NOT NULL,
  `end_date` date NOT NULL,
  `num_day` tinyint(4) NOT NULL,
  `reason` varchar(200) DEFAULT NULL,
  `leave_type_id` tinyint(4) DEFAULT '1',
  `status` tinyint(4) NOT NULL DEFAULT '0',
  `is_deleted` tinyint(4) NOT NULL DEFAULT '0',
  `created_by` int(11) DEFAULT NULL,
  `created_at` datetime DEFAULT NULL,
  `updated_by` int(11) DEFAULT NULL,
  `updated_at` datetime DEFAULT NULL,
  PRIMARY KEY (`id`)
) ENGINE=InnoDB AUTO_INCREMENT=3 DEFAULT CHARSET=utf8;

/*Data for the table `leave_requests` */

insert  into `leave_requests`(`id`,`employee_id`,`start_date`,`end_date`,`num_day`,`reason`,`leave_type_id`,`status`,`is_deleted`,`created_by`,`created_at`,`updated_by`,`updated_at`) values (1,107,'2015-05-21','2015-05-21',1,'fkdkfeiffkfkdffd',1,3,0,15,'2015-05-20 14:41:44',11,'2015-05-20 14:48:58'),(2,107,'2015-06-06','2015-06-06',1,'jfp;sjaf;h;',1,2,0,15,'2015-06-05 19:15:52',11,'2015-06-05 19:17:36');

/*Table structure for table `leave_types` */

DROP TABLE IF EXISTS `leave_types`;

CREATE TABLE `leave_types` (
  `id` tinyint(4) NOT NULL AUTO_INCREMENT,
  `en` varchar(50) NOT NULL,
  `kh` varchar(50) DEFAULT NULL,
  `description` varchar(255) DEFAULT NULL,
  `created_by` int(11) DEFAULT NULL,
  `created_at` datetime DEFAULT NULL,
  `updated_by` int(11) DEFAULT NULL,
  `updated_at` datetime DEFAULT NULL,
  PRIMARY KEY (`id`)
) ENGINE=InnoDB AUTO_INCREMENT=4 DEFAULT CHARSET=latin1;

/*Data for the table `leave_types` */

insert  into `leave_types`(`id`,`en`,`kh`,`description`,`created_by`,`created_at`,`updated_by`,`updated_at`) values (1,'Anual Leave',NULL,NULL,NULL,NULL,NULL,NULL),(2,'Sick Leave',NULL,NULL,NULL,NULL,NULL,NULL),(3,'Business Leave',NULL,NULL,NULL,NULL,NULL,NULL);

/*Table structure for table `leave_validations` */

DROP TABLE IF EXISTS `leave_validations`;

CREATE TABLE `leave_validations` (
  `id` int(11) NOT NULL AUTO_INCREMENT,
  `leave_id` int(11) NOT NULL,
  `employee_id` int(11) NOT NULL,
  `status` tinyint(4) NOT NULL DEFAULT '0',
  `created_by` int(11) DEFAULT NULL,
  `created_at` datetime DEFAULT NULL,
  `updated_by` int(11) DEFAULT NULL,
  `updated_at` datetime DEFAULT NULL,
  PRIMARY KEY (`id`)
) ENGINE=InnoDB AUTO_INCREMENT=12 DEFAULT CHARSET=utf8;

/*Data for the table `leave_validations` */

insert  into `leave_validations`(`id`,`leave_id`,`employee_id`,`status`,`created_by`,`created_at`,`updated_by`,`updated_at`) values (5,3,57,3,NULL,'2015-03-16 02:34:36',1,'2015-03-18 02:01:39'),(6,3,3,1,NULL,'2015-03-16 02:34:36',NULL,'2015-03-16 02:34:36'),(7,4,57,2,NULL,'2015-03-17 00:50:27',1,'2015-03-18 02:01:32'),(8,1,15,3,NULL,'2015-05-20 14:41:44',11,'2015-05-20 14:48:58'),(9,1,20,1,NULL,'2015-05-20 14:41:44',NULL,'2015-05-20 14:41:44'),(10,1,17,1,NULL,'2015-05-20 14:41:44',NULL,'2015-05-20 14:41:44'),(11,2,15,2,NULL,'2015-06-05 19:15:52',11,'2015-06-05 19:17:36');

/*Table structure for table `levels` */

DROP TABLE IF EXISTS `levels`;

CREATE TABLE `levels` (
  `id` tinyint(4) NOT NULL AUTO_INCREMENT,
  `en` varchar(10) NOT NULL,
  `kh` varchar(10) DEFAULT NULL,
  `created_by` int(11) DEFAULT NULL,
  `created_at` datetime DEFAULT NULL,
  `updated_by` int(11) DEFAULT NULL,
  `updated_at` datetime DEFAULT NULL,
  PRIMARY KEY (`id`)
) ENGINE=InnoDB AUTO_INCREMENT=13 DEFAULT CHARSET=utf8;

/*Data for the table `levels` */

insert  into `levels`(`id`,`en`,`kh`,`created_by`,`created_at`,`updated_by`,`updated_at`) values (1,'1A','1A',NULL,NULL,NULL,NULL),(2,'1B','1B',NULL,NULL,NULL,NULL),(3,'2A','2A',NULL,NULL,NULL,NULL),(4,'2B','2B',NULL,NULL,NULL,NULL),(5,'3A','3A',NULL,NULL,NULL,NULL),(6,'3B','3B',NULL,NULL,NULL,NULL),(7,'4A','4A',NULL,NULL,NULL,NULL),(8,'4B','4B',NULL,NULL,NULL,NULL),(9,'5A','5B',NULL,NULL,NULL,NULL),(10,'6A','6B',NULL,NULL,NULL,NULL),(11,'7A','7A',NULL,NULL,NULL,NULL),(12,'7B','7B',NULL,NULL,NULL,NULL);

/*Table structure for table `links` */

DROP TABLE IF EXISTS `links`;

CREATE TABLE `links` (
  `id` smallint(6) NOT NULL AUTO_INCREMENT,
  `en` varchar(50) NOT NULL,
  `kh` varchar(50) DEFAULT NULL,
  `module_id` tinyint(4) DEFAULT NULL,
  `roll` varchar(10) NOT NULL,
  `link` varchar(100) NOT NULL,
  `allow_all` tinyint(4) NOT NULL DEFAULT '0',
  `description` varchar(225) DEFAULT NULL,
  PRIMARY KEY (`id`)
) ENGINE=InnoDB AUTO_INCREMENT=72 DEFAULT CHARSET=utf8;

/*Data for the table `links` */

insert  into `links`(`id`,`en`,`kh`,`module_id`,`roll`,`link`,`allow_all`,`description`) values (1,'home',NULL,20,'view','/',1,NULL),(2,'HR',NULL,20,'view','#',0,NULL),(3,'PIM',NULL,20,'view','#',0,NULL),(4,'config',NULL,20,'view','#',0,NULL),(5,'department',NULL,20,'view','#',0,NULL),(6,'position',NULL,20,'view','#',0,NULL),(7,'employee list',NULL,1,'view','/employee',0,NULL),(8,'new employee',NULL,1,'add','/employee/new',0,NULL),(9,'employee profile',NULL,2,'edit','/employee/profile',0,NULL),(10,'job detail',NULL,3,'edit','/employee/job',0,NULL),(11,'validator',NULL,4,'edit','/employee/supervisor',0,NULL),(12,'employee benefit',NULL,5,'edit','/employee/benefit',0,NULL),(13,'employee contact',NULL,6,'edit','/employee/contact',0,NULL),(14,'leave request',NULL,8,'view','/leave',0,NULL),(15,'salary advance',NULL,10,'view','/salary',0,NULL),(16,'payroll',NULL,12,'edit','/payroll',0,NULL),(17,'loan',NULL,13,'view','/loan',0,NULL),(18,'my profile',NULL,20,'view','#',1,NULL),(19,'request',NULL,20,'view','#',1,NULL),(20,'manage',NULL,20,'view','#',0,NULL),(21,'report',NULL,20,'view','#',0,NULL),(22,'salary adv. mgmt',NULL,11,'view','/salary/manage',0,NULL),(23,'leave management',NULL,9,'view','/leave/manage',0,NULL),(24,'controll panel',NULL,20,'view','#',0,NULL),(25,'user list',NULL,16,'view','/user',0,NULL),(28,'user roll',NULL,17,'view','/userroll',0,NULL),(29,'new user',NULL,16,'add','/user/new',0,NULL),(30,'user roll permission',NULL,17,'edit','/userroll/permission',0,NULL),(31,'new leave',NULL,8,'add','/leave/request',0,NULL),(32,'new salary advancement',NULL,10,'add','/salary/new',0,NULL),(33,'payroll (slip)',NULL,12,'view','/payroll/slip',0,NULL),(34,'new loan',NULL,13,'add','/loan/new',0,NULL),(35,'change password',NULL,19,'edit','/user/password',0,NULL),(36,'edit user',NULL,16,'edit','/user/edit',0,NULL),(37,'delete employee',NULL,1,'delete','/employee/sd',0,NULL),(38,'loan detail',NULL,13,'view','/loan/detail',0,NULL),(39,'payroll print',NULL,12,'view','/payroll/print',0,NULL),(40,'payroll (slip kh)',NULL,12,'view','/payroll/slipkh',0,NULL),(41,'loan print detail',NULL,13,'view','/loan/print',0,NULL),(42,'Employee List print','Print Employee List',1,'view','/employee/printlist',0,NULL),(43,'salary advance request edit',NULL,10,'edit','/salary/edit',0,NULL),(44,'salary advance request cancel',NULL,10,'delete','/salary/cancel',0,NULL),(45,'salary advance request print',NULL,10,'view','/salary/print',0,NULL),(46,'salary advance mn aprove',NULL,11,'edit','/salary/approve',0,NULL),(47,'user roll edit',NULL,17,'edit','/userroll/edit',0,NULL),(48,'salary advance mn reject',NULL,11,'edit','/salary/reject',0,NULL),(49,'Employee all payroll list',NULL,12,'view','/employee/payroll',0,NULL),(51,'delete employee validator',NULL,4,'delete','/employee/devalidator',0,NULL),(52,'leave mn rejection',NULL,9,'edit','/leave/reject',0,NULL),(53,'leave mn aproval',NULL,9,'edit','/leave/approve',0,NULL),(54,'deduction',NULL,14,'view','/deduction',0,NULL),(55,'new deduction',NULL,14,'add','/deduction/new',0,NULL),(56,'edit deduction',NULL,14,'edit','/deduction/edit',0,NULL),(57,'delete deduction',NULL,14,'delete','/deduction/delete',0,NULL),(58,'Employee List print detail','Print Employee List',18,'view','/employee/printlistdetail',0,NULL),(59,'employee id management',NULL,1,'view','/employee/employeesid',0,NULL),(60,'employee id card',NULL,1,'view','/employee/idcard',0,NULL),(61,'switch to khmer language',NULL,19,'view','/user/langkh',1,NULL),(62,'switch to english language',NULL,19,'view','/user/langen',1,NULL),(63,'just_menu',NULL,21,'view','#',1,NULL),(64,'(rms) branch request',NULL,22,'view','/branch_request',0,NULL),(65,'(rms) new branch request',NULL,22,'add','/branch_request/new',0,NULL),(66,'(rms) personal request',NULL,23,'view','/personal_request',0,NULL),(67,'(rms) new personal request',NULL,23,'add','/personal_request/new',0,NULL),(68,'(rms) edit request general',NULL,22,'edit','/branch_request/general',0,NULL),(69,'(rms) edit request sound',NULL,22,'edit','/branch_request/sound',0,NULL),(70,'(rms) edit request file',NULL,22,'edit','/branch_request/file',0,NULL),(71,'(rms) edit request item',NULL,22,'edit','/branch_request/item',0,NULL);

/*Table structure for table `loan_items` */

DROP TABLE IF EXISTS `loan_items`;

CREATE TABLE `loan_items` (
  `id` int(11) NOT NULL AUTO_INCREMENT,
  `loan_id` int(11) NOT NULL,
  `repay_date` date NOT NULL,
  `installment_repay` decimal(8,2) NOT NULL,
  `is_paid` tinyint(1) DEFAULT '0',
  `is_deleted` tinyint(1) DEFAULT '0',
  `created_by` int(11) DEFAULT NULL,
  `created_at` datetime DEFAULT NULL,
  `updated_by` int(11) DEFAULT NULL,
  `updated_at` datetime DEFAULT NULL,
  `description` varchar(255) NOT NULL,
  PRIMARY KEY (`id`)
) ENGINE=InnoDB AUTO_INCREMENT=53 DEFAULT CHARSET=latin1;

/*Data for the table `loan_items` */

insert  into `loan_items`(`id`,`loan_id`,`repay_date`,`installment_repay`,`is_paid`,`is_deleted`,`created_by`,`created_at`,`updated_by`,`updated_at`,`description`) values (1,1,'2015-04-27','50.00',0,0,11,'2015-03-25 17:06:56',NULL,'2015-03-25 17:06:56',''),(2,1,'2015-05-27','50.00',0,0,11,'2015-03-25 17:06:56',NULL,'2015-03-25 17:06:56',''),(3,1,'2015-06-27','50.00',0,0,11,'2015-03-25 17:06:56',NULL,'2015-03-25 17:06:56',''),(4,1,'2015-07-27','50.00',0,0,11,'2015-03-25 17:06:56',NULL,'2015-03-25 17:06:56',''),(5,1,'2015-08-27','50.00',0,0,11,'2015-03-25 17:06:56',NULL,'2015-03-25 17:06:56',''),(6,2,'2015-02-27','200.00',0,0,11,'2015-03-25 17:59:29',NULL,'2015-03-25 17:59:29',''),(7,2,'2015-04-27','200.00',0,0,11,'2015-03-25 17:59:29',NULL,'2015-03-25 17:59:29',''),(8,2,'2015-04-27','200.00',0,0,11,'2015-03-25 17:59:29',NULL,'2015-03-25 17:59:29',''),(9,2,'2015-04-27','200.00',0,0,11,'2015-03-25 17:59:29',NULL,'2015-03-25 17:59:29',''),(10,2,'2015-04-27','200.00',0,0,11,'2015-03-25 17:59:29',NULL,'2015-03-25 17:59:29',''),(11,3,'2015-03-27','100.00',0,0,11,'2015-03-25 18:00:14',NULL,'2015-03-25 18:00:14',''),(12,3,'2015-04-27','0.00',0,0,11,'2015-03-25 18:00:14',NULL,'2015-04-29 16:36:40','He requested to postpone his repayment for April 2015 to next month.'),(13,3,'2015-05-27','100.00',0,0,11,'2015-03-25 18:00:14',NULL,'2015-03-25 18:00:14',''),(14,3,'2015-06-27','100.00',0,0,11,'2015-03-25 18:00:14',NULL,'2015-03-25 18:00:14',''),(15,3,'2015-07-27','100.00',0,0,11,'2015-03-25 18:00:14',NULL,'2015-03-25 18:00:14',''),(16,3,'2015-08-27','100.00',0,0,11,'2015-03-25 18:00:14',NULL,'2015-03-25 18:00:14',''),(17,3,'2015-09-27','100.00',0,0,11,'2015-03-25 18:00:14',NULL,'2015-03-25 18:00:14',''),(18,3,'2015-10-27','100.00',0,0,11,'2015-03-25 18:00:14',NULL,'2015-03-25 18:00:14',''),(19,3,'2015-11-27','100.00',0,0,11,'2015-03-25 18:00:14',NULL,'2015-03-25 18:00:14',''),(20,4,'2015-03-27','500.00',0,0,11,'2015-03-26 14:21:01',NULL,'2015-03-26 14:21:01',''),(21,5,'2014-11-27','300.00',0,0,11,'2015-04-01 14:51:39',NULL,'2015-04-01 14:51:39',''),(23,5,'2015-01-27','300.00',0,0,11,'2015-04-01 14:51:39',NULL,'2015-04-01 14:51:39',''),(24,5,'2015-02-27','300.00',0,0,11,'2015-04-01 14:51:39',NULL,'2015-04-01 14:51:39',''),(25,5,'2015-03-27','300.00',0,0,11,'2015-04-01 14:51:39',NULL,'2015-04-01 14:51:39',''),(26,5,'2015-04-27','300.00',0,0,11,'2015-04-01 14:51:39',NULL,'2015-04-01 14:51:39',''),(27,5,'2015-05-27','200.00',0,0,11,'2015-04-01 14:51:39',NULL,'2015-04-01 14:51:39',''),(28,6,'2015-04-27','100.00',0,0,11,'2015-04-02 18:02:35',NULL,'2015-04-02 18:02:35',''),(29,6,'2015-05-27','100.00',0,0,11,'2015-04-02 18:02:35',NULL,'2015-04-02 18:02:35',''),(30,6,'2015-06-27','100.00',0,0,11,'2015-04-02 18:02:35',NULL,'2015-04-02 18:02:35',''),(31,6,'2015-07-27','100.00',0,0,11,'2015-04-02 18:02:35',NULL,'2015-04-02 18:02:35',''),(32,6,'2015-08-27','100.00',0,0,11,'2015-04-02 18:02:35',NULL,'2015-04-02 18:02:35',''),(33,6,'2015-09-27','100.00',0,0,11,'2015-04-02 18:02:35',NULL,'2015-04-02 18:02:35',''),(34,6,'2015-10-27','100.00',0,0,11,'2015-04-02 18:02:35',NULL,'2015-04-02 18:02:35',''),(35,6,'2015-11-27','100.00',0,0,11,'2015-04-02 18:02:35',NULL,'2015-04-02 18:02:35',''),(36,6,'2015-12-27','100.00',0,0,11,'2015-04-02 18:02:35',NULL,'2015-04-02 18:02:35',''),(37,6,'2016-01-27','100.00',0,0,11,'2015-04-02 18:02:35',NULL,'2015-04-02 18:02:35',''),(38,7,'2015-03-27','500.00',0,0,11,'2015-04-02 18:04:35',NULL,'2015-04-02 18:04:35',''),(39,8,'2015-04-27','200.00',0,0,11,'2015-04-24 21:31:29',NULL,'2015-04-24 21:31:29',''),(40,3,'2015-12-27','100.00',0,0,11,'2015-04-29 16:36:19',11,'2015-04-29 16:36:19',''),(42,9,'2015-04-27','7.00',0,0,11,'2015-04-30 18:20:22',NULL,'2015-04-30 18:20:22',''),(43,10,'2015-04-27','7.00',0,0,11,'2015-04-30 18:33:23',NULL,'2015-04-30 18:33:23',''),(44,11,'2015-04-27','0.00',0,0,11,'2015-04-30 18:37:56',NULL,'2015-04-30 18:41:13','This $7 is deducted from $50 of his increase after probation. So, $7 = ($50/30days) x 4days'),(45,11,'2015-04-27','7.00',0,0,11,'2015-04-30 18:41:13',11,'2015-04-30 18:41:13',''),(46,5,'2014-12-27','300.00',0,0,11,'2015-05-20 21:24:57',11,'2015-05-20 21:24:57',''),(47,12,'2013-06-27','200.00',0,0,11,'2015-06-10 18:29:27',NULL,'2015-06-10 18:29:27',''),(48,12,'2013-07-27','200.00',0,0,11,'2015-06-10 18:29:27',NULL,'2015-06-10 18:29:27',''),(49,12,'2013-08-27','200.00',0,0,11,'2015-06-10 18:29:27',NULL,'2015-06-10 18:29:27',''),(50,13,'2015-06-27','200.00',0,0,11,'2015-06-10 18:48:48',NULL,'2015-06-10 18:48:48',''),(51,13,'2015-07-27','200.00',0,0,11,'2015-06-10 18:48:48',NULL,'2015-06-10 18:48:48',''),(52,13,'2015-08-27','200.00',0,0,11,'2015-06-10 18:48:48',NULL,'2015-06-10 18:48:48','');

/*Table structure for table `loan_statuss` */

DROP TABLE IF EXISTS `loan_statuss`;

CREATE TABLE `loan_statuss` (
  `id` tinyint(4) NOT NULL AUTO_INCREMENT,
  `en` varchar(20) NOT NULL,
  `kh` varchar(20) DEFAULT NULL,
  `created_at` datetime DEFAULT NULL,
  `updated_at` datetime DEFAULT NULL,
  PRIMARY KEY (`id`)
) ENGINE=InnoDB AUTO_INCREMENT=3 DEFAULT CHARSET=latin1;

/*Data for the table `loan_statuss` */

insert  into `loan_statuss`(`id`,`en`,`kh`,`created_at`,`updated_at`) values (1,'Pending','Pending',NULL,NULL),(2,'Finish','Finish',NULL,NULL);

/*Table structure for table `loans` */

DROP TABLE IF EXISTS `loans`;

CREATE TABLE `loans` (
  `id` int(11) NOT NULL AUTO_INCREMENT,
  `employee_id` int(11) NOT NULL,
  `loan_amount` float NOT NULL,
  `loan_date` date NOT NULL,
  `installment_repay` decimal(8,2) NOT NULL,
  `repay_date` date NOT NULL,
  `period` tinyint(4) NOT NULL,
  `end_date` date NOT NULL,
  `description` varchar(225) NOT NULL,
  `is_deleted` tinyint(1) DEFAULT '0',
  `created_by` int(11) DEFAULT NULL,
  `created_at` datetime DEFAULT NULL,
  `updated_by` int(11) DEFAULT NULL,
  `updated_at` datetime DEFAULT NULL,
  PRIMARY KEY (`id`)
) ENGINE=InnoDB AUTO_INCREMENT=14 DEFAULT CHARSET=latin1;

/*Data for the table `loans` */

insert  into `loans`(`id`,`employee_id`,`loan_amount`,`loan_date`,`installment_repay`,`repay_date`,`period`,`end_date`,`description`,`is_deleted`,`created_by`,`created_at`,`updated_by`,`updated_at`) values (1,48,250,'2015-03-23','50.00','2015-04-27',5,'2015-08-27','',0,11,'2015-03-25 17:06:56',NULL,'2015-03-25 17:06:56'),(2,60,1000,'2015-02-09','200.00','2015-02-27',5,'2015-06-27','',0,11,'2015-03-25 17:59:29',NULL,'2015-03-25 17:59:29'),(3,31,900,'2015-03-01','100.00','2015-03-27',9,'2015-11-27','',0,11,'2015-03-25 18:00:14',NULL,'2015-03-25 18:00:14'),(4,26,500,'2015-03-23','500.00','2015-03-27',1,'2015-04-27','',0,11,'2015-03-26 14:21:01',NULL,'2015-03-26 14:21:01'),(5,33,2000,'2014-10-01','300.00','2014-11-27',7,'2015-05-27','',0,11,'2015-04-01 14:51:39',11,'2015-05-20 21:30:27'),(6,35,1000,'2015-04-02','100.00','2015-04-27',10,'2016-01-27','',0,11,'2015-04-02 18:02:35',NULL,'2015-04-02 18:02:35'),(7,30,500,'2015-04-02','500.00','2015-03-27',1,'2015-03-27','',0,11,'2015-04-02 18:04:35',NULL,'2015-04-02 18:04:35'),(8,46,200,'2015-04-11','200.00','2015-04-27',1,'2015-04-27','',0,11,'2015-04-24 21:31:29',NULL,'2015-04-24 21:31:29'),(9,57,7,'2015-04-01','7.00','2015-04-27',1,'2015-04-27','This $7 is deducted from $50 of his increase after probation. So, $7 = ($50/30days) x 4days   ',0,11,'2015-04-30 18:20:22',11,'2015-04-30 18:26:44'),(10,59,7,'2015-04-01','7.00','2015-04-27',1,'2015-04-27','This $7 is deducted from $50 of his increase after probation. So, $7 = ($50/30days) x 4days',0,11,'2015-04-30 18:33:23',11,'2015-04-30 18:39:08'),(11,56,7,'2015-04-01','7.00','2015-04-27',1,'2015-04-27','This $7 is deducted from $50 of his increase after probation. So, $7 = ($50/30days) x 4days',0,11,'2015-04-30 18:37:56',11,'2015-04-30 18:38:45'),(12,90,600,'2015-06-09','200.00','2013-06-27',3,'2013-08-27','This loan will start deduction from June 2015.',1,11,'2015-06-10 18:29:27',11,'2015-06-10 18:34:48'),(13,90,600,'2015-06-09','200.00','2015-06-27',3,'2015-08-27','',0,11,'2015-06-10 18:48:48',NULL,'2015-06-10 18:48:48');

/*Table structure for table `manage_organizations` */

DROP TABLE IF EXISTS `manage_organizations`;

CREATE TABLE `manage_organizations` (
  `id` int(11) NOT NULL AUTO_INCREMENT,
  `user_id` int(11) NOT NULL,
  `organization_id` tinyint(4) NOT NULL,
  `is_deleted` tinyint(4) NOT NULL DEFAULT '0',
  `created_by` int(11) DEFAULT NULL,
  `created_at` datetime DEFAULT NULL,
  `updated_by` int(11) DEFAULT NULL,
  `updated_at` datetime DEFAULT NULL,
  PRIMARY KEY (`id`)
) ENGINE=InnoDB AUTO_INCREMENT=43 DEFAULT CHARSET=utf8;

/*Data for the table `manage_organizations` */

insert  into `manage_organizations`(`id`,`user_id`,`organization_id`,`is_deleted`,`created_by`,`created_at`,`updated_by`,`updated_at`) values (1,1,1,0,NULL,NULL,NULL,NULL),(2,1,2,0,NULL,NULL,NULL,NULL),(3,9,1,0,NULL,NULL,NULL,NULL),(4,7,1,0,NULL,NULL,NULL,NULL),(5,8,1,0,NULL,NULL,NULL,NULL),(6,9,2,0,NULL,NULL,NULL,NULL),(7,11,1,0,NULL,NULL,NULL,NULL),(8,11,2,0,NULL,NULL,NULL,NULL),(9,10,1,0,NULL,NULL,NULL,NULL),(10,12,1,0,1,'2015-03-25 16:23:47',NULL,'2015-03-25 16:23:47'),(11,12,2,0,11,'2015-03-28 16:03:50',NULL,'2015-03-28 16:03:50'),(12,13,1,0,11,'2015-04-30 13:37:39',NULL,'2015-04-30 13:37:39'),(13,14,1,0,11,'2015-04-30 14:25:26',NULL,'2015-04-30 14:25:26'),(14,15,1,0,11,'2015-05-09 13:27:36',NULL,'2015-05-09 13:27:36'),(15,11,3,0,NULL,NULL,NULL,NULL),(16,11,4,0,NULL,NULL,NULL,NULL),(17,11,5,0,NULL,NULL,NULL,NULL),(18,11,6,0,NULL,NULL,NULL,NULL),(19,11,7,0,NULL,NULL,NULL,NULL),(20,11,8,0,NULL,NULL,NULL,NULL),(21,11,9,0,NULL,NULL,NULL,NULL),(22,11,10,0,NULL,NULL,NULL,NULL),(23,11,11,0,NULL,NULL,NULL,NULL),(24,11,12,0,NULL,NULL,NULL,NULL),(25,11,13,0,NULL,NULL,NULL,NULL),(26,11,14,0,NULL,NULL,NULL,NULL),(27,11,15,0,NULL,NULL,NULL,NULL),(28,11,16,0,NULL,NULL,NULL,NULL),(29,11,17,0,NULL,NULL,NULL,NULL),(30,11,18,0,NULL,NULL,NULL,NULL),(31,11,19,0,NULL,NULL,NULL,NULL),(32,15,11,0,11,'2015-05-22 14:31:49',NULL,'2015-05-22 14:31:49'),(33,15,14,0,11,'2015-05-22 14:32:03',NULL,'2015-05-22 14:32:03'),(34,15,10,0,11,'2015-05-22 14:32:18',NULL,'2015-05-22 14:32:18'),(35,15,2,0,11,'2015-05-22 14:32:33',NULL,'2015-05-22 14:32:33'),(36,16,3,0,11,'2015-05-22 15:04:36',NULL,'2015-05-22 15:04:36'),(37,16,11,0,11,'2015-05-22 15:04:40',NULL,'2015-05-22 15:04:40'),(38,16,2,0,11,'2015-05-22 15:04:51',NULL,'2015-05-22 15:04:51'),(39,16,10,0,11,'2015-05-22 15:04:57',NULL,'2015-05-22 15:04:57'),(40,16,14,0,11,'2015-05-22 15:05:02',NULL,'2015-05-22 15:05:02'),(41,16,4,0,11,'2015-05-22 15:05:23',NULL,'2015-05-22 15:05:23'),(42,17,1,0,1,'2015-07-04 04:03:39',NULL,'2015-07-04 04:03:39');

/*Table structure for table `menus` */

DROP TABLE IF EXISTS `menus`;

CREATE TABLE `menus` (
  `id` smallint(6) NOT NULL AUTO_INCREMENT,
  `en` varchar(50) NOT NULL,
  `kh` varchar(50) DEFAULT NULL,
  `level` tinyint(4) NOT NULL,
  `parent_menu_id` smallint(6) DEFAULT NULL,
  `icon` varchar(50) DEFAULT NULL,
  `order` tinyint(4) DEFAULT NULL,
  `link_id` smallint(6) DEFAULT NULL,
  `target` varchar(20) DEFAULT NULL,
  `description` varchar(225) DEFAULT NULL,
  PRIMARY KEY (`id`)
) ENGINE=InnoDB AUTO_INCREMENT=70 DEFAULT CHARSET=utf8;

/*Data for the table `menus` */

insert  into `menus`(`id`,`en`,`kh`,`level`,`parent_menu_id`,`icon`,`order`,`link_id`,`target`,`description`) values (1,'home','ទំព័រ​ដើម',1,NULL,NULL,1,1,'',NULL),(2,'HR','ធនធាន​មនុស្ស',1,NULL,NULL,6,2,'',NULL),(3,'PIM','ព័ត៌មាន​បុគ្គលិក',2,2,NULL,5,3,'',NULL),(4,'config','ការ​កំណត់',2,2,NULL,50,4,'',NULL),(5,'department','នាយកដ្ឋាន',3,4,NULL,1,5,'',NULL),(6,'position','មុខ​តំណែង',3,4,NULL,2,6,'',NULL),(7,'employee list','បញ្ជី​បុគ្គលិក',3,3,NULL,1,7,'',NULL),(8,'new employee','បុគ្គលិក​ថ្មី',3,3,NULL,2,8,'',NULL),(9,'personal detail','ព័ត៌មាន​​ផ្ទាល់​ខ្លួន',4,7,NULL,1,9,'',NULL),(10,'job detail','ព័ត៌មាន​ការងារ',4,7,NULL,2,10,'',NULL),(11,'validator','អ្នកអនុម័ត',4,7,NULL,3,11,'',NULL),(12,'employee benefit','អត្ថប្រយោជន៍​បុគ្គលិក',4,7,NULL,4,12,'',NULL),(13,'employee contact','អាសយដ្ឋានទំនាក់ទំនង​',4,7,NULL,5,13,'',NULL),(14,'leave request','ការសុំច្បាប់',2,19,NULL,1,14,'',NULL),(15,'salary advance','ការស្នើបុរេប្រទាន',2,19,NULL,2,15,'',NULL),(16,'payroll','បញ្ជី​ប្រាក់ខែ',2,2,NULL,3,16,'',NULL),(17,'loan','ការស្នើប្រាក់កម្ចី',2,2,NULL,4,17,'',NULL),(18,'my profile','ព័ត៌មាន​ខ្ញុំ',1,NULL,NULL,2,18,'',NULL),(19,'request','ការ​ស្នើ',1,NULL,NULL,3,19,'',NULL),(20,'manage','ការគ្រប់​គ្រង',1,NULL,NULL,4,20,'',NULL),(21,'report','របាយការណ៍',1,NULL,NULL,7,21,'',NULL),(22,'salary adv. mgmt','ការគ្រប់គ្រងបុរេប្រទាន',2,20,NULL,1,22,'',NULL),(23,'leave management','ការគ្រប់គ្រងការសុំច្បាប់',2,20,NULL,2,23,'',NULL),(24,'authentication','យថា​ភាព',2,2,NULL,51,24,'',NULL),(25,'user list','បញ្ជីឈ្មោះអ្នក​ប្រើ​',3,24,NULL,1,25,'',NULL),(28,'user roll','មុខងារ​អ្នក​ប្រើ',3,24,NULL,4,28,'',NULL),(29,'new user','អ្នក​ប្រើ​ថ្មី',3,24,NULL,2,29,'',NULL),(54,'deduction','ការកាត់ប្រាក់',2,2,NULL,5,54,'',NULL),(59,'employee card','ប័ណ្ណ​សម្គាល់ខ្លួន',3,3,NULL,3,59,'',NULL),(60,'home','ទំព័រ​ដើម',11,0,NULL,1,1,'',NULL),(61,'request','ការ​ស្នើ',11,NULL,NULL,2,63,NULL,NULL),(62,'other branch','ពី​ស្នាក់ការ​ផ្សេង',12,61,NULL,1,64,NULL,NULL),(63,'personal','ផ្ទាល់​ខ្លួន',12,61,NULL,2,66,NULL,NULL),(64,'management','ផ្នែក​គ្រប់​គ្រង',11,NULL,NULL,3,63,NULL,NULL),(65,'validating','ពិនិត្យ​សំណើរ',12,64,NULL,1,63,NULL,NULL),(66,'general',NULL,14,61,NULL,1,68,NULL,NULL),(67,'sound',NULL,14,61,NULL,2,69,NULL,NULL),(68,'files',NULL,14,61,NULL,3,70,NULL,NULL),(69,'request items',NULL,14,61,NULL,4,71,NULL,NULL);

/*Table structure for table `modules` */

DROP TABLE IF EXISTS `modules`;

CREATE TABLE `modules` (
  `id` smallint(6) NOT NULL AUTO_INCREMENT,
  `en` varchar(50) NOT NULL,
  `kh` varchar(50) DEFAULT NULL,
  `description` varchar(225) DEFAULT NULL,
  `created_at` datetime DEFAULT NULL,
  `updated_at` datetime DEFAULT NULL,
  PRIMARY KEY (`id`)
) ENGINE=InnoDB AUTO_INCREMENT=24 DEFAULT CHARSET=latin1;

/*Data for the table `modules` */

insert  into `modules`(`id`,`en`,`kh`,`description`,`created_at`,`updated_at`) values (1,'employee info',NULL,'This module relate to employee list or other report relate to employee',NULL,NULL),(2,'employee profile',NULL,NULL,NULL,NULL),(3,'employee job',NULL,NULL,NULL,NULL),(4,'employee validator',NULL,NULL,NULL,NULL),(5,'employee benefit',NULL,NULL,NULL,NULL),(6,'employee contact',NULL,NULL,NULL,NULL),(8,'leave request',NULL,NULL,NULL,NULL),(9,'leave management',NULL,NULL,NULL,NULL),(10,'salary request',NULL,NULL,NULL,NULL),(11,'salary management',NULL,NULL,NULL,NULL),(12,'payroll management',NULL,NULL,NULL,NULL),(13,'loan management',NULL,NULL,NULL,NULL),(14,'deduction management',NULL,NULL,NULL,NULL),(15,'configure',NULL,NULL,NULL,NULL),(16,'user management',NULL,NULL,NULL,NULL),(17,'user roll mn',NULL,NULL,NULL,NULL),(18,'supper on employee',NULL,NULL,NULL,NULL),(19,'personal information',NULL,NULL,NULL,NULL),(20,'menus for manager',NULL,NULL,NULL,NULL),(21,'menus for general',NULL,NULL,NULL,NULL),(22,'(rms) branch request',NULL,NULL,NULL,NULL),(23,'(rms) personal request',NULL,NULL,NULL,NULL);

/*Table structure for table `nationalities` */

DROP TABLE IF EXISTS `nationalities`;

CREATE TABLE `nationalities` (
  `id` smallint(6) NOT NULL AUTO_INCREMENT,
  `en` varchar(50) NOT NULL,
  `kh` varchar(50) DEFAULT NULL,
  `created_by` int(11) DEFAULT NULL,
  `created_at` datetime DEFAULT NULL,
  `updated_by` int(11) DEFAULT NULL,
  `updated_at` datetime DEFAULT NULL,
  PRIMARY KEY (`id`)
) ENGINE=InnoDB AUTO_INCREMENT=5 DEFAULT CHARSET=utf8;

/*Data for the table `nationalities` */

insert  into `nationalities`(`id`,`en`,`kh`,`created_by`,`created_at`,`updated_by`,`updated_at`) values (1,'Khmer','ខ្មែរ',NULL,NULL,NULL,NULL),(2,'Thai','ថៃ',NULL,NULL,NULL,NULL),(3,'American','អាមេរិក',NULL,NULL,NULL,NULL),(4,'Vietnamese','វៀតណាម',NULL,NULL,NULL,NULL);

/*Table structure for table `organizations` */

DROP TABLE IF EXISTS `organizations`;

CREATE TABLE `organizations` (
  `id` tinyint(4) NOT NULL AUTO_INCREMENT,
  `en` varchar(50) NOT NULL,
  `kh` varchar(50) DEFAULT NULL,
  `business_type_id` tinyint(4) NOT NULL,
  `prefix_label` varchar(10) NOT NULL,
  `village_id` smallint(6) NOT NULL,
  `description` varchar(255) DEFAULT NULL,
  `created_by` int(11) DEFAULT NULL,
  `created_at` datetime DEFAULT NULL,
  `updated_by` int(11) DEFAULT NULL,
  `updated_at` datetime DEFAULT NULL,
  PRIMARY KEY (`id`)
) ENGINE=InnoDB AUTO_INCREMENT=21 DEFAULT CHARSET=utf8;

/*Data for the table `organizations` */

insert  into `organizations`(`id`,`en`,`kh`,`business_type_id`,`prefix_label`,`village_id`,`description`,`created_by`,`created_at`,`updated_by`,`updated_at`) values (1,'Head Office','ស្នាក់ការកណ្តាល',1,'HO',1,NULL,NULL,NULL,NULL,NULL),(2,'Ang Snuol','អង្គស្នួល',2,'HS',2,NULL,NULL,NULL,NULL,NULL),(3,'27 Hectares','ដី ២៧ ហិកតា',2,'HS',2,NULL,NULL,NULL,NULL,NULL),(4,'Thmat Pong','ត្មាតពង',2,'HS',2,NULL,NULL,NULL,NULL,NULL),(5,'Damnak Sokram','ដំណាក់សុក្រំ',2,'HS',2,NULL,NULL,NULL,NULL,NULL),(6,'Anlung Reab 1','អន្លង់រាប ១',2,'HS',2,NULL,NULL,NULL,NULL,NULL),(7,'Anlung Reab 2','អន្លង់រាប ២',2,'HS',2,NULL,NULL,NULL,NULL,NULL),(8,'Veal Veng','វាលវែង',2,'HS',2,NULL,NULL,NULL,NULL,NULL),(9,'Thmorda','ថ្មដា',2,'HS',2,NULL,NULL,NULL,NULL,NULL),(10,'Boeng Tunle Marich','បឹងទន្លេម្រេច',2,'HS',2,NULL,NULL,NULL,NULL,NULL),(11,'An Seh','អានសេះ',2,'HS',2,NULL,NULL,NULL,NULL,NULL),(12,'Mittapheap Hotel and Casino','សណ្ឋាគារ និង កាស៊ីណូ មិត្តភាព',2,'HS',2,NULL,NULL,NULL,NULL,NULL),(13,'Try Pheap Dry Port','ទ្រី ភាព ដ្រាយ ផត',2,'HS',2,NULL,NULL,NULL,NULL,NULL),(14,'Kep','កែប',2,'HS',2,NULL,NULL,NULL,NULL,NULL),(15,'27 H Gas Station','ស្ថានីយប្រេងឥន្ធនៈ ២៧ហិកតា',1,'HO',1,NULL,NULL,NULL,NULL,NULL),(16,'Thmat Porng Gas Station','ស្ថានីយប្រេងឥន្ធនៈត្មាតពង',1,'HO',1,NULL,NULL,NULL,NULL,NULL),(17,'Tonle Marich Gas Station','ស្ថានីយប្រេងឥន្ធនៈទន្លេម្រេច',1,'HO',1,NULL,NULL,NULL,NULL,NULL),(18,'Oyadav Gas Station','ស្ថានីយប្រេងឥន្ធនៈអូយ៉ាដាវ',1,'HO',1,NULL,NULL,NULL,NULL,NULL),(19,'M1 Gas Station','ស្ថានីយប្រេងឥន្ធនៈអន្លង់រាប១',1,'HO',1,NULL,NULL,NULL,NULL,NULL),(20,'Gas Station','ស្ថានីយប្រេងឥន្ធនៈ',1,'HO',1,NULL,NULL,NULL,NULL,NULL);

/*Table structure for table `pay_everys` */

DROP TABLE IF EXISTS `pay_everys`;

CREATE TABLE `pay_everys` (
  `id` tinyint(4) NOT NULL AUTO_INCREMENT,
  `en` varchar(50) NOT NULL,
  `kh` varchar(50) DEFAULT NULL,
  `created_by` int(11) DEFAULT NULL,
  `created_at` datetime DEFAULT NULL,
  `updated_by` int(11) DEFAULT NULL,
  `updated_at` datetime DEFAULT NULL,
  PRIMARY KEY (`id`)
) ENGINE=InnoDB AUTO_INCREMENT=5 DEFAULT CHARSET=utf8;

/*Data for the table `pay_everys` */

insert  into `pay_everys`(`id`,`en`,`kh`,`created_by`,`created_at`,`updated_by`,`updated_at`) values (1,'Monthly','ប្រចាំខែ',NULL,NULL,NULL,NULL),(2,'Weekly','ប្រចាំសប្ដាហ៍',NULL,NULL,NULL,NULL),(3,'Daily','ប្រចាំថ្ងៃ',NULL,NULL,NULL,NULL),(4,'Hourly','ប្រចាំម៉ោង',NULL,NULL,NULL,NULL);

/*Table structure for table `permissions` */

DROP TABLE IF EXISTS `permissions`;

CREATE TABLE `permissions` (
  `id` int(11) NOT NULL AUTO_INCREMENT,
  `user_roll_id` int(11) NOT NULL,
  `module_id` smallint(6) NOT NULL,
  `can_view` tinyint(1) NOT NULL DEFAULT '0',
  `can_add` tinyint(1) NOT NULL DEFAULT '0',
  `can_edit` tinyint(1) NOT NULL DEFAULT '0',
  `can_delete` tinyint(1) NOT NULL DEFAULT '0',
  `is_deleted` tinyint(1) NOT NULL DEFAULT '0',
  `created_by` int(11) DEFAULT NULL,
  `created_at` datetime DEFAULT NULL,
  `updated_by` int(11) DEFAULT NULL,
  `updated_at` datetime DEFAULT NULL,
  PRIMARY KEY (`id`)
) ENGINE=InnoDB AUTO_INCREMENT=85 DEFAULT CHARSET=utf8;

/*Data for the table `permissions` */

insert  into `permissions`(`id`,`user_roll_id`,`module_id`,`can_view`,`can_add`,`can_edit`,`can_delete`,`is_deleted`,`created_by`,`created_at`,`updated_by`,`updated_at`) values (5,1,5,1,1,1,1,0,NULL,NULL,1,'2015-06-12 07:51:16'),(6,1,6,1,1,1,1,0,NULL,NULL,1,'2015-06-12 07:51:16'),(8,1,8,1,1,1,1,0,NULL,NULL,1,'2015-06-12 07:51:16'),(9,1,9,1,1,1,1,0,NULL,NULL,1,'2015-06-12 07:51:16'),(10,1,10,1,1,1,1,0,NULL,NULL,1,'2015-06-12 07:51:16'),(11,1,11,1,1,1,1,0,NULL,NULL,1,'2015-06-18 01:52:05'),(12,1,12,1,1,1,1,0,NULL,NULL,1,'2015-06-12 07:51:16'),(13,1,13,1,1,1,1,0,NULL,NULL,1,'2015-06-12 07:51:16'),(14,1,14,1,1,1,1,0,NULL,NULL,1,'2015-06-12 07:51:16'),(15,1,15,1,1,1,1,0,NULL,NULL,1,'2015-06-12 07:51:16'),(16,1,16,1,1,1,1,0,NULL,NULL,1,'2015-06-18 03:49:11'),(17,1,17,1,1,1,1,0,NULL,NULL,1,'2015-06-18 03:49:11'),(18,1,18,1,1,1,1,0,NULL,NULL,1,'2015-06-12 07:51:16'),(19,1,19,1,1,1,1,0,NULL,NULL,1,'2015-06-12 07:51:17'),(20,1,20,1,1,1,1,0,NULL,NULL,1,'2015-06-12 07:55:07'),(21,1,1,1,1,1,1,0,1,'2015-06-12 07:53:06',1,'2015-06-12 07:53:23'),(22,1,2,1,1,1,1,0,1,'2015-06-12 07:53:06',1,'2015-06-12 07:53:23'),(23,1,3,1,1,1,1,0,1,'2015-06-12 07:53:06',1,'2015-06-12 07:53:23'),(24,1,4,1,1,1,1,0,1,'2015-06-12 07:53:06',1,'2015-06-12 07:53:23'),(25,6,1,1,1,1,1,0,1,'2015-06-12 08:39:56',1,'2015-06-12 08:44:25'),(26,6,2,1,1,1,1,0,1,'2015-06-12 08:39:56',1,'2015-06-12 08:44:25'),(27,6,3,1,1,1,1,0,1,'2015-06-12 08:39:56',1,'2015-06-12 08:44:25'),(28,6,4,1,1,1,1,0,1,'2015-06-12 08:39:56',1,'2015-06-12 08:44:25'),(29,6,5,1,1,1,1,0,1,'2015-06-12 08:39:56',1,'2015-06-12 08:44:25'),(30,6,6,1,1,1,1,0,1,'2015-06-12 08:39:56',1,'2015-06-12 08:44:25'),(31,6,8,0,0,0,0,0,1,'2015-06-12 08:39:56',1,'2015-06-12 08:44:25'),(32,6,9,0,0,0,0,0,1,'2015-06-12 08:39:56',1,'2015-06-12 08:44:26'),(33,6,10,0,0,0,0,0,1,'2015-06-12 08:39:57',1,'2015-06-12 08:44:26'),(34,6,11,0,0,0,0,0,1,'2015-06-12 08:39:57',1,'2015-06-12 08:44:26'),(35,6,12,1,1,1,1,0,1,'2015-06-12 08:39:57',1,'2015-06-12 08:44:26'),(36,6,13,0,0,0,0,0,1,'2015-06-12 08:39:57',1,'2015-06-12 08:44:26'),(37,6,14,0,0,0,0,0,1,'2015-06-12 08:39:57',1,'2015-06-12 08:44:26'),(38,6,15,0,0,0,0,0,1,'2015-06-12 08:39:57',1,'2015-06-12 08:44:26'),(39,6,16,0,0,0,0,0,1,'2015-06-12 08:39:57',1,'2015-06-12 08:44:26'),(40,6,17,0,0,0,0,0,1,'2015-06-12 08:39:57',1,'2015-06-12 08:44:26'),(41,6,18,1,1,1,1,0,1,'2015-06-12 08:39:57',1,'2015-06-12 08:44:26'),(42,6,19,1,1,1,1,0,1,'2015-06-12 08:39:57',1,'2015-06-12 08:44:26'),(43,6,20,1,1,1,1,0,1,'2015-06-12 08:39:57',1,'2015-06-12 08:44:26'),(44,2,1,0,0,0,0,0,1,'2015-06-12 08:44:41',NULL,'2015-06-12 08:44:41'),(45,2,2,0,0,0,0,0,1,'2015-06-12 08:44:41',NULL,'2015-06-12 08:44:41'),(46,2,3,0,0,0,0,0,1,'2015-06-12 08:44:41',NULL,'2015-06-12 08:44:41'),(47,2,4,0,0,0,0,0,1,'2015-06-12 08:44:41',NULL,'2015-06-12 08:44:41'),(48,2,5,0,0,0,0,0,1,'2015-06-12 08:44:41',NULL,'2015-06-12 08:44:41'),(49,2,6,0,0,0,0,0,1,'2015-06-12 08:44:41',NULL,'2015-06-12 08:44:41'),(50,2,8,0,0,0,0,0,1,'2015-06-12 08:44:41',NULL,'2015-06-12 08:44:41'),(51,2,9,0,0,0,0,0,1,'2015-06-12 08:44:41',NULL,'2015-06-12 08:44:41'),(52,2,10,0,0,0,0,0,1,'2015-06-12 08:44:41',NULL,'2015-06-12 08:44:41'),(53,2,11,0,0,0,0,0,1,'2015-06-12 08:44:41',NULL,'2015-06-12 08:44:41'),(54,2,12,0,0,0,0,0,1,'2015-06-12 08:44:41',NULL,'2015-06-12 08:44:41'),(55,2,13,0,0,0,0,0,1,'2015-06-12 08:44:41',NULL,'2015-06-12 08:44:41'),(56,2,14,0,0,0,0,0,1,'2015-06-12 08:44:41',NULL,'2015-06-12 08:44:41'),(57,2,15,0,0,0,0,0,1,'2015-06-12 08:44:41',NULL,'2015-06-12 08:44:41'),(58,2,16,0,0,0,0,0,1,'2015-06-12 08:44:42',NULL,'2015-06-12 08:44:42'),(59,2,17,0,0,0,0,0,1,'2015-06-12 08:44:42',NULL,'2015-06-12 08:44:42'),(60,2,18,0,0,0,0,0,1,'2015-06-12 08:44:42',NULL,'2015-06-12 08:44:42'),(61,2,19,0,0,0,0,0,1,'2015-06-12 08:44:42',NULL,'2015-06-12 08:44:42'),(62,2,20,0,0,0,0,0,1,'2015-06-12 08:44:42',NULL,'2015-06-12 08:44:42'),(63,3,1,1,1,1,1,0,1,'2015-06-12 08:45:24',1,'2015-06-12 08:46:52'),(64,3,2,1,1,1,1,0,1,'2015-06-12 08:45:24',1,'2015-06-12 08:46:52'),(65,3,3,1,1,1,1,0,1,'2015-06-12 08:45:25',1,'2015-06-12 08:46:52'),(66,3,4,1,1,1,1,0,1,'2015-06-12 08:45:25',1,'2015-06-12 08:46:52'),(67,3,5,0,0,0,0,0,1,'2015-06-12 08:45:25',1,'2015-06-12 08:46:52'),(68,3,6,1,1,1,1,0,1,'2015-06-12 08:45:25',1,'2015-06-12 08:46:52'),(69,3,8,1,1,1,1,0,1,'2015-06-12 08:45:25',1,'2015-06-12 08:46:52'),(70,3,9,0,0,0,0,0,1,'2015-06-12 08:45:25',1,'2015-06-12 08:46:52'),(71,3,10,1,1,1,1,0,1,'2015-06-12 08:45:25',1,'2015-06-12 08:46:52'),(72,3,11,0,0,0,0,0,1,'2015-06-12 08:45:25',1,'2015-06-12 08:46:52'),(73,3,12,0,0,0,0,0,1,'2015-06-12 08:45:25',1,'2015-06-12 08:46:52'),(74,3,13,0,0,0,0,0,1,'2015-06-12 08:45:25',1,'2015-06-12 08:46:53'),(75,3,14,0,0,0,0,0,1,'2015-06-12 08:45:25',1,'2015-06-12 08:46:53'),(76,3,15,0,0,0,0,0,1,'2015-06-12 08:45:25',1,'2015-06-12 08:46:53'),(77,3,16,0,0,0,0,0,1,'2015-06-12 08:45:25',1,'2015-06-12 08:46:53'),(78,3,17,0,0,0,0,0,1,'2015-06-12 08:45:25',1,'2015-06-12 08:46:53'),(79,3,18,0,0,0,0,0,1,'2015-06-12 08:45:25',1,'2015-06-12 08:46:53'),(80,3,19,1,1,1,1,0,1,'2015-06-12 08:45:25',1,'2015-06-12 08:46:53'),(81,3,20,0,0,0,0,0,1,'2015-06-12 08:45:25',1,'2015-06-12 08:46:53'),(82,1,21,1,1,1,1,0,1,'2015-06-23 04:01:25',1,'2015-06-23 04:01:36'),(83,1,22,1,1,1,1,0,1,'2015-06-23 09:06:51',1,'2015-06-23 09:07:01'),(84,1,23,1,1,1,1,0,1,'2015-06-23 09:06:51',1,'2015-06-23 09:07:01');

/*Table structure for table `positions` */

DROP TABLE IF EXISTS `positions`;

CREATE TABLE `positions` (
  `id` tinyint(4) NOT NULL AUTO_INCREMENT,
  `en` varchar(50) NOT NULL,
  `kh` varchar(50) DEFAULT NULL,
  `description` varchar(255) DEFAULT NULL,
  `is_deleted` tinyint(1) NOT NULL DEFAULT '0',
  `created_by` int(11) DEFAULT NULL,
  `created_at` datetime DEFAULT NULL,
  `updated_by` int(11) DEFAULT NULL,
  `updated_at` datetime DEFAULT NULL,
  PRIMARY KEY (`id`)
) ENGINE=InnoDB AUTO_INCREMENT=47 DEFAULT CHARSET=utf8;

/*Data for the table `positions` */

insert  into `positions`(`id`,`en`,`kh`,`description`,`is_deleted`,`created_by`,`created_at`,`updated_by`,`updated_at`) values (1,'Accountant','គណនេយ្យករ',NULL,0,NULL,NULL,NULL,NULL),(2,'Accounting Supervisor','អនុប្រធានគណនេយ្យ',NULL,0,NULL,NULL,NULL,NULL),(3,'Chief of Accounting','ប្រធានគណនេយ្យ',NULL,0,NULL,NULL,NULL,NULL),(4,'Finance Manager','ប្រធានហិរញ្ញវត្ថុ',NULL,0,NULL,NULL,NULL,NULL),(5,'Architecture','ស្ថាបត្យករ',NULL,0,NULL,NULL,NULL,NULL),(6,'Admin and HR Deputy Mng','អនុប្រធានរដ្ឋបាល និង ធនធានមនុស្ស',NULL,0,NULL,NULL,NULL,NULL),(7,'Admin and HR Manager','ប្រធានរដ្ឋបាល និង ធនធានមនុស្ស',NULL,0,NULL,NULL,NULL,NULL),(8,'Administrator','បុគ្គលិករដ្ឋបាល',NULL,0,NULL,NULL,NULL,NULL),(9,'Agro-Industry Manager','ប្រធានកសិ-ឧស្សាហកម្ម',NULL,0,NULL,NULL,NULL,NULL),(10,'Agro-Industry Officer','បុគ្គលិកកសិ-ឧស្សាហកម្ម',NULL,0,NULL,NULL,NULL,NULL),(11,'Archi and Const. Manager','ប្រធានស្ថាបត្យកម្ម និង សំណង់',NULL,0,NULL,NULL,NULL,NULL),(12,'Asst to MD of HO','ជំនួយការនាយកគ្រប់គ្រងស្នាក់ការកណ្ដាល',NULL,0,NULL,NULL,NULL,NULL),(13,'Asst to Bus. and Mkgt. Mng','ជំនួយការនាយកគ្រប់គ្រងអាជីវកម្ម និង ទីផ្សារ',NULL,0,NULL,NULL,NULL,NULL),(14,'Asst to Archi and Const. Mng','ជំនួយការប្រធានស្ថាបត្យកម្ម និង សំណង់',NULL,0,NULL,NULL,NULL,NULL),(15,'Asst to Doc. Manager','ជំនួយការប្រធានឯកសារ និង រូបភាព',NULL,0,NULL,NULL,NULL,NULL),(16,'Chief of Accounting ','ប្រធានគណនេយ្យ',NULL,0,NULL,NULL,NULL,NULL),(17,'Cleaner','អ្នកអនាម័យ',NULL,0,NULL,NULL,NULL,NULL),(18,'Deputy Director General','អគ្គនាយករង',NULL,0,NULL,NULL,NULL,NULL),(19,'Documentation Manager','ប្រធានឯកសារ និង រូបភាព',NULL,0,NULL,NULL,NULL,NULL),(20,'Engineer','វិស្វករ',NULL,0,NULL,NULL,NULL,NULL),(21,'Finance Manager','ប្រធានហិរញ្ញវត្ថុ',NULL,0,NULL,NULL,NULL,NULL),(22,'Gas Station Operation Manager','ប្រធានគ្រប់គ្រងស្ថានីយប្រេង',NULL,0,NULL,NULL,NULL,NULL),(23,'Fuel Department Manager','ប្រធានគ្រប់គ្រងប្រេងឥន្ធនៈ',NULL,0,NULL,NULL,NULL,NULL),(24,'HR Officer','បុគ្គលិកធនធានមនុស្ស',NULL,0,NULL,NULL,NULL,NULL),(25,'IT Manager','ប្រធានព័ត៌មានវិទ្យា',NULL,0,NULL,NULL,NULL,NULL),(26,'IT Officer','បុគ្គលិកព័ត៌មានវិទ្យា',NULL,0,NULL,NULL,NULL,NULL),(27,'Internal Auditor','សវនករផ្ទៃក្នុង',NULL,0,NULL,NULL,NULL,NULL),(28,'Purchaser','បុគ្គលិកបញ្ជាទិញ',NULL,0,NULL,NULL,NULL,NULL),(29,'Security Guard ','សន្តិសុខ',NULL,0,NULL,NULL,NULL,NULL),(30,'Stock Controller','បុគ្គលិកគ្រប់គ្រងស្តុក',NULL,0,NULL,NULL,NULL,NULL),(31,'Security Guard ','សន្តិសុខ',NULL,0,NULL,NULL,NULL,NULL),(32,'Security Manager','ប្រធានសន្តិសុខ',NULL,0,NULL,NULL,NULL,NULL),(33,'Dry Port Officer','បុគ្គលិកផែស្ងួត',NULL,0,NULL,NULL,NULL,NULL),(34,'Bodygaurd','អង្ករក្ស',NULL,0,NULL,NULL,NULL,NULL),(35,'Transportation Manager','ប្រធានខ្សែឡាន',NULL,0,NULL,NULL,NULL,NULL),(36,'Transportation Officer','បុគ្គលិកដឹកជញ្ជូន',NULL,0,NULL,NULL,NULL,NULL),(37,'Driver','អ្នកបើកបរ',NULL,0,NULL,NULL,NULL,NULL),(38,'Bided Wood Collecting Officer','បុគ្គលិកប្រមូលឈើដេញថ្លៃ',NULL,0,NULL,NULL,NULL,NULL),(39,'Bided Wood Collecting Manager','ប្រធានប្រមូលឈើដេញថ្លៃ',NULL,0,NULL,NULL,NULL,NULL),(40,'Fuel Operation Manager','ប្រធានប្រតិបត្តិប្រេងឥន្ធនៈ',NULL,0,NULL,NULL,NULL,NULL),(41,'Gas Station Officer','បុគ្គលិកចាក់ប្រេង',NULL,0,NULL,NULL,NULL,NULL),(42,'Bodyguard Manager','ប្រធានអង្គរក្ស',NULL,0,NULL,NULL,NULL,NULL),(43,'DG\'s Bodygaurd','អង្ករក្សអគ្គនាយក',NULL,0,NULL,NULL,NULL,NULL),(44,'DG\'s Child Bodygaurd','អង្ករក្សកូនអគ្គនាយក',NULL,0,NULL,NULL,NULL,NULL),(45,'Lawyer','មេធាវី',NULL,0,NULL,NULL,NULL,NULL),(46,'General Manager','ប្រធានគ្រប់គ្រងទូទៅ',NULL,0,NULL,NULL,NULL,NULL);

/*Table structure for table `provinces` */

DROP TABLE IF EXISTS `provinces`;

CREATE TABLE `provinces` (
  `id` tinyint(4) NOT NULL AUTO_INCREMENT,
  `en` varchar(50) NOT NULL,
  `kh` varchar(50) DEFAULT NULL,
  `created_by` int(11) DEFAULT NULL,
  `created_at` datetime DEFAULT NULL,
  `updated_by` int(11) DEFAULT NULL,
  `updated_at` datetime DEFAULT NULL,
  PRIMARY KEY (`id`)
) ENGINE=InnoDB AUTO_INCREMENT=4 DEFAULT CHARSET=utf8;

/*Data for the table `provinces` */

insert  into `provinces`(`id`,`en`,`kh`,`created_by`,`created_at`,`updated_by`,`updated_at`) values (1,'kanpong chhnang','កំពង់ឆ្នាំង',NULL,NULL,NULL,NULL),(2,'kondal','កណ្តាល',NULL,NULL,NULL,NULL),(3,'prah vihie','ព្រះ វិហា',NULL,NULL,NULL,NULL);

/*Table structure for table `r_item_types` */

DROP TABLE IF EXISTS `r_item_types`;

CREATE TABLE `r_item_types` (
  `id` tinyint(4) NOT NULL AUTO_INCREMENT,
  `en` varchar(50) DEFAULT NULL,
  `kh` varchar(100) DEFAULT NULL,
  `description` varchar(255) DEFAULT NULL,
  `created_at` datetime DEFAULT NULL,
  `updated_at` datetime DEFAULT NULL,
  PRIMARY KEY (`id`)
) ENGINE=InnoDB AUTO_INCREMENT=5 DEFAULT CHARSET=latin1;

/*Data for the table `r_item_types` */

insert  into `r_item_types`(`id`,`en`,`kh`,`description`,`created_at`,`updated_at`) values (1,'money','',NULL,NULL,NULL),(2,'custruction tool',NULL,NULL,NULL,NULL),(3,'permission',NULL,NULL,NULL,NULL),(4,'employee',NULL,NULL,NULL,NULL);

/*Table structure for table `r_plans` */

DROP TABLE IF EXISTS `r_plans`;

CREATE TABLE `r_plans` (
  `id` int(11) NOT NULL AUTO_INCREMENT,
  `en` varchar(100) NOT NULL,
  `kh` varchar(200) DEFAULT NULL,
  `description` varchar(255) DEFAULT NULL,
  `created_by` int(11) DEFAULT NULL,
  `created_at` datetime DEFAULT NULL,
  `updated_by` int(11) DEFAULT NULL,
  `updated_at` datetime DEFAULT NULL,
  PRIMARY KEY (`id`)
) ENGINE=InnoDB AUTO_INCREMENT=7 DEFAULT CHARSET=latin1;

/*Data for the table `r_plans` */

insert  into `r_plans`(`id`,`en`,`kh`,`description`,`created_by`,`created_at`,`updated_by`,`updated_at`) values (1,'rubor',NULL,NULL,NULL,NULL,NULL,NULL),(2,'mrich',NULL,NULL,NULL,NULL,NULL,NULL),(3,'mony',NULL,NULL,NULL,NULL,NULL,NULL),(4,'chikent repair',NULL,NULL,NULL,NULL,NULL,NULL),(5,'building',NULL,NULL,NULL,NULL,NULL,NULL),(6,'other',NULL,NULL,NULL,NULL,NULL,NULL);

/*Table structure for table `r_processing_details` */

DROP TABLE IF EXISTS `r_processing_details`;

CREATE TABLE `r_processing_details` (
  `id` int(11) NOT NULL AUTO_INCREMENT,
  `processing_id` int(11) NOT NULL,
  `processing_date` date DEFAULT NULL,
  `item_name` varchar(50) DEFAULT NULL,
  `item_type_id` tinyint(4) DEFAULT NULL,
  `unit_id` tinyint(4) DEFAULT NULL,
  `quantity` float DEFAULT NULL,
  `price` decimal(10,0) DEFAULT NULL,
  `description` varchar(255) DEFAULT NULL,
  `is_deleted` tinyint(4) DEFAULT NULL,
  `created_by` int(11) DEFAULT NULL,
  `created_at` datetime DEFAULT NULL,
  `updated_by` int(11) DEFAULT NULL,
  `updated_at` datetime DEFAULT NULL,
  PRIMARY KEY (`id`)
) ENGINE=InnoDB DEFAULT CHARSET=latin1;

/*Data for the table `r_processing_details` */

/*Table structure for table `r_processings` */

DROP TABLE IF EXISTS `r_processings`;

CREATE TABLE `r_processings` (
  `id` int(11) NOT NULL AUTO_INCREMENT,
  `request_id` int(11) NOT NULL,
  `submit_by` int(11) DEFAULT NULL,
  `submit_to` int(11) DEFAULT NULL,
  `submit_date` date DEFAULT NULL,
  `amount` decimal(10,0) DEFAULT NULL,
  `status` tinyint(4) DEFAULT NULL,
  `comment` varchar(255) DEFAULT NULL,
  `created_by` int(11) DEFAULT NULL,
  `created_at` datetime DEFAULT NULL,
  `updated_by` int(11) DEFAULT NULL,
  `updated_at` datetime DEFAULT NULL,
  PRIMARY KEY (`id`)
) ENGINE=InnoDB DEFAULT CHARSET=latin1;

/*Data for the table `r_processings` */

/*Table structure for table `r_request_details` */

DROP TABLE IF EXISTS `r_request_details`;

CREATE TABLE `r_request_details` (
  `id` int(11) NOT NULL AUTO_INCREMENT,
  `request_id` int(11) NOT NULL,
  `item_name` varchar(50) DEFAULT NULL,
  `item_type` tinyint(4) DEFAULT NULL,
  `unit_id` tinyint(4) DEFAULT NULL,
  `quantity` float DEFAULT NULL,
  `estimate_price` decimal(10,0) DEFAULT NULL,
  `description` varchar(255) DEFAULT NULL,
  `modify_by` int(11) DEFAULT '0',
  `is_deleted` tinyint(4) DEFAULT '0',
  `created_by` int(11) DEFAULT NULL,
  `created_at` datetime DEFAULT NULL,
  `updated_by` int(11) DEFAULT NULL,
  `updated_at` datetime DEFAULT NULL,
  PRIMARY KEY (`id`)
) ENGINE=InnoDB DEFAULT CHARSET=latin1;

/*Data for the table `r_request_details` */

/*Table structure for table `r_request_files` */

DROP TABLE IF EXISTS `r_request_files`;

CREATE TABLE `r_request_files` (
  `id` int(11) NOT NULL AUTO_INCREMENT,
  `request_id` int(11) NOT NULL,
  `file_name` varchar(50) DEFAULT NULL,
  `extention` varchar(10) DEFAULT NULL,
  `location` varchar(100) DEFAULT NULL,
  PRIMARY KEY (`id`)
) ENGINE=InnoDB DEFAULT CHARSET=latin1;

/*Data for the table `r_request_files` */

/*Table structure for table `r_request_validators` */

DROP TABLE IF EXISTS `r_request_validators`;

CREATE TABLE `r_request_validators` (
  `id` int(11) NOT NULL AUTO_INCREMENT,
  `request_id` int(11) NOT NULL,
  `validator_id` int(11) DEFAULT NULL,
  `command` varchar(900) DEFAULT NULL,
  `status` tinyint(4) DEFAULT NULL,
  `from_validator_id` int(11) DEFAULT NULL,
  `from_date` date DEFAULT NULL,
  `created_by` int(11) DEFAULT NULL,
  `created_at` datetime DEFAULT NULL,
  `updated_by` int(11) DEFAULT NULL,
  `updated_at` datetime DEFAULT NULL,
  PRIMARY KEY (`id`)
) ENGINE=InnoDB DEFAULT CHARSET=latin1;

/*Data for the table `r_request_validators` */

/*Table structure for table `r_requests` */

DROP TABLE IF EXISTS `r_requests`;

CREATE TABLE `r_requests` (
  `id` int(11) NOT NULL AUTO_INCREMENT,
  `request_by_id` int(11) NOT NULL,
  `for_organization_id` tinyint(4) NOT NULL,
  `for_planning_id` int(11) NOT NULL,
  `to_department_id` tinyint(4) NOT NULL,
  `request_title` varchar(100) NOT NULL,
  `description` varchar(1000) DEFAULT NULL,
  `voice_reading` varchar(100) DEFAULT NULL COMMENT 'this is just store url of MP3 file only',
  `request_date` date DEFAULT NULL,
  `validation_status` tinyint(4) DEFAULT NULL,
  `request_status` tinyint(4) DEFAULT NULL,
  `level_status` tinyint(4) DEFAULT NULL,
  `created_by` int(11) DEFAULT NULL,
  `created_at` datetime DEFAULT NULL,
  `updated_by` int(11) DEFAULT NULL,
  `updated_at` datetime DEFAULT NULL,
  PRIMARY KEY (`id`)
) ENGINE=InnoDB AUTO_INCREMENT=17 DEFAULT CHARSET=latin1;

/*Data for the table `r_requests` */

insert  into `r_requests`(`id`,`request_by_id`,`for_organization_id`,`for_planning_id`,`to_department_id`,`request_title`,`description`,`voice_reading`,`request_date`,`validation_status`,`request_status`,`level_status`,`created_by`,`created_at`,`updated_by`,`updated_at`) values (1,65,6,3,15,'fdfds','fsdfsdf','14358331041.mp3','2015-07-02',NULL,NULL,NULL,57,'2015-07-02 02:46:58',NULL,'2015-07-02 10:31:44'),(2,65,6,3,15,'fdfds','fsdfsdf',NULL,'2015-07-02',NULL,NULL,NULL,57,'2015-07-02 02:49:43',NULL,'2015-07-02 02:49:43'),(3,43,10,3,15,'fsdf','sdfsdfsd',NULL,'2015-07-02',NULL,NULL,NULL,57,'2015-07-02 03:53:50',NULL,'2015-07-02 03:53:50'),(4,43,2,2,15,'fsdfsd','fsdfsdf',NULL,'2015-07-02',NULL,NULL,NULL,57,'2015-07-02 04:28:19',NULL,'2015-07-02 04:28:19'),(5,65,6,3,3,'dfgre gergreg ','erg ergergre',NULL,'2015-07-02',NULL,NULL,NULL,57,'2015-07-02 04:38:32',NULL,'2015-07-02 04:38:32'),(6,65,6,3,15,'This is testing from bunthoeun','It the first time of Request Management System. \r\nThe next time we need to discuss with Mr. Chearta',NULL,'2015-07-02',NULL,NULL,NULL,57,'2015-07-02 04:43:50',NULL,'2015-07-02 04:57:05'),(7,65,6,3,3,'dfgre gergreg ','erg ergergre',NULL,'2015-07-02',NULL,NULL,NULL,57,'2015-07-02 04:44:20',NULL,'2015-07-02 04:44:20'),(8,65,6,3,3,'dfgre gergreg ','kkkkkkkkkkkkk',NULL,'2015-07-02',NULL,NULL,NULL,57,'2015-07-02 04:44:27',NULL,'2015-07-02 04:44:27'),(9,65,6,3,3,'dfgre gergreg ','kkkkkkkkkkkkk',NULL,'2015-07-02',NULL,NULL,NULL,57,'2015-07-02 04:44:30',NULL,'2015-07-02 04:44:30'),(10,65,6,3,3,'dfgre gergreg ','kkkkkkkkkkkkk',NULL,'2015-07-02',NULL,NULL,NULL,57,'2015-07-02 04:54:26',NULL,'2015-07-02 04:54:26'),(11,65,6,3,15,'dfgre gergreg ','kkkkkkkkkkkkk',NULL,'2015-07-02',NULL,NULL,NULL,57,'2015-07-02 04:54:29',NULL,'2015-07-02 04:54:29'),(12,65,6,3,15,'This is testing from bunthoeun','It the first time of Request Management System. \r\nThe next time we need to discuss with Mr. Chearta',NULL,'2015-07-02',NULL,NULL,NULL,57,'2015-07-02 04:55:46',NULL,'2015-07-02 04:55:46'),(13,65,6,3,15,'This is testing from bunthoeun','It the first time of Request Management System. \r\nThe next time we need to discuss with Mr. Chearta',NULL,'2015-07-02',NULL,NULL,NULL,57,'2015-07-02 04:55:49',NULL,'2015-07-02 04:55:49'),(14,65,6,3,15,'This is testing from bunthoeun','It the first time of Request Management System. \r\nThe next time we need to discuss with Mr. Chearta',NULL,'2015-07-02',NULL,NULL,NULL,57,'2015-07-02 04:55:51',NULL,'2015-07-02 04:55:51'),(15,65,6,3,15,'This is testing from bunthoeun','It the first time of Request Management System. \r\nThe next time we need to discuss with Mr. Chearta',NULL,'2015-07-02',NULL,NULL,NULL,57,'2015-07-02 04:55:52',NULL,'2015-07-02 04:55:52'),(16,65,6,3,15,'This is testing from bunthoeun','It the first time of Request Management System. \r\nThe next time we need to discuss with Mr. Chearta',NULL,'2015-07-02',NULL,NULL,NULL,57,'2015-07-02 04:55:54',NULL,'2015-07-02 04:55:54');

/*Table structure for table `r_units` */

DROP TABLE IF EXISTS `r_units`;

CREATE TABLE `r_units` (
  `id` tinyint(4) NOT NULL AUTO_INCREMENT,
  `en` varchar(20) NOT NULL,
  `kh` varchar(50) DEFAULT NULL,
  `description` varchar(255) DEFAULT NULL,
  `created_at` datetime DEFAULT NULL,
  `updated_at` datetime DEFAULT NULL,
  PRIMARY KEY (`id`)
) ENGINE=InnoDB AUTO_INCREMENT=5 DEFAULT CHARSET=latin1;

/*Data for the table `r_units` */

insert  into `r_units`(`id`,`en`,`kh`,`description`,`created_at`,`updated_at`) values (1,'$',NULL,NULL,NULL,NULL),(2,'botle',NULL,NULL,NULL,NULL),(3,'other',NULL,NULL,NULL,NULL),(4,'cast',NULL,NULL,NULL,NULL);

/*Table structure for table `r_validator_files` */

DROP TABLE IF EXISTS `r_validator_files`;

CREATE TABLE `r_validator_files` (
  `id` int(11) NOT NULL AUTO_INCREMENT,
  `request_validator_id` int(11) NOT NULL,
  `file_name` varchar(50) DEFAULT NULL,
  `extention` varchar(10) DEFAULT NULL,
  `location` varchar(100) DEFAULT NULL,
  `created_by` int(11) DEFAULT NULL,
  `created_at` datetime DEFAULT NULL,
  `updated_by` int(11) DEFAULT NULL,
  `updated_at` datetime DEFAULT NULL,
  PRIMARY KEY (`id`)
) ENGINE=InnoDB DEFAULT CHARSET=latin1;

/*Data for the table `r_validator_files` */

/*Table structure for table `sections` */

DROP TABLE IF EXISTS `sections`;

CREATE TABLE `sections` (
  `id` tinyint(4) NOT NULL AUTO_INCREMENT,
  `en` varchar(50) NOT NULL,
  `kh` varchar(50) DEFAULT NULL,
  `description` varchar(255) DEFAULT NULL,
  `is_deleted` tinyint(1) DEFAULT NULL,
  `created_by` int(11) DEFAULT NULL,
  `created_at` datetime DEFAULT NULL,
  `updated_by` int(11) DEFAULT NULL,
  `updated_at` datetime DEFAULT NULL,
  PRIMARY KEY (`id`)
) ENGINE=InnoDB AUTO_INCREMENT=24 DEFAULT CHARSET=utf8;

/*Data for the table `sections` */

insert  into `sections`(`id`,`en`,`kh`,`description`,`is_deleted`,`created_by`,`created_at`,`updated_by`,`updated_at`) values (1,'Application','កម្មវិធី',NULL,NULL,NULL,NULL,NULL,NULL),(2,'Network','បណ្តាញ',NULL,NULL,NULL,NULL,NULL,NULL),(3,'Technician','អ្នកបច្ចេកទេស',NULL,NULL,NULL,NULL,NULL,NULL),(4,'Purchasing','បញ្ជាទិញ',NULL,NULL,NULL,NULL,NULL,NULL),(5,'Accounting','គណនេយ្យ',NULL,NULL,NULL,NULL,NULL,NULL),(6,'Cashier','បេឡា',NULL,NULL,NULL,NULL,NULL,NULL),(7,'Internal Auditing','សវនកម្មផ្ទៃក្នុង',NULL,NULL,NULL,NULL,NULL,NULL),(8,'Fuel','ប្រេងឥន្ទនៈ',NULL,NULL,NULL,NULL,NULL,NULL),(9,'Forestry','ផល-អនុផលព្រៃឈើ',NULL,NULL,NULL,NULL,NULL,NULL),(10,'Architecture','ស្ថាបត្យកម្ម',NULL,NULL,NULL,NULL,NULL,NULL),(11,'Construction','សំណង់',NULL,NULL,NULL,NULL,NULL,NULL),(12,'Admin','រដ្ឋបាល',NULL,NULL,NULL,NULL,NULL,NULL),(13,'Human Resources','ធនធានមនុស្ស',NULL,NULL,NULL,NULL,NULL,NULL),(14,'Pepper','ម្រេច',NULL,NULL,NULL,NULL,NULL,NULL),(15,'Rubber','កៅស៊ូ',NULL,NULL,NULL,NULL,NULL,NULL),(16,'Dry Port','ផែស្ងួត',NULL,NULL,NULL,NULL,NULL,NULL),(17,'HO Security Guard','សន្តិសុខស្នាក់ការកណ្ដាល',NULL,NULL,NULL,NULL,NULL,NULL),(18,'DG\'s Bodyguard','អង្គរក្សអគ្គនាយក',NULL,NULL,NULL,NULL,NULL,NULL),(19,'Transportation','ដឹកជញ្ជូន',NULL,NULL,NULL,NULL,NULL,NULL),(20,'Bided Wood Collecting','ប្រមូលឈើដេញថ្លៃ',NULL,NULL,NULL,NULL,NULL,NULL),(21,'Rubber and Pepper','កៅស៊ូ និង ម្រេច',NULL,NULL,NULL,NULL,NULL,NULL),(22,'DG\'s Child Bodyguard','អង្គរក្សកូនអគ្គនាយក',NULL,NULL,NULL,NULL,NULL,NULL),(23,'Security','សន្តិសុខ',NULL,NULL,NULL,NULL,NULL,NULL);

/*Table structure for table `statuss` */

DROP TABLE IF EXISTS `statuss`;

CREATE TABLE `statuss` (
  `id` tinyint(1) NOT NULL,
  `en` varchar(10) DEFAULT NULL,
  `kh` varchar(10) DEFAULT NULL,
  `image` varchar(50) DEFAULT NULL,
  `created_at` datetime DEFAULT NULL,
  `updated_at` datetime DEFAULT NULL,
  PRIMARY KEY (`id`)
) ENGINE=InnoDB DEFAULT CHARSET=latin1;

/*Data for the table `statuss` */

insert  into `statuss`(`id`,`en`,`kh`,`image`,`created_at`,`updated_at`) values (1,'Pending',NULL,'/images/pending.png',NULL,NULL),(2,'Approved',NULL,'/images/approve.png',NULL,NULL),(3,'Rejected',NULL,'/images/reject.png',NULL,NULL);

/*Table structure for table `titles` */

DROP TABLE IF EXISTS `titles`;

CREATE TABLE `titles` (
  `id` tinyint(4) NOT NULL AUTO_INCREMENT,
  `en` varchar(10) NOT NULL,
  `kh` varchar(10) DEFAULT NULL,
  `created_by` int(11) DEFAULT NULL,
  `created_at` datetime DEFAULT NULL,
  `updated_by` int(11) DEFAULT NULL,
  `updated_at` datetime DEFAULT NULL,
  PRIMARY KEY (`id`)
) ENGINE=InnoDB AUTO_INCREMENT=5 DEFAULT CHARSET=utf8;

/*Data for the table `titles` */

insert  into `titles`(`id`,`en`,`kh`,`created_by`,`created_at`,`updated_by`,`updated_at`) values (1,'Mr.','លោក',NULL,NULL,NULL,NULL),(2,'Ms.','អ្នកនាង',NULL,NULL,NULL,NULL),(3,'Miss.','កញ្ញា',NULL,NULL,NULL,NULL),(4,'Mrs.','លោកស្រី',NULL,NULL,NULL,NULL);

/*Table structure for table `user_rolls` */

DROP TABLE IF EXISTS `user_rolls`;

CREATE TABLE `user_rolls` (
  `id` smallint(6) NOT NULL AUTO_INCREMENT,
  `en` varchar(50) NOT NULL,
  `kh` varchar(50) DEFAULT NULL,
  `description` varchar(255) DEFAULT NULL,
  `is_deleted` tinyint(4) NOT NULL DEFAULT '0',
  `created_by` int(11) DEFAULT NULL,
  `created_at` datetime DEFAULT NULL,
  `updated_by` int(11) DEFAULT NULL,
  `updated_at` datetime DEFAULT NULL,
  PRIMARY KEY (`id`)
) ENGINE=InnoDB AUTO_INCREMENT=7 DEFAULT CHARSET=utf8;

/*Data for the table `user_rolls` */

insert  into `user_rolls`(`id`,`en`,`kh`,`description`,`is_deleted`,`created_by`,`created_at`,`updated_by`,`updated_at`) values (1,'Supper User','','',0,NULL,NULL,1,'2015-06-12 08:23:28'),(2,'Administrator',NULL,NULL,0,NULL,NULL,NULL,NULL),(3,'HR Officer','','',0,NULL,NULL,11,'2015-04-30 14:02:59'),(4,'Normal User','Normal User','',0,NULL,NULL,11,'2015-04-30 13:49:52'),(5,'Manager',NULL,NULL,0,NULL,NULL,NULL,NULL),(6,'HR Officer_Branches','','',0,11,'2015-05-22 14:52:54',NULL,'2015-05-22 14:52:54');

/*Table structure for table `users` */

DROP TABLE IF EXISTS `users`;

CREATE TABLE `users` (
  `id` int(11) NOT NULL AUTO_INCREMENT,
  `employee_id` int(11) NOT NULL,
  `user_roll_id` smallint(6) NOT NULL,
  `user` varchar(50) NOT NULL,
  `password` varchar(100) NOT NULL,
  `remember_token` varchar(100) DEFAULT NULL,
  `active` tinyint(1) NOT NULL DEFAULT '1',
  `id_deleted` tinyint(1) NOT NULL DEFAULT '0',
  `created_by` int(11) DEFAULT NULL,
  `created_at` datetime DEFAULT NULL,
  `updated_by` int(11) DEFAULT NULL,
  `updated_at` datetime DEFAULT NULL,
  `is_deleted` tinyint(1) NOT NULL DEFAULT '0',
  PRIMARY KEY (`id`)
) ENGINE=InnoDB AUTO_INCREMENT=18 DEFAULT CHARSET=utf8;

/*Data for the table `users` */

insert  into `users`(`id`,`employee_id`,`user_roll_id`,`user`,`password`,`remember_token`,`active`,`id_deleted`,`created_by`,`created_at`,`updated_by`,`updated_at`,`is_deleted`) values (1,57,1,'thoeun','$2y$10$NXStbqelmts81x5Uh0jeuecE2BR3/n9qGESlj0S2f1mwe9drkqm8i','IWLHANJb5mWwjHFoZUO6j0aNFPCiBV5hYNgx5CAjyv9FFHuvN2dOD60AHUYu',1,0,NULL,NULL,1,'2015-07-04 04:04:00',0),(7,30,3,'reacheata.sreng','$2y$10$X6PLJjLAviRwg/1eU5wBz.kZJfOetS0Kmwg1AOksTSYOEg8d3ZRNC',NULL,1,0,1,'2015-02-27 09:22:32',NULL,'2015-02-27 09:22:32',0),(8,27,3,'viboth.ra','$2y$10$1v5GZGf2Za6TKsu0YsMmluldqri.5RevmEyaz5Fw68.xFhbNqVv9m','qJiu6qf5lQUVWASgXkfsLUMdAXzGQUvzrqfTmOgrBYQTwqfwEsZdIiF149d2',1,0,1,'2015-02-27 09:22:55',NULL,'2015-02-27 09:36:30',0),(10,46,3,'khon.khet','$2y$10$hs9vTgH2vPKZZ98A6LZG4usbkI0UwzUoeRIhMssJmh3RuZrS/ZZqW','oyCryXisYM2sGqesOg3CmhhaRoja2ORC7LWrucsleVeocmfTDpofgc33jSg8',1,0,1,'2015-03-05 20:47:58',1,'2015-04-30 13:58:25',0),(11,15,1,'vibol','$2y$10$UHggK739YPGp1nkWR8mwsuOsFb2n1LFDGJ3UGmPdycx8/w59juSHi','oSC6F4t6ciYtIYqChEEYShngVG24IHLCzBdPTD0AKcfpIxf3nVlHJwDJ3PdV',1,0,1,'2015-03-05 20:51:34',1,'2015-05-22 15:05:36',0),(12,45,1,'samoeun.pann','$2y$10$7GAlKHTmA1zx.JHSqf52pebx/cezjVcebSrWrPo4YDc8U74BfiGLS','bDMBsANjgCuVXehPeBy8MAUsInXqr5dAlyoa7wQvsv3Fpk1o1wP87QR7aMTI',1,0,1,'2015-03-25 16:23:47',12,'2015-03-31 21:33:51',0),(13,60,4,'chouthirith','$2y$10$r.UdkEICENoK4ABi5jt48OD2PuGMwOODp35wJe5hpvgO5I8utMnla','J3HLE752zUyBFpd1ZaksA3pkB5ihjBMo2NQWk2dgsoGxJTK9jbK3APBYRozs',1,0,11,'2015-04-30 13:37:39',NULL,'2015-05-01 18:49:56',0),(14,59,4,'nhoungvuthy','$2y$10$Ai.Jogxu9ofwevQiVurPUuM8UcOAM0QLf2fBzc/P/I4DbL6azN.Sm','IYvQTOMmimS5S8IOlKYRCXc01c94MJ2rrRb6XOE20AeuBh9aO1wwVzpOMaA8',1,0,11,'2015-04-30 14:25:26',NULL,'2015-04-30 14:36:55',0),(15,107,3,'sangsa','$2y$10$eW1bKxnluAUPVIf9wXoQqOGmAzISPxDr5Rl7mudl02NekL2F6hDSq','rT5dE4v7nSS4PX7N1G27mooZEQPEVvLfpR7BK7tbcnXvXK4L6tR3HLGaZZcB',1,0,11,'2015-05-09 13:27:36',NULL,'2015-06-06 13:44:54',0),(16,107,6,'sangsa_branches','$2y$10$eW1bKxnluAUPVIf9wXoQqOGmAzISPxDr5Rl7mudl02NekL2F6hDSq','ej2yrmMHuKLfk38e8Qgj61t5EehFBaBtXgWKmQBNWwRwdq43VtNycVcX1hS2',1,0,11,'2015-05-09 13:27:36',NULL,'2015-06-06 13:40:11',0),(17,92,1,'ravy','$2y$10$YhJgmXVz/0PInJpFJs9Rv.JhDYHlgv6CNVOyFznSZ.xqiUikudHIG',NULL,1,0,1,'2015-07-04 04:03:39',NULL,'2015-07-04 04:03:39',0);

/*Table structure for table `validations` */

DROP TABLE IF EXISTS `validations`;

CREATE TABLE `validations` (
  `id` int(11) NOT NULL AUTO_INCREMENT,
  `employee_id` int(11) NOT NULL,
  `validator_id` int(11) NOT NULL,
  `order` tinyint(4) NOT NULL,
  `is_deleted` tinyint(1) NOT NULL DEFAULT '0',
  `created_by` int(11) DEFAULT NULL,
  `created_at` datetime DEFAULT NULL,
  `updated_by` int(11) DEFAULT NULL,
  `updated_at` datetime DEFAULT NULL,
  PRIMARY KEY (`id`)
) ENGINE=InnoDB AUTO_INCREMENT=685 DEFAULT CHARSET=utf8;

/*Data for the table `validations` */

insert  into `validations`(`id`,`employee_id`,`validator_id`,`order`,`is_deleted`,`created_by`,`created_at`,`updated_by`,`updated_at`) values (1,1,13,1,0,NULL,NULL,1,'2015-01-26 08:37:15'),(2,1,3,2,1,NULL,NULL,1,'2015-01-26 08:42:55'),(3,1,5,2,1,1,'2015-01-26 08:13:45',1,'2015-01-26 08:38:26'),(4,1,5,4,1,1,'2015-01-26 08:13:54',1,'2015-01-26 08:38:21'),(5,1,1,5,1,1,'2015-01-26 08:14:14',1,'2015-01-26 08:38:11'),(6,1,1,4,1,1,'2015-01-26 08:14:26',1,'2015-01-26 08:38:16'),(7,1,12,3,1,1,'2015-01-26 08:40:53',1,'2015-01-26 08:41:50'),(8,1,12,3,1,1,'2015-01-26 08:41:58',1,'2015-01-26 08:42:50'),(9,1,3,2,1,1,'2015-01-26 08:46:07',1,'2015-01-26 08:46:11'),(10,1,3,2,0,1,'2015-01-26 08:46:20',NULL,'2015-01-26 08:46:20'),(11,5,1,1,1,1,'2015-01-26 08:52:12',1,'2015-01-26 08:52:18'),(12,5,1,1,0,1,'2015-01-26 08:52:25',NULL,'2015-01-26 08:52:25'),(13,5,5,2,0,1,'2015-01-26 08:52:30',NULL,'2015-01-26 08:52:30'),(14,74,18,1,0,1,'2015-03-07 07:58:16',NULL,'2015-03-07 07:58:16'),(15,74,16,2,0,1,'2015-03-07 07:58:31',NULL,'2015-03-07 07:58:31'),(16,59,57,1,1,1,'2015-03-16 06:39:33',11,'2015-05-01 22:02:14'),(17,57,57,1,1,1,'2015-03-17 00:50:01',1,'2015-05-20 14:23:28'),(18,59,16,1,1,11,'2015-05-01 21:55:33',11,'2015-05-20 14:30:56'),(19,107,15,1,0,11,'2015-05-09 13:18:23',NULL,'2015-05-09 13:18:23'),(20,57,45,1,1,1,'2015-05-20 14:23:41',15,'2015-05-20 15:37:51'),(21,57,19,2,1,1,'2015-05-20 14:24:13',1,'2015-05-20 14:24:36'),(22,59,16,1,0,11,'2015-05-20 14:31:11',NULL,'2015-05-20 14:31:11'),(23,59,20,2,0,11,'2015-05-20 14:31:44',NULL,'2015-05-20 14:31:44'),(24,59,17,3,0,11,'2015-05-20 14:32:14',NULL,'2015-05-20 14:32:14'),(25,16,17,1,0,11,'2015-05-20 14:34:53',NULL,'2015-05-20 14:34:53'),(26,16,20,2,0,11,'2015-05-20 14:35:04',NULL,'2015-05-20 14:35:04'),(27,30,15,1,0,11,'2015-05-20 14:39:00',NULL,'2015-05-20 14:39:00'),(28,30,20,2,0,11,'2015-05-20 14:39:07',NULL,'2015-05-20 14:39:07'),(29,30,17,3,0,11,'2015-05-20 14:39:18',NULL,'2015-05-20 14:39:18'),(30,107,20,2,1,11,'2015-05-20 14:39:51',11,'2015-06-05 19:12:43'),(31,107,17,3,1,11,'2015-05-20 14:40:01',11,'2015-06-05 19:12:46'),(32,24,17,1,0,15,'2015-05-20 15:05:27',NULL,'2015-05-20 15:05:27'),(33,24,20,2,0,15,'2015-05-20 15:05:49',NULL,'2015-05-20 15:05:49'),(34,65,16,1,0,15,'2015-05-20 15:08:30',NULL,'2015-05-20 15:08:30'),(35,65,20,2,0,15,'2015-05-20 15:18:18',NULL,'2015-05-20 15:18:18'),(36,65,17,3,0,15,'2015-05-20 15:18:30',NULL,'2015-05-20 15:18:30'),(37,19,17,1,0,15,'2015-05-20 15:19:17',NULL,'2015-05-20 15:19:17'),(38,19,20,2,0,15,'2015-05-20 15:19:28',NULL,'2015-05-20 15:19:28'),(39,108,19,1,0,15,'2015-05-20 15:20:09',NULL,'2015-05-20 15:20:09'),(40,108,20,2,0,15,'2015-05-20 15:20:22',NULL,'2015-05-20 15:20:22'),(41,108,17,3,0,15,'2015-05-20 15:20:39',NULL,'2015-05-20 15:20:39'),(42,56,19,1,0,15,'2015-05-20 15:21:08',NULL,'2015-05-20 15:21:08'),(43,56,20,2,0,15,'2015-05-20 15:21:16',NULL,'2015-05-20 15:21:16'),(44,56,17,3,0,15,'2015-05-20 15:21:29',NULL,'2015-05-20 15:21:29'),(45,35,19,1,0,15,'2015-05-20 15:22:00',NULL,'2015-05-20 15:22:00'),(46,35,20,2,0,15,'2015-05-20 15:22:14',NULL,'2015-05-20 15:22:14'),(47,35,17,3,0,15,'2015-05-20 15:22:25',NULL,'2015-05-20 15:22:25'),(48,29,19,1,0,15,'2015-05-20 15:23:02',NULL,'2015-05-20 15:23:02'),(49,29,20,2,0,15,'2015-05-20 15:23:25',NULL,'2015-05-20 15:23:25'),(50,29,17,3,0,15,'2015-05-20 15:23:35',NULL,'2015-05-20 15:23:35'),(51,26,19,1,0,15,'2015-05-20 15:24:01',NULL,'2015-05-20 15:24:01'),(52,26,20,2,0,15,'2015-05-20 15:24:12',NULL,'2015-05-20 15:24:12'),(53,26,17,3,0,15,'2015-05-20 15:24:22',NULL,'2015-05-20 15:24:22'),(54,48,19,1,0,15,'2015-05-20 15:24:52',NULL,'2015-05-20 15:24:52'),(55,48,20,2,0,15,'2015-05-20 15:25:01',NULL,'2015-05-20 15:25:01'),(56,48,17,3,0,15,'2015-05-20 15:25:13',NULL,'2015-05-20 15:25:13'),(57,47,19,1,0,15,'2015-05-20 15:25:35',NULL,'2015-05-20 15:25:35'),(58,47,20,2,0,15,'2015-05-20 15:25:44',NULL,'2015-05-20 15:25:44'),(59,47,17,3,0,15,'2015-05-20 15:25:55',NULL,'2015-05-20 15:25:55'),(60,40,19,1,0,15,'2015-05-20 15:26:19',NULL,'2015-05-20 15:26:19'),(61,40,20,2,0,15,'2015-05-20 15:26:29',NULL,'2015-05-20 15:26:29'),(62,40,17,3,0,15,'2015-05-20 15:26:36',NULL,'2015-05-20 15:26:36'),(63,20,17,1,0,15,'2015-05-20 15:27:29',NULL,'2015-05-20 15:27:29'),(64,15,20,1,0,15,'2015-05-20 15:28:06',NULL,'2015-05-20 15:28:06'),(65,15,17,2,0,15,'2015-05-20 15:28:15',NULL,'2015-05-20 15:28:15'),(66,43,15,1,0,15,'2015-05-20 15:29:19',NULL,'2015-05-20 15:29:19'),(67,43,20,2,0,15,'2015-05-20 15:29:29',NULL,'2015-05-20 15:29:29'),(68,43,17,3,0,15,'2015-05-20 15:29:38',NULL,'2015-05-20 15:29:38'),(69,27,15,1,0,15,'2015-05-20 15:30:11',NULL,'2015-05-20 15:30:11'),(70,27,20,2,0,15,'2015-05-20 15:30:20',NULL,'2015-05-20 15:30:20'),(71,27,17,3,0,15,'2015-05-20 15:30:29',NULL,'2015-05-20 15:30:29'),(72,32,15,1,0,15,'2015-05-20 15:31:08',NULL,'2015-05-20 15:31:08'),(73,32,20,2,0,15,'2015-05-20 15:31:20',NULL,'2015-05-20 15:31:20'),(74,32,17,3,0,15,'2015-05-20 15:31:29',NULL,'2015-05-20 15:31:29'),(75,21,17,1,0,15,'2015-05-20 15:32:12',NULL,'2015-05-20 15:32:12'),(76,21,20,2,0,15,'2015-05-20 15:32:33',NULL,'2015-05-20 15:32:33'),(77,25,21,1,0,15,'2015-05-20 15:33:40',NULL,'2015-05-20 15:33:40'),(78,25,20,2,0,15,'2015-05-20 15:33:50',NULL,'2015-05-20 15:33:50'),(79,25,17,3,0,15,'2015-05-20 15:33:58',NULL,'2015-05-20 15:33:58'),(80,34,21,1,0,15,'2015-05-20 15:34:32',NULL,'2015-05-20 15:34:32'),(81,34,20,2,0,15,'2015-05-20 15:34:40',NULL,'2015-05-20 15:34:40'),(82,34,17,3,0,15,'2015-05-20 15:34:48',NULL,'2015-05-20 15:34:48'),(83,54,21,1,0,15,'2015-05-20 15:35:25',NULL,'2015-05-20 15:35:25'),(84,54,20,2,0,15,'2015-05-20 15:35:33',NULL,'2015-05-20 15:35:33'),(85,54,17,3,0,15,'2015-05-20 15:35:40',NULL,'2015-05-20 15:35:40'),(86,28,21,1,0,15,'2015-05-20 15:36:10',NULL,'2015-05-20 15:36:10'),(87,28,20,2,0,15,'2015-05-20 15:36:18',NULL,'2015-05-20 15:36:18'),(88,28,17,3,0,15,'2015-05-20 15:36:28',NULL,'2015-05-20 15:36:28'),(89,45,17,1,0,15,'2015-05-20 15:37:09',NULL,'2015-05-20 15:37:09'),(90,45,20,2,0,15,'2015-05-20 15:37:18',NULL,'2015-05-20 15:37:18'),(91,57,45,1,0,15,'2015-05-20 15:38:15',NULL,'2015-05-20 15:38:15'),(92,57,20,2,0,15,'2015-05-20 15:38:22',NULL,'2015-05-20 15:38:22'),(93,57,17,3,0,15,'2015-05-20 15:38:31',NULL,'2015-05-20 15:38:31'),(94,39,17,1,0,15,'2015-05-20 15:42:45',NULL,'2015-05-20 15:42:45'),(95,39,20,2,0,15,'2015-05-20 15:43:02',NULL,'2015-05-20 15:43:02'),(96,62,39,1,0,15,'2015-05-20 15:43:38',NULL,'2015-05-20 15:43:38'),(97,62,20,2,0,15,'2015-05-20 15:43:46',NULL,'2015-05-20 15:43:46'),(98,62,17,3,0,15,'2015-05-20 15:43:53',NULL,'2015-05-20 15:43:53'),(99,55,39,1,0,15,'2015-05-20 15:44:25',NULL,'2015-05-20 15:44:25'),(100,55,20,2,0,15,'2015-05-20 15:44:31',NULL,'2015-05-20 15:44:31'),(101,55,17,3,0,15,'2015-05-20 15:44:45',NULL,'2015-05-20 15:44:45'),(102,33,17,1,0,15,'2015-05-20 15:45:40',NULL,'2015-05-20 15:45:40'),(103,33,20,2,0,15,'2015-05-20 15:45:51',NULL,'2015-05-20 15:45:51'),(104,22,17,2,1,15,'2015-05-20 15:46:19',15,'2015-05-20 15:46:26'),(105,22,17,1,0,15,'2015-05-20 15:46:43',NULL,'2015-05-20 15:46:43'),(106,22,20,2,0,15,'2015-05-20 15:46:50',NULL,'2015-05-20 15:46:50'),(107,67,17,1,0,15,'2015-05-20 15:51:15',NULL,'2015-05-20 15:51:15'),(108,67,20,2,0,15,'2015-05-20 15:51:23',NULL,'2015-05-20 15:51:23'),(109,31,17,1,0,15,'2015-05-20 16:18:34',NULL,'2015-05-20 16:18:34'),(110,31,20,2,0,15,'2015-05-20 16:18:43',NULL,'2015-05-20 16:18:43'),(111,52,31,1,0,15,'2015-05-20 16:19:31',NULL,'2015-05-20 16:19:31'),(112,52,20,2,0,15,'2015-05-20 16:19:48',NULL,'2015-05-20 16:19:48'),(113,52,17,3,0,15,'2015-05-20 16:20:00',NULL,'2015-05-20 16:20:00'),(114,51,31,1,0,15,'2015-05-20 16:20:38',NULL,'2015-05-20 16:20:38'),(115,51,20,2,0,15,'2015-05-20 16:20:45',NULL,'2015-05-20 16:20:45'),(116,51,17,3,0,15,'2015-05-20 16:20:52',NULL,'2015-05-20 16:20:52'),(117,50,31,1,0,15,'2015-05-20 16:21:17',NULL,'2015-05-20 16:21:17'),(118,50,20,2,0,15,'2015-05-20 16:21:24',NULL,'2015-05-20 16:21:24'),(119,50,17,3,0,15,'2015-05-20 16:21:33',NULL,'2015-05-20 16:21:33'),(120,49,31,1,0,15,'2015-05-20 16:22:06',NULL,'2015-05-20 16:22:06'),(121,49,20,2,0,15,'2015-05-20 16:22:14',NULL,'2015-05-20 16:22:14'),(122,49,17,3,0,15,'2015-05-20 16:22:24',NULL,'2015-05-20 16:22:24'),(123,63,31,1,0,15,'2015-05-20 16:22:47',NULL,'2015-05-20 16:22:47'),(124,63,20,2,0,15,'2015-05-20 16:22:56',NULL,'2015-05-20 16:22:56'),(125,63,17,3,0,15,'2015-05-20 16:23:04',NULL,'2015-05-20 16:23:04'),(126,109,17,1,0,15,'2015-05-22 14:44:58',NULL,'2015-05-22 14:44:58'),(127,110,109,1,0,16,'2015-05-22 15:22:51',NULL,'2015-05-22 15:22:51'),(128,111,109,1,0,16,'2015-05-22 15:44:09',NULL,'2015-05-22 15:44:09'),(129,112,111,1,0,16,'2015-05-22 15:52:24',NULL,'2015-05-22 15:52:24'),(130,112,109,2,0,16,'2015-05-22 15:52:30',NULL,'2015-05-22 15:52:30'),(131,113,109,1,0,16,'2015-05-22 15:58:38',NULL,'2015-05-22 15:58:38'),(132,114,109,1,0,16,'2015-05-22 16:04:35',NULL,'2015-05-22 16:04:35'),(133,115,109,1,0,16,'2015-05-22 16:09:06',NULL,'2015-05-22 16:09:06'),(134,116,109,1,0,16,'2015-05-22 16:22:21',NULL,'2015-05-22 16:22:21'),(135,117,109,1,0,16,'2015-05-22 16:28:42',NULL,'2015-05-22 16:28:42'),(136,118,109,1,0,16,'2015-05-22 16:34:37',NULL,'2015-05-22 16:34:37'),(137,120,109,1,0,16,'2015-05-22 16:45:47',NULL,'2015-05-22 16:45:47'),(138,121,109,1,0,16,'2015-05-22 16:49:35',NULL,'2015-05-22 16:49:35'),(139,122,109,1,0,16,'2015-05-22 17:59:19',NULL,'2015-05-22 17:59:19'),(140,124,124,1,1,16,'2015-05-22 18:29:56',16,'2015-05-22 18:59:56'),(141,125,124,1,1,16,'2015-05-22 18:35:18',16,'2015-05-22 18:35:26'),(142,125,123,1,0,16,'2015-05-22 18:35:33',NULL,'2015-05-22 18:35:33'),(143,127,126,1,0,16,'2015-05-22 18:43:37',NULL,'2015-05-22 18:43:37'),(144,127,123,2,0,16,'2015-05-22 18:43:46',NULL,'2015-05-22 18:43:46'),(145,126,123,1,0,16,'2015-05-22 18:59:30',NULL,'2015-05-22 18:59:30'),(146,124,123,1,0,16,'2015-05-22 19:00:03',NULL,'2015-05-22 19:00:03'),(147,128,126,1,0,16,'2015-05-22 19:04:12',NULL,'2015-05-22 19:04:12'),(148,128,123,2,0,16,'2015-05-22 19:04:17',NULL,'2015-05-22 19:04:17'),(149,129,126,1,0,16,'2015-05-22 19:07:19',NULL,'2015-05-22 19:07:19'),(150,129,123,2,0,16,'2015-05-22 19:07:26',NULL,'2015-05-22 19:07:26'),(151,130,126,1,0,16,'2015-05-22 19:12:51',NULL,'2015-05-22 19:12:51'),(152,130,123,2,0,16,'2015-05-22 19:12:57',NULL,'2015-05-22 19:12:57'),(153,131,126,1,0,16,'2015-05-22 19:16:06',NULL,'2015-05-22 19:16:06'),(154,131,123,2,0,16,'2015-05-22 19:16:13',NULL,'2015-05-22 19:16:13'),(155,132,126,1,0,16,'2015-05-22 19:20:51',NULL,'2015-05-22 19:20:51'),(156,132,123,2,0,16,'2015-05-22 19:20:59',NULL,'2015-05-22 19:20:59'),(157,133,126,1,0,16,'2015-05-22 19:25:20',NULL,'2015-05-22 19:25:20'),(158,133,123,2,0,16,'2015-05-22 19:25:25',NULL,'2015-05-22 19:25:25'),(159,134,126,1,0,16,'2015-05-22 19:29:25',NULL,'2015-05-22 19:29:25'),(160,134,123,2,0,16,'2015-05-22 19:29:30',NULL,'2015-05-22 19:29:30'),(161,135,126,1,0,16,'2015-05-22 19:31:03',NULL,'2015-05-22 19:31:03'),(162,135,123,2,0,16,'2015-05-22 19:31:09',NULL,'2015-05-22 19:31:09'),(163,136,126,1,0,16,'2015-05-22 19:33:48',NULL,'2015-05-22 19:33:48'),(164,136,123,2,0,16,'2015-05-22 19:33:56',NULL,'2015-05-22 19:33:56'),(165,137,126,1,0,16,'2015-05-22 19:43:11',NULL,'2015-05-22 19:43:11'),(166,137,123,2,0,16,'2015-05-22 19:43:18',NULL,'2015-05-22 19:43:18'),(167,138,126,1,0,16,'2015-05-22 19:43:53',NULL,'2015-05-22 19:43:53'),(168,138,123,2,0,16,'2015-05-22 19:44:01',NULL,'2015-05-22 19:44:01'),(169,119,123,1,0,16,'2015-05-22 19:48:00',NULL,'2015-05-22 19:48:00'),(170,209,207,1,0,16,'2015-05-28 18:43:31',NULL,'2015-05-28 18:43:31'),(171,210,207,1,0,16,'2015-05-28 18:46:38',NULL,'2015-05-28 18:46:38'),(172,212,207,1,0,16,'2015-05-28 18:56:23',NULL,'2015-05-28 18:56:23'),(173,213,207,1,0,16,'2015-05-28 19:01:31',NULL,'2015-05-28 19:01:31'),(174,214,207,1,0,16,'2015-05-28 19:10:51',NULL,'2015-05-28 19:10:51'),(175,218,207,1,0,16,'2015-05-28 19:54:26',NULL,'2015-05-28 19:54:26'),(176,219,207,1,0,16,'2015-05-28 19:57:31',NULL,'2015-05-28 19:57:31'),(177,220,207,1,0,16,'2015-05-28 20:00:09',NULL,'2015-05-28 20:00:09'),(178,221,207,1,0,16,'2015-05-28 20:03:27',NULL,'2015-05-28 20:03:27'),(179,222,207,1,0,16,'2015-05-28 20:08:44',NULL,'2015-05-28 20:08:44'),(180,223,207,1,0,16,'2015-05-28 20:11:07',NULL,'2015-05-28 20:11:07'),(181,224,207,1,0,16,'2015-05-28 20:13:04',NULL,'2015-05-28 20:13:04'),(182,225,207,1,0,16,'2015-05-28 20:20:02',NULL,'2015-05-28 20:20:02'),(183,226,207,1,0,16,'2015-05-28 20:22:53',NULL,'2015-05-28 20:22:53'),(184,227,207,1,0,16,'2015-05-28 20:28:15',NULL,'2015-05-28 20:28:15'),(185,228,207,1,0,16,'2015-05-28 20:32:43',NULL,'2015-05-28 20:32:43'),(186,181,139,1,0,16,'2015-05-29 18:46:41',NULL,'2015-05-29 18:46:41'),(187,180,139,1,0,16,'2015-05-29 18:46:57',NULL,'2015-05-29 18:46:57'),(188,179,139,1,0,16,'2015-05-29 18:47:13',NULL,'2015-05-29 18:47:13'),(189,177,139,1,0,16,'2015-05-29 18:47:39',NULL,'2015-05-29 18:47:39'),(190,177,139,1,0,16,'2015-05-29 18:48:01',NULL,'2015-05-29 18:48:01'),(191,176,139,1,0,16,'2015-05-29 18:48:23',NULL,'2015-05-29 18:48:23'),(192,176,139,1,1,16,'2015-05-29 18:49:02',16,'2015-05-29 18:49:07'),(193,175,139,1,0,16,'2015-05-29 18:49:24',NULL,'2015-05-29 18:49:24'),(194,174,139,1,0,16,'2015-05-29 18:49:48',NULL,'2015-05-29 18:49:48'),(195,173,139,1,0,16,'2015-05-29 18:50:37',NULL,'2015-05-29 18:50:37'),(196,172,139,1,0,16,'2015-05-29 18:51:00',NULL,'2015-05-29 18:51:00'),(197,173,139,1,1,16,'2015-05-29 18:51:57',16,'2015-05-29 18:52:03'),(198,171,139,1,0,16,'2015-05-29 18:52:56',NULL,'2015-05-29 18:52:56'),(199,170,139,1,0,16,'2015-05-29 18:53:09',NULL,'2015-05-29 18:53:09'),(200,169,139,1,0,16,'2015-05-29 18:53:29',NULL,'2015-05-29 18:53:29'),(201,168,139,1,0,16,'2015-05-29 18:55:44',NULL,'2015-05-29 18:55:44'),(202,167,139,1,0,16,'2015-05-29 18:55:57',NULL,'2015-05-29 18:55:57'),(203,166,139,1,0,16,'2015-05-29 18:58:36',NULL,'2015-05-29 18:58:36'),(204,165,139,1,0,16,'2015-05-29 18:58:48',NULL,'2015-05-29 18:58:48'),(205,162,139,1,0,16,'2015-05-29 18:59:16',NULL,'2015-05-29 18:59:16'),(206,161,139,1,0,16,'2015-05-29 18:59:32',NULL,'2015-05-29 18:59:32'),(207,159,139,1,0,16,'2015-05-29 18:59:48',NULL,'2015-05-29 18:59:48'),(208,160,139,1,0,16,'2015-05-29 19:00:13',NULL,'2015-05-29 19:00:13'),(209,158,139,1,0,16,'2015-05-29 19:00:35',NULL,'2015-05-29 19:00:35'),(210,157,139,1,0,16,'2015-05-29 19:00:56',NULL,'2015-05-29 19:00:56'),(211,156,139,1,0,16,'2015-05-29 19:01:14',NULL,'2015-05-29 19:01:14'),(212,155,139,1,0,16,'2015-05-29 19:01:34',NULL,'2015-05-29 19:01:34'),(213,154,139,1,0,16,'2015-05-29 19:01:51',NULL,'2015-05-29 19:01:51'),(214,153,139,1,0,16,'2015-05-29 19:02:06',NULL,'2015-05-29 19:02:06'),(215,152,139,1,0,16,'2015-05-29 19:02:23',NULL,'2015-05-29 19:02:23'),(216,151,139,1,0,16,'2015-05-29 19:02:46',NULL,'2015-05-29 19:02:46'),(217,150,139,1,0,16,'2015-05-29 19:03:17',NULL,'2015-05-29 19:03:17'),(218,149,139,1,0,16,'2015-05-29 19:03:39',NULL,'2015-05-29 19:03:39'),(219,148,139,1,0,16,'2015-05-29 19:04:05',NULL,'2015-05-29 19:04:05'),(220,147,139,1,0,16,'2015-05-29 19:04:21',NULL,'2015-05-29 19:04:21'),(221,146,139,1,0,16,'2015-05-29 19:04:40',NULL,'2015-05-29 19:04:40'),(222,145,139,1,0,16,'2015-05-29 19:04:58',NULL,'2015-05-29 19:04:58'),(223,144,139,1,0,16,'2015-05-29 19:05:22',NULL,'2015-05-29 19:05:22'),(224,143,139,1,0,16,'2015-05-29 19:05:37',NULL,'2015-05-29 19:05:37'),(225,142,139,1,0,16,'2015-05-29 19:05:52',NULL,'2015-05-29 19:05:52'),(226,141,139,1,0,16,'2015-05-29 19:06:09',NULL,'2015-05-29 19:06:09'),(227,140,139,1,0,16,'2015-05-29 19:06:22',NULL,'2015-05-29 19:06:22'),(228,139,139,1,0,16,'2015-05-29 19:06:38',NULL,'2015-05-29 19:06:38'),(229,184,183,1,0,16,'2015-05-29 19:09:57',NULL,'2015-05-29 19:09:57'),(230,185,183,1,0,16,'2015-05-29 19:10:21',NULL,'2015-05-29 19:10:21'),(231,206,183,1,0,16,'2015-05-29 19:11:08',NULL,'2015-05-29 19:11:08'),(232,205,183,1,0,16,'2015-05-29 19:11:22',NULL,'2015-05-29 19:11:22'),(233,204,183,1,0,16,'2015-05-29 19:11:42',NULL,'2015-05-29 19:11:42'),(234,203,183,1,0,16,'2015-05-29 19:12:01',NULL,'2015-05-29 19:12:01'),(235,202,183,1,0,16,'2015-05-29 19:12:54',NULL,'2015-05-29 19:12:54'),(236,201,183,1,0,16,'2015-05-29 19:13:07',NULL,'2015-05-29 19:13:07'),(237,200,183,1,0,16,'2015-05-29 19:13:30',NULL,'2015-05-29 19:13:30'),(238,199,183,1,0,16,'2015-05-29 19:14:06',NULL,'2015-05-29 19:14:06'),(239,198,183,1,0,16,'2015-05-29 19:14:21',NULL,'2015-05-29 19:14:21'),(240,197,183,1,0,16,'2015-05-29 19:14:39',NULL,'2015-05-29 19:14:39'),(241,196,183,1,0,16,'2015-05-29 19:14:56',NULL,'2015-05-29 19:14:56'),(242,193,183,1,0,16,'2015-05-29 19:15:21',NULL,'2015-05-29 19:15:21'),(243,192,183,1,0,16,'2015-05-29 19:15:38',NULL,'2015-05-29 19:15:38'),(244,191,183,1,0,16,'2015-05-29 19:15:55',NULL,'2015-05-29 19:15:55'),(245,189,183,1,0,16,'2015-05-29 19:16:31',NULL,'2015-05-29 19:16:31'),(246,188,183,1,0,16,'2015-05-29 19:16:46',NULL,'2015-05-29 19:16:46'),(247,187,183,1,0,16,'2015-05-29 19:22:46',NULL,'2015-05-29 19:22:46'),(248,186,183,1,0,16,'2015-05-29 19:23:03',NULL,'2015-05-29 19:23:03'),(249,208,207,1,0,16,'2015-05-29 19:23:40',NULL,'2015-05-29 19:23:40'),(250,211,207,1,0,16,'2015-05-29 19:23:56',NULL,'2015-05-29 19:23:56'),(251,215,207,1,0,16,'2015-05-29 19:24:13',NULL,'2015-05-29 19:24:13'),(252,216,207,1,0,16,'2015-05-29 19:24:28',NULL,'2015-05-29 19:24:28'),(253,217,207,1,0,16,'2015-05-29 19:25:01',NULL,'2015-05-29 19:25:01'),(254,229,207,1,0,16,'2015-05-29 19:29:28',NULL,'2015-05-29 19:29:28'),(255,230,207,1,0,16,'2015-05-29 19:44:35',NULL,'2015-05-29 19:44:35'),(256,231,207,1,0,16,'2015-05-29 19:49:02',NULL,'2015-05-29 19:49:02'),(257,233,207,1,0,16,'2015-05-29 20:41:56',NULL,'2015-05-29 20:41:56'),(258,235,207,1,0,16,'2015-05-30 15:19:44',NULL,'2015-05-30 15:19:44'),(259,236,207,1,0,16,'2015-06-01 14:12:33',NULL,'2015-06-01 14:12:33'),(260,237,207,1,0,16,'2015-06-01 14:18:46',NULL,'2015-06-01 14:18:46'),(261,238,207,1,0,16,'2015-06-01 14:24:13',NULL,'2015-06-01 14:24:13'),(262,239,207,1,0,16,'2015-06-01 14:35:20',NULL,'2015-06-01 14:35:20'),(263,240,207,1,0,16,'2015-06-01 14:40:48',NULL,'2015-06-01 14:40:48'),(264,241,207,1,0,16,'2015-06-01 14:45:10',NULL,'2015-06-01 14:45:10'),(265,242,207,1,0,16,'2015-06-01 14:50:26',NULL,'2015-06-01 14:50:26'),(266,243,207,1,0,16,'2015-06-01 14:55:09',NULL,'2015-06-01 14:55:09'),(267,244,207,1,0,16,'2015-06-01 15:01:46',NULL,'2015-06-01 15:01:46'),(268,245,207,1,0,16,'2015-06-01 15:13:10',NULL,'2015-06-01 15:13:10'),(269,246,207,1,0,16,'2015-06-01 15:18:21',NULL,'2015-06-01 15:18:21'),(270,248,207,1,0,16,'2015-06-01 15:31:18',NULL,'2015-06-01 15:31:18'),(271,249,207,1,0,16,'2015-06-01 15:34:07',NULL,'2015-06-01 15:34:07'),(272,250,207,1,0,16,'2015-06-01 15:37:54',NULL,'2015-06-01 15:37:54'),(273,251,207,1,0,16,'2015-06-01 15:41:41',NULL,'2015-06-01 15:41:41'),(274,252,207,1,0,16,'2015-06-01 15:46:10',NULL,'2015-06-01 15:46:10'),(275,253,207,1,0,16,'2015-06-01 15:54:30',NULL,'2015-06-01 15:54:30'),(276,254,207,1,0,16,'2015-06-01 16:22:02',NULL,'2015-06-01 16:22:02'),(277,255,207,1,0,16,'2015-06-01 16:27:40',NULL,'2015-06-01 16:27:40'),(278,256,207,1,0,16,'2015-06-01 16:30:58',NULL,'2015-06-01 16:30:58'),(279,257,207,1,0,16,'2015-06-01 16:35:49',NULL,'2015-06-01 16:35:49'),(280,258,207,1,0,16,'2015-06-01 18:00:05',NULL,'2015-06-01 18:00:05'),(281,259,207,1,0,16,'2015-06-01 18:04:08',NULL,'2015-06-01 18:04:08'),(282,260,207,1,0,16,'2015-06-01 18:06:48',NULL,'2015-06-01 18:06:48'),(283,261,207,1,0,16,'2015-06-01 20:02:45',NULL,'2015-06-01 20:02:45'),(284,262,207,1,0,16,'2015-06-01 20:05:20',NULL,'2015-06-01 20:05:20'),(285,263,207,1,0,16,'2015-06-01 20:07:50',NULL,'2015-06-01 20:07:50'),(286,264,207,1,0,16,'2015-06-01 20:09:50',NULL,'2015-06-01 20:09:50'),(287,265,207,1,0,16,'2015-06-01 20:12:38',NULL,'2015-06-01 20:12:38'),(288,266,207,1,0,16,'2015-06-01 20:16:21',NULL,'2015-06-01 20:16:21'),(289,267,207,1,0,16,'2015-06-01 20:20:52',NULL,'2015-06-01 20:20:52'),(290,268,207,1,0,16,'2015-06-01 20:23:08',NULL,'2015-06-01 20:23:08'),(291,269,207,1,0,16,'2015-06-01 20:26:06',NULL,'2015-06-01 20:26:06'),(292,270,207,1,0,16,'2015-06-01 20:28:43',NULL,'2015-06-01 20:28:43'),(293,271,207,1,0,16,'2015-06-01 20:31:24',NULL,'2015-06-01 20:31:24'),(294,272,207,1,0,16,'2015-06-01 20:34:39',NULL,'2015-06-01 20:34:39'),(295,273,207,1,0,16,'2015-06-01 20:39:32',NULL,'2015-06-01 20:39:32'),(296,274,207,1,0,16,'2015-06-01 20:49:31',NULL,'2015-06-01 20:49:31'),(297,275,207,1,0,16,'2015-06-01 20:52:01',NULL,'2015-06-01 20:52:01'),(298,276,207,1,0,16,'2015-06-01 20:54:22',NULL,'2015-06-01 20:54:22'),(299,277,207,1,0,16,'2015-06-01 20:56:45',NULL,'2015-06-01 20:56:45'),(300,278,207,1,0,16,'2015-06-01 21:02:33',NULL,'2015-06-01 21:02:33'),(301,279,207,1,0,16,'2015-06-01 21:04:31',NULL,'2015-06-01 21:04:31'),(302,280,207,1,0,16,'2015-06-01 21:07:18',NULL,'2015-06-01 21:07:18'),(303,281,207,1,0,16,'2015-06-01 21:09:43',NULL,'2015-06-01 21:09:43'),(304,282,207,1,0,16,'2015-06-01 21:12:56',NULL,'2015-06-01 21:12:56'),(305,283,207,1,0,16,'2015-06-01 21:16:09',NULL,'2015-06-01 21:16:09'),(306,284,207,1,0,16,'2015-06-01 21:19:09',NULL,'2015-06-01 21:19:09'),(307,285,207,1,0,16,'2015-06-01 21:24:41',NULL,'2015-06-01 21:24:41'),(308,286,207,1,0,16,'2015-06-01 21:28:20',NULL,'2015-06-01 21:28:20'),(309,287,207,1,0,16,'2015-06-01 21:33:19',NULL,'2015-06-01 21:33:19'),(310,288,207,1,0,16,'2015-06-01 21:36:18',NULL,'2015-06-01 21:36:18'),(311,289,207,1,0,16,'2015-06-01 21:42:31',NULL,'2015-06-01 21:42:31'),(312,290,207,1,0,16,'2015-06-01 21:45:14',NULL,'2015-06-01 21:45:14'),(313,291,207,1,0,16,'2015-06-01 21:52:20',NULL,'2015-06-01 21:52:20'),(314,292,207,1,0,16,'2015-06-02 13:40:17',NULL,'2015-06-02 13:40:17'),(315,293,207,1,0,16,'2015-06-02 13:43:51',NULL,'2015-06-02 13:43:51'),(316,294,207,1,0,16,'2015-06-02 13:50:31',NULL,'2015-06-02 13:50:31'),(317,295,207,1,0,16,'2015-06-02 13:55:48',NULL,'2015-06-02 13:55:48'),(318,296,207,1,0,16,'2015-06-02 13:59:37',NULL,'2015-06-02 13:59:37'),(319,297,207,1,0,16,'2015-06-02 14:12:16',NULL,'2015-06-02 14:12:16'),(320,298,207,1,0,16,'2015-06-02 14:20:32',NULL,'2015-06-02 14:20:32'),(321,299,207,1,0,16,'2015-06-02 14:26:23',NULL,'2015-06-02 14:26:23'),(322,300,207,1,0,16,'2015-06-02 14:29:29',NULL,'2015-06-02 14:29:29'),(323,302,207,1,0,16,'2015-06-02 14:40:24',NULL,'2015-06-02 14:40:24'),(324,303,207,1,0,16,'2015-06-02 14:45:09',NULL,'2015-06-02 14:45:09'),(325,304,186,1,1,16,'2015-06-02 14:51:36',16,'2015-06-02 14:51:48'),(326,304,207,1,0,16,'2015-06-02 14:52:02',NULL,'2015-06-02 14:52:02'),(327,305,207,1,0,16,'2015-06-02 14:58:21',NULL,'2015-06-02 14:58:21'),(328,306,207,1,0,16,'2015-06-02 16:07:02',NULL,'2015-06-02 16:07:02'),(329,307,207,1,0,16,'2015-06-02 16:12:51',NULL,'2015-06-02 16:12:51'),(330,308,207,1,0,16,'2015-06-02 16:14:52',NULL,'2015-06-02 16:14:52'),(331,309,207,1,0,16,'2015-06-02 16:19:14',NULL,'2015-06-02 16:19:14'),(332,310,207,1,0,16,'2015-06-02 16:29:50',NULL,'2015-06-02 16:29:50'),(333,311,207,1,0,16,'2015-06-02 17:58:48',NULL,'2015-06-02 17:58:48'),(334,312,207,1,0,16,'2015-06-02 18:02:05',NULL,'2015-06-02 18:02:05'),(335,313,207,1,0,16,'2015-06-02 18:07:05',NULL,'2015-06-02 18:07:05'),(336,314,207,1,0,16,'2015-06-02 18:11:10',NULL,'2015-06-02 18:11:10'),(337,315,207,1,0,16,'2015-06-02 18:18:21',NULL,'2015-06-02 18:18:21'),(338,316,207,1,0,16,'2015-06-02 18:30:43',NULL,'2015-06-02 18:30:43'),(339,317,207,1,0,16,'2015-06-02 18:38:20',NULL,'2015-06-02 18:38:20'),(340,318,207,1,0,16,'2015-06-02 18:45:50',NULL,'2015-06-02 18:45:50'),(341,319,207,1,0,16,'2015-06-02 18:48:12',NULL,'2015-06-02 18:48:12'),(342,320,207,1,0,16,'2015-06-02 18:52:29',NULL,'2015-06-02 18:52:29'),(343,321,207,1,0,16,'2015-06-02 18:56:44',NULL,'2015-06-02 18:56:44'),(344,322,207,1,0,16,'2015-06-02 18:59:30',NULL,'2015-06-02 18:59:30'),(345,323,207,1,0,16,'2015-06-02 19:04:01',NULL,'2015-06-02 19:04:01'),(346,324,207,1,0,16,'2015-06-02 19:06:52',NULL,'2015-06-02 19:06:52'),(347,325,207,1,0,16,'2015-06-02 19:10:52',NULL,'2015-06-02 19:10:52'),(348,326,207,1,0,16,'2015-06-02 19:12:59',NULL,'2015-06-02 19:12:59'),(349,327,207,1,0,16,'2015-06-02 19:16:35',NULL,'2015-06-02 19:16:35'),(350,328,207,1,0,16,'2015-06-02 19:19:47',NULL,'2015-06-02 19:19:47'),(351,329,207,1,0,16,'2015-06-02 19:23:06',NULL,'2015-06-02 19:23:06'),(352,330,207,1,0,16,'2015-06-02 19:27:01',NULL,'2015-06-02 19:27:01'),(353,331,207,1,0,16,'2015-06-02 19:31:11',NULL,'2015-06-02 19:31:11'),(354,332,207,1,0,16,'2015-06-02 19:35:22',NULL,'2015-06-02 19:35:22'),(355,333,207,1,0,16,'2015-06-02 19:39:57',NULL,'2015-06-02 19:39:57'),(356,334,207,1,0,16,'2015-06-02 19:50:33',NULL,'2015-06-02 19:50:33'),(357,335,207,1,0,16,'2015-06-02 19:54:44',NULL,'2015-06-02 19:54:44'),(358,336,207,1,0,16,'2015-06-02 19:56:39',NULL,'2015-06-02 19:56:39'),(359,337,207,1,0,16,'2015-06-02 20:00:00',NULL,'2015-06-02 20:00:00'),(360,338,207,1,0,16,'2015-06-02 20:02:38',NULL,'2015-06-02 20:02:38'),(361,339,207,1,0,16,'2015-06-02 20:05:19',NULL,'2015-06-02 20:05:19'),(362,340,207,1,0,16,'2015-06-02 20:07:49',NULL,'2015-06-02 20:07:49'),(363,341,207,1,0,16,'2015-06-02 20:10:46',NULL,'2015-06-02 20:10:46'),(364,342,207,1,0,16,'2015-06-02 20:13:53',NULL,'2015-06-02 20:13:53'),(365,343,207,1,0,16,'2015-06-02 20:16:55',NULL,'2015-06-02 20:16:55'),(366,344,207,1,0,16,'2015-06-02 20:18:35',NULL,'2015-06-02 20:18:35'),(367,345,207,1,0,16,'2015-06-02 20:23:08',NULL,'2015-06-02 20:23:08'),(368,346,207,1,0,16,'2015-06-02 20:28:03',NULL,'2015-06-02 20:28:03'),(369,347,207,1,0,16,'2015-06-02 20:31:33',NULL,'2015-06-02 20:31:33'),(370,348,207,1,0,16,'2015-06-02 20:35:45',NULL,'2015-06-02 20:35:45'),(371,349,207,1,0,16,'2015-06-02 20:38:33',NULL,'2015-06-02 20:38:33'),(372,350,207,1,0,16,'2015-06-02 20:42:06',NULL,'2015-06-02 20:42:06'),(373,351,207,1,0,16,'2015-06-02 20:47:55',NULL,'2015-06-02 20:47:55'),(374,352,207,1,0,16,'2015-06-02 20:52:57',NULL,'2015-06-02 20:52:57'),(375,353,207,1,0,16,'2015-06-02 20:55:41',NULL,'2015-06-02 20:55:41'),(376,354,186,1,0,16,'2015-06-02 21:04:22',NULL,'2015-06-02 21:04:22'),(377,355,207,1,0,16,'2015-06-02 21:09:34',NULL,'2015-06-02 21:09:34'),(378,356,207,1,0,16,'2015-06-02 21:12:43',NULL,'2015-06-02 21:12:43'),(379,357,207,1,0,16,'2015-06-02 21:14:51',NULL,'2015-06-02 21:14:51'),(380,358,207,1,0,16,'2015-06-02 21:24:07',NULL,'2015-06-02 21:24:07'),(381,359,207,1,0,16,'2015-06-02 21:26:34',NULL,'2015-06-02 21:26:34'),(382,360,207,1,0,16,'2015-06-02 21:31:45',NULL,'2015-06-02 21:31:45'),(383,361,207,1,0,16,'2015-06-02 21:35:15',NULL,'2015-06-02 21:35:15'),(384,362,207,1,0,16,'2015-06-02 21:37:31',NULL,'2015-06-02 21:37:31'),(385,363,207,1,0,16,'2015-06-02 21:42:20',NULL,'2015-06-02 21:42:20'),(386,364,207,1,0,16,'2015-06-02 21:44:51',NULL,'2015-06-02 21:44:51'),(387,366,207,1,0,16,'2015-06-02 21:48:15',NULL,'2015-06-02 21:48:15'),(388,367,207,1,0,16,'2015-06-02 21:50:20',NULL,'2015-06-02 21:50:20'),(389,368,207,1,0,16,'2015-06-02 21:52:50',NULL,'2015-06-02 21:52:50'),(390,369,207,1,0,16,'2015-06-03 13:30:56',NULL,'2015-06-03 13:30:56'),(391,370,207,1,0,16,'2015-06-03 13:37:47',NULL,'2015-06-03 13:37:47'),(392,372,371,1,0,16,'2015-06-03 18:35:38',NULL,'2015-06-03 18:35:38'),(393,373,371,1,0,16,'2015-06-03 18:38:11',NULL,'2015-06-03 18:38:11'),(394,374,371,1,0,16,'2015-06-03 18:46:38',NULL,'2015-06-03 18:46:38'),(395,375,371,1,0,16,'2015-06-03 18:49:59',NULL,'2015-06-03 18:49:59'),(396,376,371,1,0,16,'2015-06-03 18:54:40',NULL,'2015-06-03 18:54:40'),(397,377,371,1,0,16,'2015-06-03 18:59:41',NULL,'2015-06-03 18:59:41'),(398,378,371,1,0,16,'2015-06-03 19:01:54',NULL,'2015-06-03 19:01:54'),(399,379,371,1,0,16,'2015-06-03 19:04:58',NULL,'2015-06-03 19:04:58'),(400,380,371,1,0,16,'2015-06-03 19:08:57',NULL,'2015-06-03 19:08:57'),(401,381,371,1,0,16,'2015-06-03 19:15:41',NULL,'2015-06-03 19:15:41'),(402,382,371,1,0,16,'2015-06-03 19:28:58',NULL,'2015-06-03 19:28:58'),(403,383,371,1,0,16,'2015-06-03 19:31:17',NULL,'2015-06-03 19:31:17'),(404,384,371,1,0,16,'2015-06-03 19:34:22',NULL,'2015-06-03 19:34:22'),(405,385,371,1,0,16,'2015-06-03 19:38:00',NULL,'2015-06-03 19:38:00'),(406,386,371,1,0,16,'2015-06-03 19:42:32',NULL,'2015-06-03 19:42:32'),(407,387,371,1,0,16,'2015-06-03 19:44:45',NULL,'2015-06-03 19:44:45'),(408,388,371,1,0,16,'2015-06-03 19:47:03',NULL,'2015-06-03 19:47:03'),(409,389,371,1,0,16,'2015-06-03 19:48:47',NULL,'2015-06-03 19:48:47'),(410,390,371,1,0,16,'2015-06-03 19:51:05',NULL,'2015-06-03 19:51:05'),(411,391,371,1,0,16,'2015-06-03 19:58:30',NULL,'2015-06-03 19:58:30'),(412,392,371,1,0,16,'2015-06-03 20:02:33',NULL,'2015-06-03 20:02:33'),(413,393,371,1,0,16,'2015-06-03 20:05:01',NULL,'2015-06-03 20:05:01'),(414,394,371,1,0,16,'2015-06-03 20:08:19',NULL,'2015-06-03 20:08:19'),(415,394,371,1,1,16,'2015-06-03 20:09:09',16,'2015-06-03 20:10:29'),(416,395,371,1,0,16,'2015-06-03 20:12:48',NULL,'2015-06-03 20:12:48'),(417,396,371,1,0,16,'2015-06-03 20:15:11',NULL,'2015-06-03 20:15:11'),(418,397,371,1,0,16,'2015-06-03 20:19:55',NULL,'2015-06-03 20:19:55'),(419,398,371,1,0,16,'2015-06-03 20:25:14',NULL,'2015-06-03 20:25:14'),(420,399,371,1,0,16,'2015-06-03 20:29:19',NULL,'2015-06-03 20:29:19'),(421,400,371,1,0,16,'2015-06-03 20:31:52',NULL,'2015-06-03 20:31:52'),(422,400,371,1,1,16,'2015-06-03 20:32:27',16,'2015-06-03 20:32:31'),(423,401,371,1,0,16,'2015-06-03 20:35:22',NULL,'2015-06-03 20:35:22'),(424,402,371,1,0,16,'2015-06-03 20:39:09',NULL,'2015-06-03 20:39:09'),(425,403,371,1,0,16,'2015-06-03 20:41:55',NULL,'2015-06-03 20:41:55'),(426,404,371,1,0,16,'2015-06-03 20:44:10',NULL,'2015-06-03 20:44:10'),(427,405,371,1,0,16,'2015-06-03 20:47:12',NULL,'2015-06-03 20:47:12'),(428,406,371,1,0,16,'2015-06-03 20:53:57',NULL,'2015-06-03 20:53:57'),(429,407,371,1,0,16,'2015-06-03 21:02:00',NULL,'2015-06-03 21:02:00'),(430,408,371,1,0,16,'2015-06-03 21:04:42',NULL,'2015-06-03 21:04:42'),(431,409,371,1,0,16,'2015-06-03 21:08:48',NULL,'2015-06-03 21:08:48'),(432,410,371,1,0,16,'2015-06-03 21:22:32',NULL,'2015-06-03 21:22:32'),(433,411,371,1,0,16,'2015-06-03 21:28:37',NULL,'2015-06-03 21:28:37'),(434,412,371,1,0,16,'2015-06-03 21:31:15',NULL,'2015-06-03 21:31:15'),(435,413,371,1,0,16,'2015-06-03 21:37:50',NULL,'2015-06-03 21:37:50'),(436,414,371,1,0,16,'2015-06-03 21:42:12',NULL,'2015-06-03 21:42:12'),(437,415,371,1,0,16,'2015-06-03 21:44:32',NULL,'2015-06-03 21:44:32'),(438,416,371,1,0,16,'2015-06-03 21:48:01',NULL,'2015-06-03 21:48:01'),(439,417,371,1,0,16,'2015-06-03 21:51:31',NULL,'2015-06-03 21:51:31'),(440,418,371,1,0,16,'2015-06-03 21:55:03',NULL,'2015-06-03 21:55:03'),(441,419,371,1,0,16,'2015-06-04 13:18:22',NULL,'2015-06-04 13:18:22'),(442,421,420,1,0,16,'2015-06-04 13:35:18',NULL,'2015-06-04 13:35:18'),(443,422,420,1,0,16,'2015-06-04 13:37:31',NULL,'2015-06-04 13:37:31'),(444,423,420,1,0,16,'2015-06-04 13:42:40',NULL,'2015-06-04 13:42:40'),(445,424,328,1,0,16,'2015-06-04 13:48:21',NULL,'2015-06-04 13:48:21'),(446,425,420,1,0,16,'2015-06-04 13:52:15',NULL,'2015-06-04 13:52:15'),(447,426,420,1,0,16,'2015-06-04 13:57:14',NULL,'2015-06-04 13:57:14'),(448,427,420,1,0,16,'2015-06-04 14:00:16',NULL,'2015-06-04 14:00:16'),(449,428,420,1,0,16,'2015-06-04 14:04:28',NULL,'2015-06-04 14:04:28'),(450,429,328,1,0,16,'2015-06-04 14:11:58',NULL,'2015-06-04 14:11:58'),(451,430,420,1,0,16,'2015-06-04 14:16:21',NULL,'2015-06-04 14:16:21'),(452,431,420,1,0,16,'2015-06-04 14:25:42',NULL,'2015-06-04 14:25:42'),(453,432,420,1,0,16,'2015-06-04 14:30:50',NULL,'2015-06-04 14:30:50'),(454,433,420,1,0,16,'2015-06-04 14:35:26',NULL,'2015-06-04 14:35:26'),(455,434,420,1,0,16,'2015-06-04 14:38:14',NULL,'2015-06-04 14:38:14'),(456,435,420,1,0,16,'2015-06-04 14:40:21',NULL,'2015-06-04 14:40:21'),(457,436,420,1,0,16,'2015-06-04 14:43:36',NULL,'2015-06-04 14:43:36'),(458,437,420,1,0,16,'2015-06-04 14:48:21',NULL,'2015-06-04 14:48:21'),(459,438,420,1,0,16,'2015-06-04 15:06:27',NULL,'2015-06-04 15:06:27'),(460,439,420,1,0,16,'2015-06-04 15:13:56',NULL,'2015-06-04 15:13:56'),(461,440,420,1,0,16,'2015-06-04 15:22:24',NULL,'2015-06-04 15:22:24'),(462,441,420,1,0,16,'2015-06-04 15:25:54',NULL,'2015-06-04 15:25:54'),(463,442,420,1,0,16,'2015-06-04 15:28:59',NULL,'2015-06-04 15:28:59'),(464,443,420,1,0,16,'2015-06-04 15:32:57',NULL,'2015-06-04 15:32:57'),(465,444,420,1,0,16,'2015-06-04 15:37:00',NULL,'2015-06-04 15:37:00'),(466,445,420,1,0,16,'2015-06-04 15:41:40',NULL,'2015-06-04 15:41:40'),(467,446,420,1,0,16,'2015-06-04 15:45:58',NULL,'2015-06-04 15:45:58'),(468,447,420,1,0,16,'2015-06-04 15:48:49',NULL,'2015-06-04 15:48:49'),(469,448,420,1,0,16,'2015-06-04 15:53:53',NULL,'2015-06-04 15:53:53'),(470,450,449,1,0,16,'2015-06-04 16:05:49',NULL,'2015-06-04 16:05:49'),(471,451,449,1,0,16,'2015-06-04 16:09:01',NULL,'2015-06-04 16:09:01'),(472,452,449,1,0,16,'2015-06-04 16:13:44',NULL,'2015-06-04 16:13:44'),(473,453,449,1,0,16,'2015-06-04 16:19:15',NULL,'2015-06-04 16:19:15'),(474,454,449,1,0,16,'2015-06-04 16:24:57',NULL,'2015-06-04 16:24:57'),(475,455,244,1,0,16,'2015-06-04 16:29:11',NULL,'2015-06-04 16:29:11'),(476,457,449,1,0,16,'2015-06-04 16:37:29',NULL,'2015-06-04 16:37:29'),(477,458,449,1,0,16,'2015-06-04 16:43:38',NULL,'2015-06-04 16:43:38'),(478,459,449,1,0,16,'2015-06-04 18:01:08',NULL,'2015-06-04 18:01:08'),(479,460,449,1,0,16,'2015-06-04 18:06:25',NULL,'2015-06-04 18:06:25'),(480,461,449,1,0,16,'2015-06-04 18:08:30',NULL,'2015-06-04 18:08:30'),(481,462,449,1,0,16,'2015-06-04 18:11:24',NULL,'2015-06-04 18:11:24'),(482,463,449,1,0,16,'2015-06-04 18:24:31',NULL,'2015-06-04 18:24:31'),(483,465,449,1,0,16,'2015-06-04 18:27:41',NULL,'2015-06-04 18:27:41'),(484,466,449,1,0,16,'2015-06-04 18:32:11',NULL,'2015-06-04 18:32:11'),(485,467,449,1,0,16,'2015-06-04 18:38:14',NULL,'2015-06-04 18:38:14'),(486,468,449,1,0,16,'2015-06-04 18:42:14',NULL,'2015-06-04 18:42:14'),(487,469,449,1,0,16,'2015-06-04 18:48:15',NULL,'2015-06-04 18:48:15'),(488,471,470,1,0,16,'2015-06-04 19:02:29',NULL,'2015-06-04 19:02:29'),(489,472,470,1,0,16,'2015-06-04 19:09:21',NULL,'2015-06-04 19:09:21'),(490,473,470,1,0,16,'2015-06-04 19:13:21',NULL,'2015-06-04 19:13:21'),(491,474,470,1,0,16,'2015-06-04 19:19:05',NULL,'2015-06-04 19:19:05'),(492,475,470,1,0,16,'2015-06-04 19:29:46',NULL,'2015-06-04 19:29:46'),(493,476,470,1,0,16,'2015-06-04 19:46:14',NULL,'2015-06-04 19:46:14'),(494,477,470,1,0,16,'2015-06-04 19:50:55',NULL,'2015-06-04 19:50:55'),(495,478,470,1,0,16,'2015-06-04 19:59:36',NULL,'2015-06-04 19:59:36'),(496,479,470,1,0,16,'2015-06-04 20:05:28',NULL,'2015-06-04 20:05:28'),(497,480,470,1,0,16,'2015-06-04 20:10:42',NULL,'2015-06-04 20:10:42'),(498,481,470,1,0,16,'2015-06-04 20:13:50',NULL,'2015-06-04 20:13:50'),(499,482,470,1,0,16,'2015-06-04 20:15:53',NULL,'2015-06-04 20:15:53'),(500,483,470,1,0,16,'2015-06-04 20:22:34',NULL,'2015-06-04 20:22:34'),(501,484,470,1,0,16,'2015-06-04 20:24:40',NULL,'2015-06-04 20:24:40'),(502,485,470,1,0,16,'2015-06-04 20:26:21',NULL,'2015-06-04 20:26:21'),(503,486,470,1,1,16,'2015-06-04 20:32:18',16,'2015-06-04 20:33:53'),(504,487,486,1,0,16,'2015-06-04 20:36:34',NULL,'2015-06-04 20:36:34'),(505,488,486,1,0,16,'2015-06-04 20:39:00',NULL,'2015-06-04 20:39:00'),(506,489,486,1,0,16,'2015-06-04 20:42:49',NULL,'2015-06-04 20:42:49'),(507,490,486,1,0,16,'2015-06-04 20:45:30',NULL,'2015-06-04 20:45:30'),(508,491,486,1,0,16,'2015-06-04 20:47:56',NULL,'2015-06-04 20:47:56'),(509,492,486,1,0,16,'2015-06-04 20:53:29',NULL,'2015-06-04 20:53:29'),(510,493,486,1,0,16,'2015-06-04 21:02:07',NULL,'2015-06-04 21:02:07'),(511,494,486,1,0,16,'2015-06-04 21:05:09',NULL,'2015-06-04 21:05:09'),(512,495,486,1,0,16,'2015-06-04 21:07:18',NULL,'2015-06-04 21:07:18'),(513,496,486,1,0,16,'2015-06-04 21:10:05',NULL,'2015-06-04 21:10:05'),(514,497,486,1,0,16,'2015-06-04 21:12:12',NULL,'2015-06-04 21:12:12'),(515,498,486,1,0,16,'2015-06-04 21:16:41',NULL,'2015-06-04 21:16:41'),(516,499,486,1,0,16,'2015-06-04 21:19:50',NULL,'2015-06-04 21:19:50'),(517,500,486,1,0,16,'2015-06-04 21:25:06',NULL,'2015-06-04 21:25:06'),(518,501,486,1,0,16,'2015-06-04 21:28:54',NULL,'2015-06-04 21:28:54'),(519,502,486,1,0,16,'2015-06-04 21:37:17',NULL,'2015-06-04 21:37:17'),(520,503,486,1,0,16,'2015-06-04 21:40:28',NULL,'2015-06-04 21:40:28'),(521,504,486,1,0,16,'2015-06-04 21:43:18',NULL,'2015-06-04 21:43:18'),(522,505,486,1,0,16,'2015-06-04 21:52:00',NULL,'2015-06-04 21:52:00'),(523,506,486,1,0,16,'2015-06-04 21:54:20',NULL,'2015-06-04 21:54:20'),(524,507,486,1,0,16,'2015-06-04 21:56:15',NULL,'2015-06-04 21:56:15'),(525,508,486,1,0,16,'2015-06-04 21:58:15',NULL,'2015-06-04 21:58:15'),(526,509,486,1,0,16,'2015-06-04 22:00:10',NULL,'2015-06-04 22:00:10'),(527,510,486,1,0,16,'2015-06-04 22:01:43',NULL,'2015-06-04 22:01:43'),(528,511,486,1,0,16,'2015-06-04 22:03:45',NULL,'2015-06-04 22:03:45'),(529,512,486,1,0,16,'2015-06-04 22:06:10',NULL,'2015-06-04 22:06:10'),(530,513,486,1,0,16,'2015-06-04 22:08:26',NULL,'2015-06-04 22:08:26'),(531,515,514,1,0,16,'2015-06-05 13:22:45',NULL,'2015-06-05 13:22:45'),(532,516,514,1,0,16,'2015-06-05 13:27:59',NULL,'2015-06-05 13:27:59'),(533,517,514,1,0,16,'2015-06-05 13:36:19',NULL,'2015-06-05 13:36:19'),(534,518,514,1,0,16,'2015-06-05 13:39:17',NULL,'2015-06-05 13:39:17'),(535,519,514,1,0,16,'2015-06-05 13:47:14',NULL,'2015-06-05 13:47:14'),(536,520,514,1,0,16,'2015-06-05 13:50:18',NULL,'2015-06-05 13:50:18'),(537,521,514,1,0,16,'2015-06-05 13:57:09',NULL,'2015-06-05 13:57:09'),(538,522,514,1,0,16,'2015-06-05 14:15:57',NULL,'2015-06-05 14:15:57'),(539,523,514,1,0,16,'2015-06-05 14:23:01',NULL,'2015-06-05 14:23:01'),(540,524,514,1,0,16,'2015-06-05 14:27:24',NULL,'2015-06-05 14:27:24'),(541,525,514,1,0,16,'2015-06-05 14:31:31',NULL,'2015-06-05 14:31:31'),(542,526,514,1,0,16,'2015-06-05 14:38:42',NULL,'2015-06-05 14:38:42'),(543,527,514,1,0,16,'2015-06-05 14:58:48',NULL,'2015-06-05 14:58:48'),(544,528,514,1,0,16,'2015-06-05 15:10:07',NULL,'2015-06-05 15:10:07'),(545,529,514,1,0,16,'2015-06-05 15:21:13',NULL,'2015-06-05 15:21:13'),(546,530,514,1,0,16,'2015-06-05 15:27:02',NULL,'2015-06-05 15:27:02'),(547,531,514,1,0,16,'2015-06-05 15:30:07',NULL,'2015-06-05 15:30:07'),(548,532,514,1,0,16,'2015-06-05 15:32:51',NULL,'2015-06-05 15:32:51'),(549,533,514,1,0,16,'2015-06-05 15:35:09',NULL,'2015-06-05 15:35:09'),(550,534,514,1,0,16,'2015-06-05 15:39:10',NULL,'2015-06-05 15:39:10'),(551,535,514,1,0,16,'2015-06-05 15:42:15',NULL,'2015-06-05 15:42:15'),(552,536,514,1,0,16,'2015-06-05 15:47:27',NULL,'2015-06-05 15:47:27'),(553,537,514,1,0,16,'2015-06-05 15:57:45',NULL,'2015-06-05 15:57:45'),(554,538,514,1,0,16,'2015-06-05 16:01:47',NULL,'2015-06-05 16:01:47'),(555,539,514,1,0,16,'2015-06-05 16:12:12',NULL,'2015-06-05 16:12:12'),(556,540,514,1,0,16,'2015-06-05 16:16:07',NULL,'2015-06-05 16:16:07'),(557,541,514,1,0,16,'2015-06-05 16:20:18',NULL,'2015-06-05 16:20:18'),(558,542,514,1,0,16,'2015-06-05 16:25:13',NULL,'2015-06-05 16:25:13'),(559,543,514,1,0,16,'2015-06-05 16:30:50',NULL,'2015-06-05 16:30:50'),(560,544,514,1,0,16,'2015-06-05 16:33:34',NULL,'2015-06-05 16:33:34'),(561,545,514,1,0,16,'2015-06-05 16:38:59',NULL,'2015-06-05 16:38:59'),(562,546,514,1,0,16,'2015-06-05 16:41:22',NULL,'2015-06-05 16:41:22'),(563,547,514,1,0,16,'2015-06-05 16:44:25',NULL,'2015-06-05 16:44:25'),(564,548,514,1,0,16,'2015-06-05 16:50:34',NULL,'2015-06-05 16:50:34'),(565,549,514,1,0,16,'2015-06-05 19:32:42',NULL,'2015-06-05 19:32:42'),(566,550,514,1,0,16,'2015-06-06 14:11:36',NULL,'2015-06-06 14:11:36'),(567,551,514,1,0,16,'2015-06-06 14:27:05',NULL,'2015-06-06 14:27:05'),(568,552,514,1,0,16,'2015-06-06 14:39:29',NULL,'2015-06-06 14:39:29'),(569,553,514,1,0,16,'2015-06-06 14:43:11',NULL,'2015-06-06 14:43:11'),(570,554,514,1,0,16,'2015-06-06 14:49:04',NULL,'2015-06-06 14:49:04'),(571,555,514,1,0,16,'2015-06-06 14:53:14',NULL,'2015-06-06 14:53:14'),(572,557,556,1,0,16,'2015-06-06 15:52:23',NULL,'2015-06-06 15:52:23'),(573,558,556,1,0,16,'2015-06-06 15:55:48',NULL,'2015-06-06 15:55:48'),(574,559,556,1,0,16,'2015-06-06 16:00:34',NULL,'2015-06-06 16:00:34'),(575,560,556,1,0,16,'2015-06-06 16:18:28',NULL,'2015-06-06 16:18:28'),(576,561,556,1,0,16,'2015-06-06 16:23:46',NULL,'2015-06-06 16:23:46'),(577,562,556,1,0,16,'2015-06-06 16:25:52',NULL,'2015-06-06 16:25:52'),(578,563,556,1,0,16,'2015-06-06 16:28:44',NULL,'2015-06-06 16:28:44'),(579,564,556,1,0,16,'2015-06-06 16:30:51',NULL,'2015-06-06 16:30:51'),(580,565,556,1,0,16,'2015-06-06 16:32:34',NULL,'2015-06-06 16:32:34'),(581,107,20,2,0,11,'2015-06-08 13:37:00',NULL,'2015-06-08 13:37:00'),(582,107,17,3,0,11,'2015-06-08 13:37:13',NULL,'2015-06-08 13:37:13'),(583,582,581,1,0,16,'2015-06-09 19:07:26',NULL,'2015-06-09 19:07:26'),(584,583,581,1,0,16,'2015-06-09 19:29:10',NULL,'2015-06-09 19:29:10'),(585,584,581,1,0,16,'2015-06-09 19:32:46',NULL,'2015-06-09 19:32:46'),(586,585,581,1,0,16,'2015-06-09 19:49:18',NULL,'2015-06-09 19:49:18'),(587,586,581,1,0,16,'2015-06-09 20:10:51',NULL,'2015-06-09 20:10:51'),(588,587,581,1,0,16,'2015-06-09 20:31:56',NULL,'2015-06-09 20:31:56'),(589,588,581,1,0,16,'2015-06-09 20:38:03',NULL,'2015-06-09 20:38:03'),(590,589,581,1,0,16,'2015-06-09 20:41:31',NULL,'2015-06-09 20:41:31'),(591,590,581,1,0,16,'2015-06-09 20:44:34',NULL,'2015-06-09 20:44:34'),(592,591,581,1,0,16,'2015-06-09 20:55:03',NULL,'2015-06-09 20:55:03'),(593,592,581,1,0,16,'2015-06-09 21:00:40',NULL,'2015-06-09 21:00:40'),(594,594,581,1,0,16,'2015-06-09 21:09:22',NULL,'2015-06-09 21:09:22'),(595,595,581,1,0,16,'2015-06-09 21:11:38',NULL,'2015-06-09 21:11:38'),(596,596,581,1,0,16,'2015-06-09 21:13:30',NULL,'2015-06-09 21:13:30'),(597,597,581,1,0,16,'2015-06-09 21:16:32',NULL,'2015-06-09 21:16:32'),(598,598,581,1,0,16,'2015-06-09 21:19:56',NULL,'2015-06-09 21:19:56'),(599,599,581,1,0,16,'2015-06-09 21:24:49',NULL,'2015-06-09 21:24:49'),(600,600,581,1,0,16,'2015-06-09 21:28:04',NULL,'2015-06-09 21:28:04'),(601,601,581,1,0,16,'2015-06-09 21:31:54',NULL,'2015-06-09 21:31:54'),(602,602,581,1,0,16,'2015-06-09 21:33:58',NULL,'2015-06-09 21:33:58'),(603,603,581,1,0,16,'2015-06-09 21:36:14',NULL,'2015-06-09 21:36:14'),(604,604,581,1,0,16,'2015-06-09 21:39:57',NULL,'2015-06-09 21:39:57'),(605,605,581,1,0,16,'2015-06-09 21:42:39',NULL,'2015-06-09 21:42:39'),(606,606,581,1,0,16,'2015-06-09 21:46:40',NULL,'2015-06-09 21:46:40'),(607,607,581,1,0,16,'2015-06-09 21:48:41',NULL,'2015-06-09 21:48:41'),(608,608,581,1,0,16,'2015-06-09 21:50:39',NULL,'2015-06-09 21:50:39'),(609,609,581,1,0,16,'2015-06-09 21:52:43',NULL,'2015-06-09 21:52:43'),(610,610,581,1,0,16,'2015-06-10 14:05:17',NULL,'2015-06-10 14:05:17'),(611,611,581,1,0,16,'2015-06-10 14:10:49',NULL,'2015-06-10 14:10:49'),(612,612,420,1,0,16,'2015-06-10 14:17:51',NULL,'2015-06-10 14:17:51'),(613,614,371,1,0,16,'2015-06-10 14:25:52',NULL,'2015-06-10 14:25:52'),(614,615,371,1,0,16,'2015-06-10 14:27:44',NULL,'2015-06-10 14:27:44'),(615,616,371,1,0,16,'2015-06-10 14:31:06',NULL,'2015-06-10 14:31:06'),(616,617,371,1,0,16,'2015-06-10 14:33:30',NULL,'2015-06-10 14:33:30'),(617,618,371,1,0,16,'2015-06-10 14:37:36',NULL,'2015-06-10 14:37:36'),(618,619,371,1,0,16,'2015-06-10 14:41:10',NULL,'2015-06-10 14:41:10'),(619,621,371,1,0,16,'2015-06-10 14:45:27',NULL,'2015-06-10 14:45:27'),(620,622,371,1,0,16,'2015-06-10 14:48:49',NULL,'2015-06-10 14:48:49'),(621,623,371,1,0,16,'2015-06-10 14:52:22',NULL,'2015-06-10 14:52:22'),(622,624,371,1,0,16,'2015-06-10 14:58:46',NULL,'2015-06-10 14:58:46'),(623,625,371,1,0,16,'2015-06-10 15:03:08',NULL,'2015-06-10 15:03:08'),(624,626,371,1,0,16,'2015-06-10 15:05:39',NULL,'2015-06-10 15:05:39'),(625,627,371,1,0,16,'2015-06-10 15:09:40',NULL,'2015-06-10 15:09:40'),(626,628,371,1,0,16,'2015-06-10 15:12:25',NULL,'2015-06-10 15:12:25'),(627,629,371,1,0,16,'2015-06-10 15:16:17',NULL,'2015-06-10 15:16:17'),(628,630,371,1,0,16,'2015-06-10 15:18:09',NULL,'2015-06-10 15:18:09'),(629,631,371,1,0,16,'2015-06-10 15:22:21',NULL,'2015-06-10 15:22:21'),(630,632,371,1,0,16,'2015-06-10 15:24:50',NULL,'2015-06-10 15:24:50'),(631,634,371,1,0,16,'2015-06-10 15:29:03',NULL,'2015-06-10 15:29:03'),(632,635,371,1,0,16,'2015-06-10 15:36:22',NULL,'2015-06-10 15:36:22'),(633,636,371,1,0,16,'2015-06-10 15:40:57',NULL,'2015-06-10 15:40:57'),(634,637,371,1,0,16,'2015-06-10 15:48:32',NULL,'2015-06-10 15:48:32'),(635,638,371,1,0,16,'2015-06-10 15:57:02',NULL,'2015-06-10 15:57:02'),(636,639,371,1,0,16,'2015-06-10 16:07:01',NULL,'2015-06-10 16:07:01'),(637,640,371,1,0,16,'2015-06-10 16:10:12',NULL,'2015-06-10 16:10:12'),(638,641,371,1,0,16,'2015-06-10 16:12:59',NULL,'2015-06-10 16:12:59'),(639,642,371,1,0,16,'2015-06-10 16:15:51',NULL,'2015-06-10 16:15:51'),(640,643,371,1,0,16,'2015-06-10 16:20:24',NULL,'2015-06-10 16:20:24'),(641,644,371,1,0,16,'2015-06-10 16:22:35',NULL,'2015-06-10 16:22:35'),(642,645,371,1,0,16,'2015-06-10 16:25:06',NULL,'2015-06-10 16:25:06'),(643,646,371,1,0,16,'2015-06-10 16:26:45',NULL,'2015-06-10 16:26:45'),(644,647,371,1,0,16,'2015-06-10 17:59:35',NULL,'2015-06-10 17:59:35'),(645,648,371,1,0,16,'2015-06-10 18:04:04',NULL,'2015-06-10 18:04:04'),(646,649,371,1,0,16,'2015-06-10 18:16:24',NULL,'2015-06-10 18:16:24'),(647,650,371,1,0,16,'2015-06-10 18:20:05',NULL,'2015-06-10 18:20:05'),(648,651,371,1,0,16,'2015-06-10 18:23:18',NULL,'2015-06-10 18:23:18'),(649,652,371,1,0,16,'2015-06-10 18:33:26',NULL,'2015-06-10 18:33:26'),(650,653,371,1,0,16,'2015-06-10 18:39:17',NULL,'2015-06-10 18:39:17'),(651,654,371,1,0,16,'2015-06-10 18:44:48',NULL,'2015-06-10 18:44:48'),(652,655,371,1,0,16,'2015-06-10 18:47:15',NULL,'2015-06-10 18:47:15'),(653,656,371,1,0,16,'2015-06-10 18:53:22',NULL,'2015-06-10 18:53:22'),(654,657,371,1,0,16,'2015-06-10 18:58:47',NULL,'2015-06-10 18:58:47'),(655,658,371,1,0,16,'2015-06-10 19:01:26',NULL,'2015-06-10 19:01:26'),(656,659,371,1,0,16,'2015-06-10 19:11:58',NULL,'2015-06-10 19:11:58'),(657,660,371,1,0,16,'2015-06-10 19:20:12',NULL,'2015-06-10 19:20:12'),(658,661,371,1,0,16,'2015-06-10 19:23:13',NULL,'2015-06-10 19:23:13'),(659,662,371,1,0,16,'2015-06-10 19:28:33',NULL,'2015-06-10 19:28:33'),(660,663,371,1,0,16,'2015-06-10 19:30:38',NULL,'2015-06-10 19:30:38'),(661,664,371,1,0,16,'2015-06-10 19:35:45',NULL,'2015-06-10 19:35:45'),(662,665,371,1,0,16,'2015-06-10 19:38:31',NULL,'2015-06-10 19:38:31'),(663,666,371,1,0,16,'2015-06-10 19:43:08',NULL,'2015-06-10 19:43:08'),(664,667,371,1,0,16,'2015-06-10 19:56:24',NULL,'2015-06-10 19:56:24'),(665,668,371,1,0,16,'2015-06-10 20:04:47',NULL,'2015-06-10 20:04:47'),(666,669,371,1,0,16,'2015-06-10 20:21:07',NULL,'2015-06-10 20:21:07'),(667,670,371,1,0,16,'2015-06-10 20:24:47',NULL,'2015-06-10 20:24:47'),(668,671,371,1,0,16,'2015-06-10 20:35:49',NULL,'2015-06-10 20:35:49'),(669,672,371,1,0,16,'2015-06-10 20:41:24',NULL,'2015-06-10 20:41:24'),(670,673,371,1,0,16,'2015-06-10 20:44:22',NULL,'2015-06-10 20:44:22'),(671,674,371,1,0,16,'2015-06-10 20:47:42',NULL,'2015-06-10 20:47:42'),(672,675,371,1,0,16,'2015-06-10 20:52:12',NULL,'2015-06-10 20:52:12'),(673,676,371,1,0,16,'2015-06-10 20:55:56',NULL,'2015-06-10 20:55:56'),(674,677,371,1,0,16,'2015-06-10 21:00:06',NULL,'2015-06-10 21:00:06'),(675,678,371,1,0,16,'2015-06-10 21:02:49',NULL,'2015-06-10 21:02:49'),(676,679,371,1,0,16,'2015-06-10 21:09:35',NULL,'2015-06-10 21:09:35'),(677,680,371,1,0,16,'2015-06-10 21:11:02',NULL,'2015-06-10 21:11:02'),(678,681,371,1,0,16,'2015-06-10 21:19:54',NULL,'2015-06-10 21:19:54'),(679,682,371,1,0,16,'2015-06-10 21:24:16',NULL,'2015-06-10 21:24:16'),(680,683,371,1,0,16,'2015-06-10 21:37:51',NULL,'2015-06-10 21:37:51'),(681,684,371,1,0,16,'2015-06-10 21:40:49',NULL,'2015-06-10 21:40:49'),(682,685,371,1,0,16,'2015-06-11 13:27:25',NULL,'2015-06-11 13:27:25'),(683,686,371,1,0,16,'2015-06-11 13:31:58',NULL,'2015-06-11 13:31:58'),(684,687,371,1,0,16,'2015-06-11 13:37:57',NULL,'2015-06-11 13:37:57');

/*Table structure for table `villages` */

DROP TABLE IF EXISTS `villages`;

CREATE TABLE `villages` (
  `id` smallint(6) NOT NULL AUTO_INCREMENT,
  `en` varchar(50) NOT NULL,
  `kh` varchar(50) DEFAULT NULL,
  `commune_id` int(11) NOT NULL,
  `created_by` int(11) DEFAULT NULL,
  `created_at` datetime DEFAULT NULL,
  `updated_by` int(11) DEFAULT NULL,
  `updated_at` datetime DEFAULT NULL,
  PRIMARY KEY (`id`)
) ENGINE=InnoDB AUTO_INCREMENT=3 DEFAULT CHARSET=utf8;

/*Data for the table `villages` */

insert  into `villages`(`id`,`en`,`kh`,`commune_id`,`created_by`,`created_at`,`updated_by`,`updated_at`) values (1,'ornlong tnout','អន្លង់ត្នោត',1,NULL,NULL,NULL,NULL),(2,'chomka svay','ចំកាស្វាយ',1,NULL,NULL,NULL,NULL);

/*!40101 SET SQL_MODE=@OLD_SQL_MODE */;
/*!40014 SET FOREIGN_KEY_CHECKS=@OLD_FOREIGN_KEY_CHECKS */;
/*!40014 SET UNIQUE_CHECKS=@OLD_UNIQUE_CHECKS */;
/*!40111 SET SQL_NOTES=@OLD_SQL_NOTES */;
